expiry,k,T_k,P0_Tk,MC_mean,MC_stderr,abs_err,rel_err_pct,n_valid,vol_date,pricing_date
1,0,1,0.9646208438185108,0.9690785361365938,0.0006722253860105785,0.0044576923180830175,0.46211859785622805,2815,2024-02-29,2024-02-29
1,1,2,0.9368041117303996,0.955570069186711,0.0035937913882360738,0.018765957456311377,2.0031890574912405,2815,2024-02-29,2024-02-29
1,2,3,0.9138204968620773,0.9468476574032236,0.004959190983623358,0.033027160541146294,3.614184695414101,2815,2024-02-29,2024-02-29
1,3,4,0.8931229991595468,0.9433488749620322,0.0064834890632509325,0.05022587580248539,5.623623605007295,2815,2024-02-29,2024-02-29
1,4,5,0.872254681215085,0.941740649966079,0.008512878526860748,0.069485968750994,7.966247731017885,2815,2024-02-29,2024-02-29
1,5,6,0.8510160787806312,0.9332541182429324,0.01009635460868308,0.08223803946230113,9.663511831660687,2815,2024-02-29,2024-02-29
1,6,7,0.8295530644832392,0.9192532037947655,0.011515896733899272,0.08970013931152632,10.81306828363102,2815,2024-02-29,2024-02-29
1,7,8,0.8079340206422989,0.8992098241844899,0.012309398002917766,0.091275803542191,11.297432860869964,2815,2024-02-29,2024-02-29
1,8,9,0.7862422586249573,0.8777378833247411,0.012802312906214332,0.09149562469978378,11.637077973880285,2815,2024-02-29,2024-02-29
1,9,10,0.7646375894140635,0.8575866011646469,0.0132385791169916,0.09294901175058345,12.155956369057092,2815,2024-02-29,2024-02-29
1,10,11,0.7433376426886681,0.838698319357009,0.013618077476833353,0.09536067666834092,12.82871621076787,2815,2024-02-29,2024-02-29
5,0,5,0.872254681215085,0.7918748933359694,0.0030330399923689656,-0.0803797878791156,-9.215174146975444,2506,2024-02-29,2024-02-29
5,1,6,0.8510160787806312,0.7533170622213329,0.003820541280721206,-0.09769901655929836,-11.480278574675733,2506,2024-02-29,2024-02-29
5,2,7,0.8295530644832392,0.7248492343829265,0.004661645949303494,-0.1047038301003127,-12.621715786866122,2506,2024-02-29,2024-02-29
5,3,8,0.8079340206422989,0.7025342015383287,0.005681080611513976,-0.10539981910397023,-13.045597339765257,2506,2024-02-29,2024-02-29
5,4,9,0.7862422586249573,0.6815644497751022,0.006970472378196934,-0.10467780884985511,-13.313683880706686,2506,2024-02-29,2024-02-29
5,5,10,0.7646375894140635,0.6651877528057376,0.009090751326146982,-0.09944983660832585,-13.006140161711585,2506,2024-02-29,2024-02-29
5,6,11,0.7433376426886681,0.6465029938600624,0.010731980058634074,-0.09683464882860571,-13.027007280077022,2506,2024-02-29,2024-02-29
5,7,12,0.7225696294499839,0.6266180724949115,0.011696402735140382,-0.0959515569550724,-13.279212555350577,2506,2024-02-29,2024-02-29
5,8,13,0.7025283537909259,0.6057421204753538,0.012383890850527471,-0.09678623331557212,-13.776843709339584,2506,2024-02-29,2024-02-29
5,9,14,0.6833527997629232,0.5853290208280443,0.012780240871689122,-0.0980237789348789,-14.344534619436178,2506,2024-02-29,2024-02-29
5,10,15,0.6651204026910145,0.5674904713267691,0.013121556802476356,-0.09762993136424536,-14.678535039557326,2506,2024-02-29,2024-02-29
10,0,10,0.7646375894140635,0.628672761176507,0.005938033320959778,-0.1359648282375565,-17.78160400690547,2388,2024-02-29,2024-02-29
10,1,11,0.7433376426886681,0.5956809108719591,0.006351035358859908,-0.14765673181670902,-19.864019166664487,2388,2024-02-29,2024-02-29
10,2,12,0.7225696294499839,0.5695769642567536,0.007208921608692379,-0.1529926651932303,-21.17341484580351,2388,2024-02-29,2024-02-29
10,3,13,0.7025283537909259,0.5461581306889876,0.007717706023851638,-0.15637022310193838,-22.258208121870982,2388,2024-02-29,2024-02-29
10,4,14,0.6833527997629232,0.5238215318101287,0.008321808120778682,-0.1595312679527945,-23.345374162239615,2388,2024-02-29,2024-02-29
10,5,15,0.6651204026910145,0.5044547439649142,0.00919564928846174,-0.16066565872610028,-24.15587584985548,2388,2024-02-29,2024-02-29
10,6,16,0.6478532858993655,0.4879861494750221,0.010504024118173203,-0.15986713642434341,-24.676441395587275,2388,2024-02-29,2024-02-29
10,7,17,0.6315304276795536,0.4737301945190874,0.012097807296115466,-0.1578002331604662,-24.986956486051692,2388,2024-02-29,2024-02-29
10,8,18,0.6161012244791136,0.45802801096100976,0.012884218967956346,-0.15807321351810388,-25.657019859317405,2388,2024-02-29,2024-02-29
10,9,19,0.6014977428757189,0.44322443784415577,0.013383970660437571,-0.15827330503156312,-26.313200158469332,2388,2024-02-29,2024-02-29
10,10,20,0.5876444437680661,0.4304105867377344,0.013820469731818668,-0.15723385703033171,-26.756631275559105,2388,2024-02-29,2024-02-29
1,0,1,1.0013921417641634,0.9756638833428921,0.0007550251855386452,-0.025728258421271244,-2.569249083175897,2512,2022-03-31,2022-03-31
1,1,2,0.9926065923483621,0.9673166917740859,0.0033515736826429682,-0.02528990057427627,-2.547827182413131,2512,2022-03-31,2022-03-31
1,2,3,0.9792216765956692,0.9663558172433131,0.005271115576968326,-0.012865859352356068,-1.313886289474831,2512,2022-03-31,2022-03-31
1,3,4,0.9656288253914118,0.9749165796251947,0.007667709061916218,0.009287754233782919,0.9618348157759462,2512,2022-03-31,2022-03-31
1,4,5,0.95171624996892,0.9828019165170985,0.0100830546890062,0.03108566654817846,3.266274643224135,2512,2022-03-31,2022-03-31
1,5,6,0.9378459470262251,0.9843200949770835,0.012086592745315896,0.04647414795085836,4.955413850027417,2512,2022-03-31,2022-03-31
1,6,7,0.9243358595719888,0.9798070839908788,0.013885979123749666,0.055471224418889964,6.001197924375211,2512,2022-03-31,2022-03-31
1,7,8,0.9112399729382761,0.9687944986717028,0.015095835819494577,0.057554525733426676,6.31606683669102,2512,2022-03-31,2022-03-31
1,8,9,0.8984841899289965,0.9536149992198625,0.015908647040182366,0.055130809290866,6.135979899125744,2512,2022-03-31,2022-03-31
1,9,10,0.8859952664497518,0.9372576446646531,0.01644901368875606,0.051262378214901316,5.78585238048883,2512,2022-03-31,2022-03-31
1,10,11,0.8737481575720739,0.9211621335842382,0.01685478986216707,0.04741397601216424,5.4265036900238774,2512,2022-03-31,2022-03-31
5,0,5,0.95171624996892,0.8109380797466696,0.0032482486964717666,-0.14077817022225037,-14.792031787504703,2412,2022-03-31,2022-03-31
5,1,6,0.9378459470262251,0.7752128668671767,0.004444194003926854,-0.16263308015904843,-17.341129497305456,2412,2022-03-31,2022-03-31
5,2,7,0.9243358595719888,0.7503666688236834,0.005645667086299885,-0.1739691907483054,-18.82099335936846,2412,2022-03-31,2022-03-31
5,3,8,0.9112399729382761,0.728157905660643,0.006784184467333571,-0.1830820672776331,-20.091531617877607,2412,2022-03-31,2022-03-31
5,4,9,0.8984841899289965,0.7063937848355165,0.007881818537515295,-0.19209040509347997,-21.379386220325156,2412,2022-03-31,2022-03-31
5,5,10,0.8859952664497518,0.684140183170628,0.008978796663178669,-0.20185508327912383,-22.782862496316937,2412,2022-03-31,2022-03-31
5,6,11,0.8737481575720739,0.6624822701625801,0.01007515753956495,-0.2112658874094938,-24.179265567385972,2412,2022-03-31,2022-03-31
5,7,12,0.861762306377572,0.6429465475624268,0.011185722792123766,-0.21881575881514526,-25.391660460868827,2412,2022-03-31,2022-03-31
5,8,13,0.850081117079043,0.6250800078003642,0.012195467190936523,-0.22500110927867878,-26.46819282985644,2412,2022-03-31,2022-03-31
5,9,14,0.8387524428293774,0.606891837756434,0.012894883990684397,-0.23186060507294348,-27.64350876771271,2412,2022-03-31,2022-03-31
5,10,15,0.8278158626281772,0.5902914712451612,0.013458598570923633,-0.23752439138301595,-28.692901659182475,2412,2022-03-31,2022-03-31
10,0,10,0.8859952664497518,0.6500695570685248,0.006319781925055635,-0.23592570938122703,-26.628326167768222,2283,2022-03-31,2022-03-31
10,1,11,0.8737481575720739,0.6154838185581586,0.006696447211429163,-0.2582643390139153,-29.558212715614403,2283,2022-03-31,2022-03-31
10,2,12,0.861762306377572,0.5918157156271316,0.007611527997524294,-0.26994659075044036,-31.32494758156272,2283,2022-03-31,2022-03-31
10,3,13,0.850081117079043,0.5710484754861135,0.008478374662841787,-0.2790326415929295,-32.82423712124219,2283,2022-03-31,2022-03-31
10,4,14,0.8387524428293774,0.5480224456030239,0.009092024880650544,-0.2907299972263535,-34.66219379887935,2283,2022-03-31,2022-03-31
10,5,15,0.8278158626281772,0.5239350309150892,0.009608133077315744,-0.303880831713088,-36.708747129864975,2283,2022-03-31,2022-03-31
10,6,16,0.8172967596719249,0.5014175729838501,0.01013854395097349,-0.3158791866880748,-38.649264535793996,2283,2022-03-31,2022-03-31
10,7,17,0.8072052793425364,0.4822018790845057,0.01076476578283653,-0.3250034002580307,-40.26279418325211,2283,2022-03-31,2022-03-31
10,8,18,0.797538088827859,0.4668807043181494,0.011476603728666934,-0.33065738450970966,-41.45976087432721,2283,2022-03-31,2022-03-31
10,9,19,0.7882813409261779,0.4540923526599292,0.012268761335953993,-0.33418898826624865,-42.39463385922581,2283,2022-03-31,2022-03-31
10,10,20,0.7794138270281014,0.4405614214621424,0.012808155240817241,-0.33885240556595897,-43.47528794273518,2283,2022-03-31,2022-03-31
1,0,1,1.0015475342528222,0.9795895266293813,0.0008285592185643744,-0.02195800762344091,-2.192407935967023,2389,2020-04-30,2020-04-30
1,1,2,1.0050518324194435,0.9730647193448574,0.0033052131369664495,-0.031987113074586127,-3.182633177990842,2389,2020-04-30,2020-04-30
1,2,3,1.010796282161096,0.976274335977888,0.006449956706715377,-0.03452194618320803,-3.4153218400645127,2389,2020-04-30,2020-04-30
1,3,4,1.0133722077583975,0.9764194977543359,0.007567743211007779,-0.03695271000406164,-3.6465091228228843,2389,2020-04-30,2020-04-30
1,4,5,1.0136212140454453,0.9822010524163365,0.009439652964862355,-0.03142016162910877,-3.0997932160188646,2389,2020-04-30,2020-04-30
1,5,6,1.0127281979038878,0.9817654921243706,0.011212014829254453,-0.030962705779517208,-3.0573559464032716,2389,2020-04-30,2020-04-30
1,6,7,1.011277196837552,0.9732961345896193,0.01262145226720994,-0.03798106224793274,-3.75575187166352,2389,2020-04-30,2020-04-30
1,7,8,1.0095394433581777,0.9593117954804475,0.013797407324631496,-0.05022764787773015,-4.9753031650403505,2389,2020-04-30,2020-04-30
1,8,9,1.0076372126174467,0.9404074145409186,0.014410427969059869,-0.06722979807652807,-6.672024140701533,2389,2020-04-30,2020-04-30
1,9,10,1.005623081608769,0.920820694735579,0.01478653780182262,-0.08480238687318997,-8.432820250856352,2389,2020-04-30,2020-04-30
1,10,11,1.0035204712887542,0.903047099386694,0.01510607226893434,-0.10047337190206018,-10.012089915119414,2389,2020-04-30,2020-04-30
5,0,5,1.0136212140454453,0.8167718370009414,0.003323268086072884,-0.1968493770445039,-19.4204081679449,2341,2020-04-30,2020-04-30
5,1,6,1.0127281979038878,0.7776863467725084,0.004036131466727974,-0.23504185113137943,-23.208779178644527,2341,2020-04-30,2020-04-30
5,2,7,1.011277196837552,0.752480619440888,0.0064293647456223615,-0.25879657739666406,-25.591062292907235,2341,2020-04-30,2020-04-30
5,3,8,1.0095394433581777,0.7332870807279624,0.00819558869340437,-0.27625236263021524,-27.3641970551717,2341,2020-04-30,2020-04-30
5,4,9,1.0076372126174467,0.712171244620562,0.009666989062945225,-0.2954659679968846,-29.32265346070138,2341,2020-04-30,2020-04-30
5,5,10,1.005623081608769,0.690473008901828,0.010857038813775139,-0.31515007270694106,-31.338786715473194,2341,2020-04-30,2020-04-30
5,6,11,1.0035204712887542,0.6726131090776777,0.01240868760819407,-0.33090736221107653,-32.9746499128328,2341,2020-04-30,2020-04-30
5,7,12,1.001343275481812,0.6532312251408237,0.01356962156248336,-0.34811205034098824,-34.76450672457842,2341,2020-04-30,2020-04-30
5,8,13,0.9991041087498131,0.6334750936836555,0.014454447252560074,-0.36562901506615764,-36.59568726262893,2341,2020-04-30,2020-04-30
5,9,14,0.9968169207265697,0.6124785489340436,0.014808017730527853,-0.38433837179252606,-38.5565657846564,2341,2020-04-30,2020-04-30
5,10,15,0.994497164084321,0.5937329983919314,0.015134534479746093,-0.4007641656923896,-40.29817079080276,2341,2020-04-30,2020-04-30
10,0,10,1.005623081608769,0.6689217078736496,0.006666203697868469,-0.33670137373511944,-33.481866107972934,2299,2020-04-30,2020-04-30
10,1,11,1.0035204712887542,0.6368901847115324,0.007216352015818961,-0.36663028657722185,-36.534410315156116,2299,2020-04-30,2020-04-30
10,2,12,1.001343275481812,0.6144315604301759,0.008488295203409001,-0.386911715051636,-38.63926832338964,2299,2020-04-30,2020-04-30
10,3,13,0.9991041087498131,0.5908016931381234,0.00902818271914226,-0.4083024156116898,-40.86685381792712,2299,2020-04-30,2020-04-30
10,4,14,0.9968169207265697,0.5700291988372393,0.009918386043884533,-0.42678772188933034,-42.81505590597811,2299,2020-04-30,2020-04-30
10,5,15,0.994497164084321,0.548656056492205,0.010627628127406858,-0.44584110759211604,-44.83080733594875,2299,2020-04-30,2020-04-30
10,6,16,0.9921610953170551,0.528733769330616,0.011428628203494043,-0.4634273259864391,-46.70887904935904,2299,2020-04-30,2020-04-30
10,7,17,0.9898249092051254,0.5153992013718328,0.012918988907613586,-0.47442570783329263,-47.93026558750458,2299,2020-04-30,2020-04-30
10,8,18,0.9875039784848476,0.49865440059257016,0.01361957350175434,-0.48884957789227745,-49.50355528109687,2299,2020-04-30,2020-04-30
10,9,19,0.9852122790293126,0.48260738554333676,0.013970818391171666,-0.5026048934859759,-51.01488320681214,2299,2020-04-30,2020-04-30
10,10,20,0.9829620038875035,0.468956029889048,0.014371602624243028,-0.5140059739984555,-52.29154046297009,2299,2020-04-30,2020-04-30
1,0,1,1.002551931161846,0.9773617722696127,0.0008008591712470159,-0.025190158892233305,-2.5126038970410955,2473,2018-05-31,2018-05-31
1,1,2,1.0014274826899034,0.9751080021692405,0.004371240500966448,-0.026319480520662908,-2.6281963472748884,2473,2018-05-31,2018-05-31
1,2,3,0.9996102396811751,0.9763925653119625,0.007202073597885542,-0.023217674369212626,-2.322672722582142,2473,2018-05-31,2018-05-31
1,3,4,0.9946818366821156,0.9764151869459673,0.008066840661549949,-0.018266649736148333,-1.836431415806184,2473,2018-05-31,2018-05-31
1,4,5,0.9860167040574402,0.9825793041161168,0.009750626021269535,-0.0034373999413234158,-0.3486147777394216,2473,2018-05-31,2018-05-31
1,5,6,0.974454303253675,0.9868866959924518,0.011732919883886172,0.012432392738776832,1.275831272668757,2473,2018-05-31,2018-05-31
1,6,7,0.9609719719698933,0.9787627676736247,0.013215483344239687,0.017790795703731432,1.851333464727607,2473,2018-05-31,2018-05-31
1,7,8,0.9463143206030502,0.9621248640499609,0.014241728724396635,0.015810543446910685,1.6707496761578358,2473,2018-05-31,2018-05-31
1,8,9,0.9309270551736993,0.9434358159683569,0.014903392880250712,0.01250876079465757,1.343688608590669,2473,2018-05-31,2018-05-31
1,9,10,0.9150399353944475,0.9251417673262743,0.015423684389288945,0.010101831931826788,1.103977164392522,2473,2018-05-31,2018-05-31
1,10,11,0.898776094949872,0.9082429214901632,0.015906649552367647,0.009466826540291184,1.053301995178141,2473,2018-05-31,2018-05-31
5,0,5,0.9860167040574402,0.8119360757687197,0.003231513082133671,-0.1740806282887205,-17.654937038326228,2388,2018-05-31,2018-05-31
5,1,6,0.974454303253675,0.7745839370044071,0.003949662633332128,-0.1998703662492679,-20.51100452652387,2388,2018-05-31,2018-05-31
5,2,7,0.9609719719698933,0.7494420624138266,0.005527140002165221,-0.21152990955606665,-22.012078991487357,2388,2018-05-31,2018-05-31
5,3,8,0.9463143206030502,0.7295719394432639,0.00680153055977396,-0.21674238115978628,-22.90384668612693,2388,2018-05-31,2018-05-31
5,4,9,0.9309270551736993,0.7112036584086205,0.008410011455201817,-0.2197233967650788,-23.602643788678066,2388,2018-05-31,2018-05-31
5,5,10,0.9150399353944475,0.6925668841932938,0.009783580703609854,-0.22247305120115368,-24.31293352297809,2388,2018-05-31,2018-05-31
5,6,11,0.898776094949872,0.673079899428383,0.010975568330083509,-0.225696195521489,-25.111504054196825,2388,2018-05-31,2018-05-31
5,7,12,0.8822271521545431,0.6565043885407992,0.012440710778572664,-0.22572276361374388,-25.585560709902428,2388,2018-05-31,2018-05-31
5,8,13,0.8654882975663812,0.6357532246887029,0.013174014758811038,-0.22973507287767836,-26.543983728452222,2388,2018-05-31,2018-05-31
5,9,14,0.8486670651309394,0.6161170002991395,0.01374115897916442,-0.23255006483179985,-27.401801529309978,2388,2018-05-31,2018-05-31
5,10,15,0.8318794325996463,0.5983868638467396,0.014209556111218255,-0.2334925687529067,-28.068078089541892,2388,2018-05-31,2018-05-31
10,0,10,0.9150399353944475,0.6550748881108379,0.006374478228685906,-0.2599650472836096,-28.410240605678712,2298,2018-05-31,2018-05-31
10,1,11,0.898776094949872,0.6203076204018744,0.006706848382530441,-0.2784684745479976,-30.983075330183187,2298,2018-05-31,2018-05-31
10,2,12,0.8822271521545431,0.5961999893232087,0.007653727586918935,-0.28602716283133434,-32.42103375902784,2298,2018-05-31,2018-05-31
10,3,13,0.8654882975663812,0.5740964136794512,0.00878749990585222,-0.29139188388693005,-33.66791725622158,2298,2018-05-31,2018-05-31
10,4,14,0.8486670651309394,0.5522395632192804,0.009520118423282969,-0.296427501911659,-34.92859733703979,2298,2018-05-31,2018-05-31
10,5,15,0.8318794325996463,0.5312902864840758,0.010272634833435244,-0.3005891461155704,-36.13373937809966,2298,2018-05-31,2018-05-31
10,6,16,0.8152419009213383,0.5111340852690655,0.011104753520136621,-0.30410781565227285,-37.302770540693274,2298,2018-05-31,2018-05-31
10,7,17,0.7988638926831366,0.4931697440711986,0.01203542981460541,-0.305694148611938,-38.266111588196324,2298,2018-05-31,2018-05-31
10,8,18,0.7828421524943332,0.4780436897612193,0.01288517529822176,-0.3047984627331139,-38.934855738407656,2298,2018-05-31,2018-05-31
10,9,19,0.767257450474544,0.46165357766644294,0.01337154235181497,-0.30560387280810103,-39.830681685669774,2298,2018-05-31,2018-05-31
10,10,20,0.7521732804909776,0.446413228870966,0.013691488445622969,-0.30576005162001163,-40.65021445861892,2298,2018-05-31,2018-05-31
1,0,1,1.0025791360145697,0.9784190276978628,0.0008153590792767496,-0.024160108316706896,-2.4097956409453745,2432,2016-07-29,2016-07-29
1,1,2,1.0043688204647299,0.9765749879839088,0.0046353162463499365,-0.027793832480821012,-2.767293439870084,2432,2016-07-29,2016-07-29
1,2,3,1.0065311414251672,0.9764066767380314,0.006329394159259083,-0.03012446468713581,-2.992899419334606,2432,2016-07-29,2016-07-29
1,3,4,1.0056463582649862,0.9796391984830927,0.0077839495272633554,-0.026007159781893496,-2.586113852862047,2432,2016-07-29,2016-07-29
1,4,5,1.0020857618272137,0.9904573406203449,0.01045887806509489,-0.0116284212068688,-1.1604217572820728,2432,2016-07-29,2016-07-29
1,5,6,0.9967096013767615,0.9886348031980895,0.012119218731189494,-0.00807479817867196,-0.81014551956941,2432,2016-07-29,2016-07-29
1,6,7,0.9901313848301578,0.9802062568773277,0.013621197751686007,-0.009925127952830182,-1.002405145912296,2432,2016-07-29,2016-07-29
1,7,8,0.9827585014282062,0.9668190823024873,0.014865826588513759,-0.015939419125718945,-1.621906002599294,2432,2016-07-29,2016-07-29
1,8,9,0.9748288057947142,0.9502036750031768,0.015651110763331755,-0.024625130791537386,-2.5260979820412803,2432,2016-07-29,2016-07-29
1,9,10,0.966464604784624,0.9322151905189701,0.016216843873620306,-0.03424941426565398,-3.5437836105013316,2432,2016-07-29,2016-07-29
1,10,11,0.957729147589172,0.9151328885576108,0.016648607652289253,-0.04259625903156128,-4.447631059239035,2432,2016-07-29,2016-07-29
5,0,5,1.0020857618272137,0.8157188636013407,0.0033134417499661906,-0.18636689822587293,-18.597899034714313,2368,2016-07-29,2016-07-29
5,1,6,0.9967096013767615,0.7775856271426533,0.004279718338681369,-0.21912397423410812,-21.98473596837341,2368,2016-07-29,2016-07-29
5,2,7,0.9901313848301578,0.7516411226974997,0.005797602884949235,-0.23849026213265812,-24.086728871195973,2368,2016-07-29,2016-07-29
5,3,8,0.9827585014282062,0.7276063964920817,0.006718235902647034,-0.2551521049361245,-25.962848916119423,2368,2016-07-29,2016-07-29
5,4,9,0.9748288057947142,0.7051259339830699,0.007801583329196828,-0.2697028718116443,-27.66669082903979,2368,2016-07-29,2016-07-29
5,5,10,0.966464604784624,0.6842653524598419,0.009197763976850909,-0.28219925232478216,-29.199129582988718,2368,2016-07-29,2016-07-29
5,6,11,0.957729147589172,0.6632406589923513,0.01037679371324553,-0.29448848859682075,-30.748619203886303,2368,2016-07-29,2016-07-29
5,7,12,0.9486664879392124,0.6407877546625808,0.011277873888955948,-0.3078787332766316,-32.45384307244124,2368,2016-07-29,2016-07-29
5,8,13,0.939322208691422,0.6209225289268088,0.012190947814315288,-0.31839967976461325,-33.89674776328121,2368,2016-07-29,2016-07-29
5,9,14,0.9297506824887096,0.6030706123738675,0.013232883353096903,-0.3266800701148421,-35.136308718849385,2368,2016-07-29,2016-07-29
5,10,15,0.9200150140799294,0.5868193984683727,0.014051552221178657,-0.33319561561155664,-36.21632370258353,2368,2016-07-29,2016-07-29
10,0,10,0.966464604784624,0.66159974432496,0.006408420392800502,-0.304864860459664,-31.54433788370376,2307,2016-07-29,2016-07-29
10,1,11,0.957729147589172,0.6266851958170764,0.006794338393401607,-0.33104395177209567,-34.56550869370642,2307,2016-07-29,2016-07-29
10,2,12,0.9486664879392124,0.6042215005508911,0.008474113750656159,-0.3444449873883213,-36.30833298818839,2307,2016-07-29,2016-07-29
10,3,13,0.939322208691422,0.5814178592058838,0.00920756977156383,-0.3579043494855382,-38.10240470989586,2307,2016-07-29,2016-07-29
10,4,14,0.9297506824887096,0.5597951607761454,0.009768143567361207,-0.3699555217125642,-39.79083088406948,2307,2016-07-29,2016-07-29
10,5,15,0.9200150140799294,0.5406442329153044,0.010615736307562644,-0.37937078116462497,-41.23528152896707,2307,2016-07-29,2016-07-29
10,6,16,0.9101838539447799,0.5206119584566814,0.011375288287690449,-0.38957189548809845,-42.80145091562275,2307,2016-07-29,2016-07-29
10,7,17,0.9003274119895049,0.5042285549858665,0.012344066206768109,-0.39609885700363845,-43.99497912968752,2307,2016-07-29,2016-07-29
10,8,18,0.8905137873974194,0.48746696056559496,0.012949117283955565,-0.4030468268318244,-45.26003218992861,2307,2016-07-29,2016-07-29
10,9,19,0.8808060560974712,0.4713793522642838,0.013365883858815784,-0.4094267038331874,-46.483184464830664,2307,2016-07-29,2016-07-29
10,10,20,0.8712602166480155,0.45537603047424974,0.013540531917733925,-0.4158841861737657,-47.73363665952634,2307,2016-07-29,2016-07-29
1,0,1,0.9972412805205971,0.9764747173573128,0.0007770198473804784,-0.02076656316328429,-2.082401076742769,2504,2014-08-29,2014-08-29
1,1,2,0.9943240061691309,0.9728855689446676,0.004786478994800381,-0.021438437224463258,-2.1560816284683626,2504,2014-08-29,2014-08-29
1,2,3,0.9915800094567471,0.9727221289463762,0.006967419676365959,-0.01885788051037085,-1.9018011991490673,2504,2014-08-29,2014-08-29
1,3,4,0.9856447654210411,0.9759452775941044,0.008569270832141072,-0.009699487826936637,-0.984075416135678,2504,2014-08-29,2014-08-29
1,4,5,0.9757132474082807,0.9804115536661602,0.010493766547498076,0.004698306257879481,0.4815253119048312,2504,2014-08-29,2014-08-29
1,5,6,0.9626544376530981,0.9787414329523381,0.012330804841613606,0.01608699529923996,1.6711079978459586,2504,2014-08-29,2014-08-29
1,6,7,0.9475161548750818,0.9703498103558297,0.013766168249948365,0.022833655480747894,2.409843395626139,2504,2014-08-29,2014-08-29
1,7,8,0.9310950024796789,0.9538536569347781,0.014645359522279196,0.02275865445509917,2.444289185796148,2504,2014-08-29,2014-08-29
1,8,9,0.9138670885869901,0.9341315909037099,0.015108162054631601,0.020264502316719835,2.217445246666291,2504,2014-08-29,2014-08-29
1,9,10,0.896082054620916,0.9150035270068186,0.015466144448617773,0.018921472385902693,2.1115780958148247,2504,2014-08-29,2014-08-29
1,10,11,0.8778806407135874,0.897431710813485,0.015825169526344152,0.01955107009989765,2.227076118685738,2504,2014-08-29,2014-08-29
5,0,5,0.9757132474082807,0.8084248386408386,0.003213432164196566,-0.1672884087674421,-17.145243155383888,2384,2014-08-29,2014-08-29
5,1,6,0.9626544376530981,0.7694321203196522,0.003824056488144143,-0.19322231733344586,-20.071825337917925,2384,2014-08-29,2014-08-29
5,2,7,0.9475161548750818,0.7427613379728834,0.005146278725337406,-0.20475481690219843,-21.609638616577765,2384,2014-08-29,2014-08-29
5,3,8,0.9310950024796789,0.7235761259827771,0.007414046666644063,-0.20751887649690182,-22.28761575824599,2384,2014-08-29,2014-08-29
5,4,9,0.9138670885869901,0.6999747940092056,0.008215089165551368,-0.21389229457778447,-23.405186295580695,2384,2014-08-29,2014-08-29
5,5,10,0.896082054620916,0.6769016076767639,0.008840910827510633,-0.21918044694415206,-24.459863448205702,2384,2014-08-29,2014-08-29
5,6,11,0.8778806407135874,0.6561954753916396,0.010178078523037759,-0.22168516532194782,-25.252312790694475,2384,2014-08-29,2014-08-29
5,7,12,0.8593729270910346,0.6359119085203125,0.011625590708023768,-0.2234610185707221,-26.002799428082348,2384,2014-08-29,2014-08-29
5,8,13,0.8406733941569038,0.6142316677144912,0.012339915034284754,-0.22644172644241256,-26.935755076382176,2384,2014-08-29,2014-08-29
5,9,14,0.8219084421761146,0.592337968897085,0.012594572488073033,-0.22957047327902957,-27.93139253700941,2384,2014-08-29,2014-08-29
5,10,15,0.8032111405102391,0.5722965636088078,0.012789386417166915,-0.23091457690143136,-28.748926061302274,2384,2014-08-29,2014-08-29
10,0,10,0.896082054620916,0.6569153109574062,0.006452622766403463,-0.23916674366350976,-26.69027266310877,2327,2014-08-29,2014-08-29
10,1,11,0.8778806407135874,0.622758806419934,0.006845062877612244,-0.2551218342936534,-29.06110722367417,2327,2014-08-29,2014-08-29
10,2,12,0.8593729270910346,0.59863634803289,0.007661550554437503,-0.2607365790581446,-30.340329656501318,2327,2014-08-29,2014-08-29
10,3,13,0.8406733941569038,0.578020634300403,0.00878954130820398,-0.26265275985650083,-31.243139331168027,2327,2014-08-29,2014-08-29
10,4,14,0.8219084421761146,0.5570379178039983,0.009510208851728891,-0.26487052437211633,-32.226281028436155,2327,2014-08-29,2014-08-29
10,5,15,0.8032111405102391,0.5387873659894498,0.010526234195865897,-0.26442377452078936,-32.92083005133799,2327,2014-08-29,2014-08-29
10,6,16,0.7847123461893486,0.5206623277547694,0.01146170001260208,-0.2640500184345792,-33.6492753958614,2327,2014-08-29,2014-08-29
10,7,17,0.7665326509967272,0.5058972206015188,0.012663072863557667,-0.2606354303952084,-34.00186933411154,2327,2014-08-29,2014-08-29
10,8,18,0.7487767751081796,0.49315849854878424,0.014177584580965281,-0.2556182765593954,-34.13811499728539,2327,2014-08-29,2014-08-29
10,9,19,0.7315305742653208,0.4781960623463756,0.01455640293221078,-0.2533345119189451,-34.630748301035815,2327,2014-08-29,2014-08-29
10,10,20,0.7148602125495638,0.4640598340944199,0.014691046507630767,-0.25080037845514386,-35.08383514039187,2327,2014-08-29,2014-08-29
1,0,1,0.9961566354249675,0.975180015405154,0.0007629494892850447,-0.020976620019813486,-2.105755186870257,2567,2012-09-28,2012-09-28
1,1,2,0.9899893465468453,0.9647139007069282,0.00252822909567163,-0.025275445839917143,-2.5531028114675913,2567,2012-09-28,2012-09-28
1,2,3,0.9821491891686357,0.9600479868108514,0.004079690371934218,-0.022101202357784344,-2.250289732101948,2567,2012-09-28,2012-09-28
1,3,4,0.9707186280454394,0.9645319704358218,0.006186983320227952,-0.006186657609617563,-0.6373275870964294,2567,2012-09-28,2012-09-28
1,4,5,0.9545612191807823,0.9695857307197088,0.00878054566123095,0.015024511538926477,1.5739704522901865,2567,2012-09-28,2012-09-28
1,5,6,0.9347257834819394,0.970438799476599,0.010968111359416874,0.03571301599465959,3.820694435284039,2567,2012-09-28,2012-09-28
1,6,7,0.9126672845416554,0.9722491040832167,0.013492870544557624,0.05958181954156139,6.528317663044488,2567,2012-09-28,2012-09-28
1,7,8,0.8894700967190848,0.9608713151136778,0.01506425778378509,0.07140121839459301,8.02738829084472,2567,2012-09-28,2012-09-28
1,8,9,0.8657439275605278,0.9445655452949564,0.01587375822624923,0.07882161773442864,9.104495593348286,2567,2012-09-28,2012-09-28
1,9,10,0.8417898899582884,0.9267448957799971,0.01635206178543923,0.08495500582170867,10.092186522449003,2567,2012-09-28,2012-09-28
1,10,11,0.8177770560170561,0.909841755466587,0.016742247643878584,0.09206469944953088,11.257921553574466,2567,2012-09-28,2012-09-28
5,0,5,0.9545612191807823,0.8072807305127487,0.0032422772437018387,-0.14728048866803356,-15.429129709923867,2397,2012-09-28,2012-09-28
5,1,6,0.9347257834819394,0.7691677033625814,0.004018172711833497,-0.1655580801193579,-17.711941089571624,2397,2012-09-28,2012-09-28
5,2,7,0.9126672845416554,0.7454514231773641,0.005585567712723502,-0.16721586136429123,-18.321667073699,2397,2012-09-28,2012-09-28
5,3,8,0.8894700967190848,0.725371043082657,0.007249338890825879,-0.16409905363642785,-18.449080440334818,2397,2012-09-28,2012-09-28
5,4,9,0.8657439275605278,0.7038964771773465,0.008251094567663443,-0.16184745038318127,-18.694609945371617,2397,2012-09-28,2012-09-28
5,5,10,0.8417898899582884,0.6817589907368975,0.009077990272834789,-0.1600308992213909,-19.01078893087212,2397,2012-09-28,2012-09-28
5,6,11,0.8177770560170561,0.6614836051807376,0.010387481113170182,-0.15629345083631851,-19.111987758318662,2397,2012-09-28,2012-09-28
5,7,12,0.7938445304623547,0.6421177705066593,0.011947474669255165,-0.1517267599556954,-19.11290613381514,2397,2012-09-28,2012-09-28
5,8,13,0.7701379528787019,0.6217620722533257,0.012826869405694786,-0.1483758806253762,-19.266143172240945,2397,2012-09-28,2012-09-28
5,9,14,0.746810368071174,0.6007489651084831,0.013242759506993954,-0.14606140296269088,-19.558030955024268,2397,2012-09-28,2012-09-28
5,10,15,0.7240103447710897,0.581625031768584,0.01357449344635604,-0.14238531300250568,-19.666198698793956,2397,2012-09-28,2012-09-28
10,0,10,0.8417898899582884,0.6464961516705711,0.006159662635350893,-0.19529373828771734,-23.199819885861825,2326,2012-09-28,2012-09-28
10,1,11,0.8177770560170561,0.6118258125708492,0.006459834289938445,-0.20595124344620686,-25.184277540052605,2326,2012-09-28,2012-09-28
10,2,12,0.7938445304623547,0.5906455326660431,0.00808284526474647,-0.20319899779631156,-25.596825322706884,2326,2012-09-28,2012-09-28
10,3,13,0.7701379528787019,0.5680613374249218,0.008856578312485276,-0.20207661545378008,-26.239015321662446,2326,2012-09-28,2012-09-28
10,4,14,0.746810368071174,0.5474472515563796,0.009644224637873828,-0.19936311651479433,-26.695279690572566,2326,2012-09-28,2012-09-28
10,5,15,0.7240103447710897,0.5266897814171982,0.010409433931891074,-0.19732056335389148,-27.25383204521453,2326,2012-09-28,2012-09-28
10,6,16,0.7018695181784902,0.5076842052859188,0.011476170455568839,-0.19418531289257135,-27.66686796664515,2326,2012-09-28,2012-09-28
10,7,17,0.680494272315925,0.49026470185319937,0.012588800598802394,-0.1902295704627256,-27.954617430550535,2326,2012-09-28,2012-09-28
10,8,18,0.6599622898649395,0.4772625502445316,0.013918921231743675,-0.18269973962040792,-27.68336046257994,2326,2012-09-28,2012-09-28
10,9,19,0.6403230045166938,0.46455967381117214,0.014978255717871466,-0.17576333070552164,-27.44916697756083,2326,2012-09-28,2012-09-28
10,10,20,0.6216005516467313,0.4497966120280038,0.014985070652382219,-0.17180393961872753,-27.638961896605156,2326,2012-09-28,2012-09-28
1,0,1,0.9861379883011341,0.9703038331337975,0.0006999681972355223,-0.01583415516733655,-1.6056733799105323,2683,2010-10-29,2010-10-29
1,1,2,0.9689389540471615,0.9551363240000036,0.0029066393994746204,-0.013802630047157871,-1.4245097680824639,2683,2010-10-29,2010-10-29
1,2,3,0.9465715801739213,0.944134387741551,0.003868152288789572,-0.002437192432370283,-0.2574757665894087,2683,2010-10-29,2010-10-29
1,3,4,0.9217277297796017,0.9439486972970763,0.005895065539870402,0.0222209675174746,2.4107951621231956,2683,2010-10-29,2010-10-29
1,4,5,0.8948326492509215,0.9477611025013721,0.008321257597572723,0.05292845325045059,5.914899651321153,2683,2010-10-29,2010-10-29
1,5,6,0.8669884798859102,0.946132415718161,0.010681669382642353,0.07914393583225077,9.128602936300327,2683,2010-10-29,2010-10-29
1,6,7,0.8390277210247709,0.9354684117464003,0.01235405606868678,0.09644069072162942,11.494339019435351,2683,2010-10-29,2010-10-29
1,7,8,0.8112738091934599,0.9180302722444125,0.013258010053912257,0.10675646305095254,13.159116175226474,2683,2010-10-29,2010-10-29
1,8,9,0.7838015502274174,0.8980902308985648,0.013734953037582655,0.11428868067114739,14.581328735314049,2683,2010-10-29,2010-10-29
1,9,10,0.7566644070716244,0.878872628803207,0.014095905061453643,0.12220822173158263,16.150914538790328,2683,2010-10-29,2010-10-29
1,10,11,0.7299768952601257,0.8611060752750008,0.014470682939237853,0.13112918001487517,17.963469921626434,2683,2010-10-29,2010-10-29
5,0,5,0.8948326492509215,0.7994814814005535,0.0031175019734743493,-0.09535116785036801,-10.65575422736173,2483,2010-10-29,2010-10-29
5,1,6,0.8669884798859102,0.7633118213847774,0.004147218397349674,-0.10367665850113283,-11.95825099253637,2483,2010-10-29,2010-10-29
5,2,7,0.8390277210247709,0.7353031552987073,0.0050951874613835366,-0.10372456572606359,-12.36247183816246,2483,2010-10-29,2010-10-29
5,3,8,0.8112738091934599,0.7112270406376962,0.006068058566640575,-0.10004676855576378,-12.332059462788129,2483,2010-10-29,2010-10-29
5,4,9,0.7838015502274174,0.6882956201252625,0.007169214388076741,-0.09550593010215491,-12.18496315482461,2483,2010-10-29,2010-10-29
5,5,10,0.7566644070716244,0.6662712356120071,0.00837484845169337,-0.09039317145961734,-11.94626978814148,2483,2010-10-29,2010-10-29
5,6,11,0.7299768952601257,0.6460405490498428,0.009680580380577139,-0.0839363462102829,-11.498493548946145,2483,2010-10-29,2010-10-29
5,7,12,0.7039058129938657,0.6300765805881896,0.011294397423404002,-0.07382923240567607,-10.488510116383917,2483,2010-10-29,2010-10-29
5,8,13,0.6786314655839143,0.6126953500995521,0.012349236420664277,-0.06593611548436218,-9.716041596690308,2483,2010-10-29,2010-10-29
5,9,14,0.6543122244727015,0.5929908119510979,0.012885810866689789,-0.06132141252160361,-9.371888561461835,2483,2010-10-29,2010-10-29
5,10,15,0.6310636833763588,0.5749143242852476,0.013276765513437733,-0.056149359091111184,-8.897574138745737,2483,2010-10-29,2010-10-29
10,0,10,0.7566644070716244,0.6414271381549278,0.006065790383421888,-0.11523726891669661,-15.229640490515166,2387,2010-10-29,2010-10-29
10,1,11,0.7299768952601257,0.6080301863433452,0.0064190115358918175,-0.1219467089167805,-16.705557355116706,2387,2010-10-29,2010-10-29
10,2,12,0.7039058129938657,0.5834986342323296,0.0073354637095500545,-0.12040717876153606,-17.105580965359263,2387,2010-10-29,2010-10-29
10,3,13,0.6786314655839143,0.5632988419510345,0.008295141600729044,-0.11533262363287977,-16.994883008208916,2387,2010-10-29,2010-10-29
10,4,14,0.6543122244727015,0.5465715128299674,0.009620967178538414,-0.10774071164273413,-16.46625381782534,2387,2010-10-29,2010-10-29
10,5,15,0.6310636833763588,0.5268926920783991,0.010493945859077923,-0.1041709912979597,-16.50720744071615,2387,2010-10-29,2010-10-29
10,6,16,0.6089522207617467,0.509517233515289,0.01140388326283226,-0.09943498724645772,-16.328865197678912,2387,2010-10-29,2010-10-29
10,7,17,0.5879985865769245,0.5012994939030236,0.013690396734579292,-0.08669909267390086,-14.74477909523997,2387,2010-10-29,2010-10-29
10,8,18,0.5681867268559607,0.4861094046521152,0.014363896184870086,-0.0820773222038455,-14.445483909491724,2387,2010-10-29,2010-10-29
10,9,19,0.5494741770180089,0.47092686383562976,0.014853522800477994,-0.07854731318237917,-14.294996283292999,2387,2010-10-29,2010-10-29
10,10,20,0.5318017685620778,0.4567477634777061,0.015146493071518503,-0.07505400508437171,-14.113154472447109,2387,2010-10-29,2010-10-29
