as_of_date,true_1,true_2,true_3,true_5,true_10,true_15,true_20,true_30,fit_1,fit_2,fit_3,fit_5,fit_10,fit_15,fit_20,fit_30
2010-01-29,0.029169999999999998,0.03415,0.037450000000000004,0.04115,0.04545,0.04769999999999999,0.048,0.04735,0.030807441464356034,0.033725557034048795,0.03634236154242617,0.04037662633546589,0.04547872828044426,0.04749399375397633,0.04848303978002519,0.04940715789544872
2010-02-26,0.027610000000000003,0.031549999999999995,0.03475,0.03855,0.043949999999999996,0.0462,0.0464,0.045599999999999995,0.02866084473341563,0.03165790028310005,0.03432903706445248,0.038430556441148137,0.04360466241608423,0.04564923853997927,0.046654744849245526,0.04759819268443229
2010-03-31,0.02811,0.0319,0.0351,0.0391,0.04445,0.046950000000000006,0.0471,0.04655,0.029185130064311834,0.0321604752656305,0.03481318410702973,0.03888713200072182,0.044026481133156825,0.04605678552443597,0.04705484738838196,0.04799051609482407
2010-04-30,0.02847,0.03175,0.03465,0.03825,0.04353799999999999,0.046349999999999995,0.04650000000000001,0.04595,0.029119627854944485,0.03193303189324813,0.03447143492060776,0.03840365224690657,0.043401779670976,0.04538384757466295,0.046359614954519,0.047276230813549716
2010-05-31,0.03031,0.03115,0.03275,0.0358,0.0424,0.045149999999999996,0.045250000000000005,0.0447,0.02869266083786056,0.031235425339816877,0.03358504646338958,0.03728646194377194,0.04205932375701555,0.04396575715424584,0.04490691362179712,0.04579450746236321
2010-06-30,0.0294,0.031200000000000002,0.0334,0.0354,0.040875,0.043449999999999996,0.043550000000000005,0.043,0.028634947238750864,0.030891480013636785,0.03303677795335581,0.03648140873553748,0.04099332065930155,0.04280902223820666,0.04370768321087044,0.044558059626176164
2010-07-30,0.027370000000000002,0.031107999999999997,0.03275,0.03515,0.04105,0.04335,0.043449999999999996,0.042800000000000005,0.028557611667232318,0.03069683806996259,0.03275772957164293,0.03609536830458701,0.04049741270823138,0.042274684414745384,0.04315531952810682,0.043989888147004455
2010-08-31,0.02721,0.029885000000000002,0.030763,0.03225,0.03645,0.0392,0.039599999999999996,0.039,0.02645685479384503,0.028396583329676303,0.030317566256832414,0.03348427150377627,0.03772285120040162,0.0394479808736105,0.04030628522888423,0.04112495995819646
2010-09-30,0.02749,0.031095,0.03275,0.03545,0.03965,0.04252500000000001,0.042925000000000005,0.04255,0.028072810453600647,0.030277569339628226,0.03238370868029745,0.035776530265917816,0.04023363958079763,0.042030614691355904,0.04292102109462017,0.043765166083047896
2010-10-29,0.02572,0.02905,0.0308,0.03455,0.04085,0.0429,0.043250000000000004,0.0432,0.026288638893938263,0.028976494482112862,0.03142353739055894,0.035240892034073525,0.04012873180518389,0.04207831315081982,0.04304241084436372,0.04395518981777845
2010-11-30,0.026150000000000003,0.029115000000000002,0.031113,0.035013,0.041275000000000006,0.043899999999999995,0.044199999999999996,0.0441,0.026136204765343146,0.0291261661866902,0.0317777394935297,0.03583694160210534,0.04095158252576681,0.04297641556376326,0.04397554639943629,0.044919009873766146
2010-12-31,0.027625,0.031349999999999996,0.03395,0.038053,0.044049,0.046900000000000004,0.0473,0.0467,0.028519811077306313,0.03163933803659316,0.034365397603815344,0.038491641681708356,0.043635374124891324,0.04565853321723666,0.046653118670744516,0.04758647282121553
2011-01-31,0.02855,0.033695,0.036805,0.0404,0.044649999999999995,0.046849999999999996,0.047400000000000005,0.0463,0.030367824793133262,0.03331727387545039,0.03590602502438639,0.039836692008129525,0.044748781354555185,0.046682052916621246,0.04763184352500387,0.04852167997214624
2011-02-28,0.02992,0.035148,0.038255,0.04185,0.04535,0.0479,0.048499999999999995,0.047400000000000005,0.03202338215009789,0.03482647576005762,0.037303140559688065,0.041081366615188894,0.0458204635598348,0.047687505529454915,0.04860410138949859,0.04946125658102237
2011-03-31,0.030619999999999998,0.036305000000000004,0.039676,0.04305,0.0467,0.04885,0.049550000000000004,0.04865,0.03351877681693402,0.036165520552208,0.03853142177744735,0.04217050138786633,0.04676509611648662,0.04857907364160062,0.04946913632744241,0.050300064367278755
2011-04-29,0.03086,0.03605,0.038900000000000004,0.04215,0.045595,0.04775,0.0484,0.047400000000000005,0.033397143578166075,0.03577552361183514,0.037962386794421314,0.041393597031137826,0.045798729387479836,0.04755148235134671,0.04841357324616351,0.04922085162808453
2011-05-31,0.031415,0.035396000000000004,0.037385,0.04,0.04385,0.046150000000000004,0.04675,0.046025,0.03285433542940448,0.034903866122681676,0.03687778430223166,0.040071372913903947,0.04427375023731206,0.045964525520376644,0.04679894784292509,0.04758370002676822
2011-06-30,0.032745,0.036175,0.0378,0.039900000000000005,0.04375,0.04655,0.0475,0.0464,0.03393182006294729,0.03566028890431299,0.03743063665828454,0.04040229298375495,0.044419360423126025,0.04605212770365766,0.04685897415829326,0.0476180322880563
2011-07-29,0.03178,0.034249999999999996,0.0352,0.0371,0.04135,0.04445,0.04535,0.0446,0.032406331313065175,0.033843888301350836,0.03543733449981951,0.038229617776529,0.042121617733159304,0.043724380801684386,0.04451970388595388,0.045272112937382356
2011-08-31,0.030754999999999998,0.0323,0.0334,0.03566,0.0398,0.04105,0.041775,0.042350000000000006,0.030947154815881044,0.032012870340333135,0.03337087979568415,0.03590902895878229,0.03959818690160237,0.041143150630853845,0.04191351712160533,0.042646789281486686
2011-10-31,0.031335,0.030295000000000002,0.03115,0.034,0.038149999999999996,0.039,0.03895,0.03915,0.029576871307869224,0.03034363873658506,0.03151988572139427,0.033873672536791646,0.037433962320306866,0.03894739340420434,0.03970504232277423,0.040429698021116074
2011-11-30,0.030600000000000002,0.02847,0.029495,0.033170000000000005,0.03795,0.03875,0.038900000000000004,0.0387,0.028658402172867203,0.029371714137753552,0.030539682027039647,0.032924896187247144,0.03657280114489431,0.03812952846867615,0.03890962670443305,0.03965673946867512
2011-12-30,0.028544999999999997,0.027450000000000002,0.0281,0.031349999999999996,0.03565,0.03635,0.03635,0.0365,0.02693475703304961,0.027551374126092838,0.0286769635099948,0.03104699268353381,0.034732087226950537,0.036314870119060295,0.037109850709163186,0.03787378614829428
2012-01-31,0.027655,0.02645,0.026945,0.03005,0.03555,0.037599999999999995,0.037599999999999995,0.0374,0.026369159714083833,0.027079300974038496,0.028295230586295017,0.030812029588913686,0.03469073183951014,0.03635132383652741,0.03718474890520309,0.03798510594279821
2012-02-29,0.02819,0.028050000000000002,0.0287,0.03125,0.03555,0.03735,0.03755,0.03725,0.02731813489982216,0.02788831964659939,0.029021620319136503,0.031457279700820746,0.03528021973787357,0.03692545803055887,0.03775122305061815,0.03854343944236445
2012-03-30,0.0265,0.027475,0.028875,0.031825,0.036375000000000005,0.038075,0.038175,0.03805,0.0274084772967557,0.027978273159196255,0.029128562042812316,0.031609298009473784,0.03550837289561449,0.03718637722769806,0.038028229244903344,0.038835266635094415
2012-04-30,0.027149999999999997,0.02789,0.02905,0.03175,0.03605,0.037325,0.037450000000000004,0.03705,0.02777779618076207,0.028078458278612675,0.029056737971473894,0.03134820437594511,0.035088139585668414,0.03671670017272888,0.037535310054543816,0.03832110073124487
2012-05-31,0.02661,0.026347999999999996,0.02693,0.028854,0.032258,0.0331,0.0333,0.03295,0.025706437763668388,0.025688998063890377,0.026466491115219523,0.02854332921268421,0.03211811849703139,0.033702403068010534,0.034502621543183495,0.03527539590210402
2012-06-29,0.02589,0.025699999999999997,0.026495,0.02895,0.034,0.0351,0.0351,0.0349,0.025716680945657426,0.025813010478190696,0.02669912031228388,0.02895061719724585,0.03275256367426505,0.03442682832610934,0.03527100252177033,0.036084607469190726
2012-07-31,0.023010000000000003,0.022646000000000003,0.023250000000000003,0.02595,0.03145,0.0326,0.03265,0.032850000000000004,0.02251032348544104,0.022773534995288766,0.02380611871945247,0.026283237060422304,0.030376769569994102,0.03217065589443008,0.033076012768359773,0.03395140846010097
2012-08-31,0.02303,0.022875,0.023530000000000002,0.025952000000000003,0.031602,0.033325,0.0332,0.033174999999999996,0.022288105159134725,0.02267661646252018,0.023820622186139805,0.02646863383057848,0.030776431812559662,0.03265408665180334,0.033600401644743386,0.03451406927768184
2012-09-28,0.02152,0.02157,0.022446999999999998,0.025446,0.031920000000000004,0.033775,0.033775,0.033675000000000004,0.021178125300880174,0.021826304454477533,0.023174629820399986,0.026107177890232862,0.030742950370947954,0.032744979139356624,0.033752331203317075,0.034723912814843605
2012-10-31,0.021259999999999998,0.0217,0.0227,0.025775000000000003,0.0322,0.034249999999999996,0.034249999999999996,0.03415,0.021061674670222078,0.02182349997926388,0.023266763856834842,0.026337940138436544,0.03113962547693369,0.03320489838966353,0.03424287984325962,0.03524270620823379
2012-11-30,0.02114,0.021349999999999997,0.0222,0.02505,0.031202,0.03345,0.03335,0.0333,0.020321684638966758,0.021108116679809164,0.02258079168929127,0.025706192687143258,0.03058727479753657,0.03268646444047325,0.03374180775965705,0.03475908812314647
2012-12-31,0.02022,0.020950000000000003,0.021925,0.0248,0.03125,0.03345,0.03345,0.0334,0.019790668217898755,0.020712825723199168,0.022291283155018573,0.02556260190073222,0.030609928764526693,0.03277163459161294,0.03385753155509679,0.034903637548382674
2013-01-31,0.02105,0.022799999999999997,0.024700000000000003,0.028297,0.034300000000000004,0.03645,0.0365,0.03675,0.02188938352872948,0.022964452307963474,0.024656619868032286,0.028074598725522856,0.0332689429552816,0.03547765118682641,0.036583228202689284,0.03764242423010761
2013-02-28,0.0204,0.02125,0.02275,0.02621,0.03291,0.03495,0.03525,0.03515,0.02021452625374269,0.021366446955439256,0.023122337719633575,0.026634654557642898,0.031947960528633586,0.03420573495328928,0.03533691504312006,0.03642294605770001
2013-03-29,0.0195,0.019975,0.02125,0.024525,0.03165,0.034,0.034175,0.034300000000000004,0.018870376514194157,0.02004148140956599,0.021817721257570408,0.02536645072299194,0.03073471626206408,0.033017701082288645,0.03416275384201835,0.03526439637945783
2013-04-30,0.018520000000000002,0.018600000000000002,0.01954,0.022425,0.0292,0.031549999999999995,0.03195,0.03215,0.017073727539875138,0.018224644820773565,0.0199901460987906,0.023532682318579738,0.028909647644993854,0.031201949209377043,0.032353828070133754,0.033465676926031036
2013-05-31,0.01894,0.0197,0.0209,0.02435,0.031175,0.03345,0.0337,0.0337,0.018184395230781213,0.019465298450698314,0.021320878625533984,0.024971454064130323,0.03044770060034229,0.03277035120494551,0.033935024810252394,0.035055752209294355
2013-06-28,0.01832,0.019819,0.02185,0.026000000000000002,0.03245,0.0345,0.03475,0.0348,0.018472670492418162,0.019976272769030638,0.02198592297660919,0.02582285973298104,0.031477417353186606,0.033859108307627984,0.03505097082097809,0.03619500796153268
2013-07-31,0.018340000000000002,0.01965,0.0216,0.02605,0.0332,0.03525,0.03555,0.03515,0.01835569711251959,0.020040960652676812,0.022175417080324587,0.026162464934011316,0.03196053203251006,0.034390291302308994,0.03560466829313794,0.03676870973292132
2013-08-30,0.01921,0.02145,0.023700000000000002,0.0281,0.0348,0.03665,0.03675,0.0366,0.019943602672318064,0.021618164097096812,0.02373821740097179,0.02769587860161343,0.03344471805591561,0.03585039767576866,0.037050973948091384,0.03819864458216015
2013-09-30,0.01913,0.0208,0.022975,0.02735,0.03371,0.03515,0.03535,0.03525,0.019259109103860368,0.0208518908933632,0.02291277972075676,0.026795929538802887,0.03247143196850949,0.03485353947794623,0.036044032909548544,0.037184535975413366
2013-10-31,0.01858,0.02,0.022000000000000002,0.026000000000000002,0.032549999999999996,0.034249999999999996,0.034325,0.034425,0.0183133212020119,0.019889950126791345,0.021941974676115077,0.025818844191689824,0.0314972155062517,0.03388400679899561,0.03507811445661648,0.03622421237995779
2013-11-29,0.017849999999999998,0.01865,0.0204,0.0245,0.03165,0.03375,0.03395,0.0335,0.01702214003897909,0.018722885415478757,0.020867221584984164,0.024866715606364127,0.030681663976098925,0.0331206853914477,0.03434123725520457,0.035514000667939895
2013-12-31,0.017769999999999998,0.019,0.021150000000000002,0.02605,0.03365,0.035975,0.036074999999999996,0.036000000000000004,0.01788145730177978,0.019727849517093093,0.021975296432732452,0.026101955255018065,0.03203957512555002,0.03451806130394725,0.035755843659432934,0.03694160472343621
2014-01-31,0.01734,0.018000000000000002,0.019799999999999998,0.02395,0.0308,0.03345,0.033605,0.032854999999999995,0.016483714529719057,0.018191466224682554,0.020340132179407628,0.024344803063722973,0.03016635812940148,0.032608962280601964,0.03383191723276191,0.03500810199966941
2014-02-28,0.01838,0.0194,0.021099999999999997,0.025204,0.031751,0.03445,0.03455,0.03385,0.01800913338893097,0.019535074324060136,0.021551549092206506,0.02538503095503075,0.031022128681953753,0.033395759165677816,0.0345841270160292,0.03572589422027107
2014-03-31,0.01874,0.01975,0.02145,0.025249999999999998,0.0313,0.0338,0.0341,0.033355,0.018502456075971813,0.01981102650562606,0.02167290269798591,0.025312398903143275,0.030752040244478234,0.033056173721547816,0.03421120726227174,0.03532220822398562
2014-04-30,0.01916,0.019799999999999998,0.02128,0.024780000000000003,0.030899999999999997,0.033549999999999996,0.0337,0.033,0.01882343681553555,0.019914111873979456,0.02162389702707978,0.025076689967675175,0.030331979406764648,0.03257258474424271,0.03369737085545723,0.03478073937801921
2014-05-30,0.019450000000000002,0.01977,0.0209,0.023849999999999996,0.02965,0.03215,0.03245,0.032400000000000005,0.01870211185269655,0.01954069052764672,0.021076079355567847,0.024317525202609092,0.029369081147877004,0.0315412602751564,0.032634027905311405,0.0336890427788111
2014-06-30,0.01787,0.01775,0.01855,0.0215,0.027919999999999997,0.030600000000000002,0.031,0.0311,0.01713943341929218,0.01786576170930796,0.019327919210958625,0.02248875022603302,0.02747799411431358,0.029635110653078577,0.030722798098551003,0.031776534390623834
2014-07-31,0.01701,0.0171,0.01788,0.02052,0.026549999999999997,0.02915,0.029500000000000002,0.0296,0.016632864999894102,0.01713150213594115,0.018434616312561315,0.02140089270080093,0.026201092989838665,0.028294774949750225,0.029352921972286422,0.030380772719771923
2014-08-29,0.01838,0.01862,0.01935,0.0212,0.025849999999999998,0.02825,0.028900000000000002,0.028900000000000002,0.017830681824997228,0.017980520333735327,0.019037618053656707,0.021697045672962892,0.026185103655063328,0.02816761978109423,0.02917149002332195,0.03014752706420518
2014-09-30,0.0176,0.017775,0.018574999999999998,0.020649999999999998,0.025625,0.028275,0.028725,0.028999999999999998,0.017502675616060236,0.017576216879757835,0.018585669374592606,0.021194997620313905,0.025645793261897837,0.027618596520894597,0.028618382750520074,0.029591369974094596
2014-10-31,0.015609999999999999,0.015300000000000001,0.01589,0.01783,0.02349,0.026225000000000002,0.0269,0.027000000000000003,0.015314568345745863,0.015358375267652203,0.016353923315747344,0.018958572925125573,0.023427596995299373,0.025414838761841686,0.026423939818009348,0.02740925089107245
2014-11-28,0.01538,0.0148,0.015075,0.016752,0.021751,0.024425,0.0252,0.0252,0.014507734797126333,0.014376271958007765,0.01525017816899253,0.017707504169288964,0.0220362611052089,0.023977376470144404,0.024965146608102635,0.025931926569230962
2014-12-31,0.012242,0.01195,0.012199999999999999,0.01395,0.01915,0.02175,0.022625000000000003,0.022625000000000003,0.011819225490123732,0.011669294944874273,0.012532452397632827,0.014982885537309521,0.019320929937936528,0.021272455423902874,0.022267673604127333,0.02324526935907536
2015-01-30,0.010136000000000001,0.00982,0.010049999999999998,0.01171,0.01668,0.01913,0.020099999999999996,0.0202,0.009615144607802845,0.00945128723788544,0.010303299009878359,0.012740667671390945,0.017072846076194758,0.01902679585169773,0.02002494146258877,0.021008136444257253
2015-02-27,0.011572,0.0113,0.011699999999999999,0.01385,0.01865,0.02125,0.0222,0.0222,0.011390094069032367,0.011217916918544443,0.012058833337448829,0.014472885758754018,0.01876403863221829,0.02069752526696038,0.021684153104428738,0.02265412122420987
2015-03-31,0.012272,0.012,0.0126,0.014750000000000001,0.01845,0.020499999999999997,0.021564999999999997,0.0219,0.01187621281469836,0.011631027020843896,0.012414823837301282,0.014749363199259059,0.01894804567894573,0.02084583431953757,0.02181460736130769,0.022767034130494253
2015-04-30,0.013508,0.01365,0.014544999999999999,0.017305,0.021099999999999997,0.022725,0.023700000000000002,0.023849999999999996,0.013651975999095322,0.013485556616813109,0.014322241270613555,0.01671661598636227,0.020962576579971394,0.02287179131782852,0.023844502152510688,0.02479818853609168
2015-05-29,0.013208,0.013040000000000001,0.013876,0.01664,0.021019999999999997,0.02254,0.0232,0.02375,0.012761675218281457,0.012802716531047384,0.013787920682970448,0.01637095836261372,0.020814054776223005,0.022794993663403876,0.02380311992798906,0.024791215522751073
2015-06-30,0.012491,0.01275,0.014070000000000001,0.017967,0.023914,0.0254,0.026099999999999998,0.026699999999999998,0.013095672914126303,0.013508445857061032,0.01475802642656694,0.017672026064599878,0.022448983842912724,0.024546182718698573,0.025609918916841633,0.026649216326270424
2015-07-31,0.011431,0.01155,0.012450000000000001,0.015349999999999999,0.021147,0.022775,0.023544999999999996,0.0239,0.011015076443927416,0.011464799899343693,0.012738814289955361,0.015683361611750775,0.020497172695489185,0.022611577356550772,0.023685515900738835,0.02473756845967172
2015-08-31,0.009993,0.00995,0.0108,0.0137,0.019799999999999998,0.02155,0.02245,0.022799999999999997,0.009453003958531062,0.009968766168710258,0.011286134828801286,0.014281824840843635,0.019147730654000317,0.02128270139070754,0.022367863176519377,0.02343269330259753
2015-09-30,0.009846,0.00945,0.010049999999999998,0.012726,0.019083000000000003,0.0213,0.022075,0.0223,0.008883344715746078,0.009420736476631109,0.010746613615390395,0.013744007001133868,0.018601488430568684,0.020732158914938126,0.02181552133813917,0.022879373850884246
2015-10-30,0.009377,0.009399999999999999,0.0101,0.01295,0.01905,0.021099999999999997,0.02175,0.022019999999999998,0.008859826624096736,0.009375518691487318,0.010675021073423267,0.013624042478614307,0.01841243473410439,0.020514628731752978,0.02158388739877091,0.022634344629866177
2015-11-30,0.009453,0.009000000000000001,0.00945,0.01195,0.017849999999999998,0.020099999999999996,0.020720000000000002,0.02105,0.00838301356087904,0.008824510430127533,0.010059056322955114,0.012910115520843387,0.017578715469782874,0.019635096683905805,0.020682197862036063,0.021712273304758032
2015-12-31,0.009363,0.00915,0.0098,0.0126,0.0187,0.020950000000000003,0.0216,0.0218,0.009074997755809737,0.00945892719615578,0.010637587213435273,0.013396813876051622,0.017941678177231125,0.019947112920188293,0.020968471297533993,0.021973107191069523
2016-01-29,0.0096,0.00885,0.00905,0.01115,0.0163,0.01837,0.01902,0.0192,0.008464487330888972,0.008559258364267646,0.009516020109407223,0.01197482105925021,0.016186775188688763,0.018069594697973156,0.019031371390602538,0.019980122404622276
2016-02-29,0.009625,0.008298,0.00855,0.010549999999999999,0.01525,0.01725,0.01803,0.01825,0.008303933207189402,0.008200103076379448,0.008999722407234567,0.011239159021935277,0.015198830474364218,0.016986325725740013,0.01790124958274889,0.018805302794244763
2016-03-31,0.009300000000000001,0.0079,0.0079,0.00945,0.0141,0.01595,0.01655,0.01692,0.007836527681426463,0.007610426909599132,0.008306898901253844,0.01039456671014818,0.014171112392485483,0.01588805487308766,0.016768281303671494,0.01763935030293
2016-04-29,0.010475000000000002,0.00985,0.010246,0.012150000000000001,0.01695,0.01875,0.01935,0.01974,0.010291293612168358,0.01004425382432631,0.010707577969903658,0.012725362477286018,0.016387276109077916,0.018051633033266595,0.018904031861449178,0.01974586256508868
2016-05-31,0.01061,0.010002,0.010347,0.012,0.0163,0.01795,0.018600000000000002,0.01905,0.010529417972761319,0.010112528968033859,0.010637677458567479,0.012457250179085645,0.01588351316674735,0.017456718803906767,0.018263848359316954,0.019061873148027687
2016-06-30,0.01015,0.00886,0.00865,0.009439999999999999,0.013304,0.01505,0.015700000000000002,0.01615,0.009257923755884655,0.008562622352411054,0.008874112861191222,0.01040445760154142,0.013510125426931826,0.014964883731313841,0.015714111787825606,0.01645720360423217
2016-07-29,0.01065,0.009598,0.009326,0.00989,0.013225,0.0149,0.0155,0.01595,0.01016406166097752,0.009237795475633635,0.009369436103587748,0.010650827207023043,0.013468950566524206,0.014813035937216197,0.015506884627440917,0.01619555891447634
2016-08-31,0.01202,0.011319999999999998,0.011059000000000001,0.011279999999999998,0.013600000000000001,0.01505,0.01575,0.0163,0.01165437926911627,0.01055545462031352,0.010551101426151881,0.011641442036825999,0.014233705525258477,0.015489141739333235,0.01613822875626832,0.016782396164269166
2016-09-30,0.012709999999999999,0.01213,0.01205,0.0125,0.014750000000000001,0.01625,0.01698,0.0176,0.012470704917386178,0.011483441451590982,0.011550094372490024,0.01271714089942493,0.015369724854809932,0.016642189014384717,0.017299017242041574,0.0179500655322761
2016-10-31,0.012199999999999999,0.012150000000000001,0.012353000000000001,0.01352,0.016503,0.0178,0.018349999999999998,0.01925,0.012446778792940705,0.011824009206383195,0.01214300518797765,0.013617675897489087,0.016573073823505913,0.017951349906882293,0.018659965025550774,0.01936094530037985
2016-11-30,0.01294,0.01295,0.013621000000000001,0.0155,0.0194,0.02075,0.02131,0.021949999999999997,0.013335161936610948,0.013131709834858207,0.013740230980112398,0.015565694168638532,0.018861195139783495,0.0203560632729891,0.02112099130316616,0.02187509997672767
2016-12-30,0.013009999999999999,0.01276,0.01349,0.01555,0.01951,0.02105,0.02175,0.022250000000000002,0.01280585090153584,0.01289298122776855,0.013697096564134903,0.015753200925822546,0.019265896343903806,0.020834764489259253,0.021635786750553568,0.02242467249028366
2017-01-31,0.0121,0.012849999999999999,0.01375,0.016,0.0204,0.021949999999999997,0.02245,0.0229,0.012706288193932767,0.013011417939066532,0.013956189767124814,0.016168838545160307,0.019815295939043423,0.02142636250251573,0.022247549656071473,0.02305549394812515
2017-02-28,0.0124,0.012896000000000001,0.0137,0.01555,0.0194,0.021030000000000004,0.0215,0.0219,0.012239103345383013,0.012580982038031362,0.013536566545023481,0.015741740575387873,0.019353876686940913,0.02094760910726637,0.02176015072110093,0.022560132743395772
2017-03-31,0.01091,0.01175,0.012750999999999998,0.014950000000000001,0.01915,0.02068,0.02108,0.021475,0.011230936379948942,0.011726726250331597,0.012777411900272002,0.015082753381423692,0.018774057844058892,0.020392132728022365,0.021216722033998086,0.022028992835300524
2017-04-28,0.01131,0.01195,0.01295,0.0152,0.0192,0.02075,0.02125,0.02175,0.011233124459864467,0.011816146465573784,0.012913587167483248,0.01525619429678751,0.018957367723084338,0.020573024619050227,0.02139593443744351,0.02220637262171268
2017-05-31,0.0105,0.01115,0.011995,0.013999999999999999,0.01825,0.01985,0.0204,0.0209,0.010099977102411705,0.010824763333709091,0.012008562723463297,0.014440274183749935,0.018209401159828907,0.019845540586160212,0.020678688268904864,0.021499821587194986
2017-06-30,0.0102,0.01125,0.01248,0.015,0.0196,0.021269999999999997,0.02162,0.02162,0.010306534927028193,0.0112674576353833,0.012602256862197824,0.015199573071995558,0.019105991512399084,0.020784110651848573,0.02163704600637102,0.022476525815203704
2017-07-31,0.01008,0.011275,0.01275,0.0155,0.02015,0.022019999999999998,0.02235,0.02235,0.010326120256460644,0.011470123236309089,0.012916800450703333,0.015628817912836424,0.019618557830001465,0.02131920844116406,0.022182504283483975,0.023031498197751944
2017-08-31,0.00955,0.01075,0.011911,0.0141,0.018600000000000002,0.020569999999999998,0.02092,0.02092,0.009222659877099245,0.01043400780333464,0.011909706857082527,0.01463258830158179,0.01860198826894099,0.020289909840677734,0.02114711122940288,0.021991228419155247
2017-09-29,0.00941,0.01085,0.01225,0.0149,0.0195,0.02145,0.021875,0.02215,0.009502588667388727,0.010858232397380792,0.012415700362973722,0.01521174389838044,0.019216636787943147,0.02090868981685003,0.021767042861062125,0.022611621600358234
2017-10-31,0.00945,0.010700000000000001,0.012097,0.014650000000000002,0.01922,0.02125,0.0216,0.0219,0.009235895398377412,0.010667551160482337,0.012257300202911688,0.015063540648963767,0.0190395102636089,0.020713269456294692,0.021562166264290795,0.02239770809305998
2017-11-30,0.009250000000000001,0.01035,0.01155,0.01385,0.018283,0.02033,0.02068,0.021,0.008591043996255791,0.010077081027749978,0.011682585075009636,0.014476947258998858,0.018400306830905672,0.02004742098799333,0.020882972544681685,0.021706139696363737
2017-12-29,0.00988,0.01127,0.0128,0.01543,0.019450000000000002,0.021419999999999998,0.02177,0.0219,0.009481964440428248,0.011097568668560182,0.012769420664440806,0.015610266613076393,0.019531267902512923,0.021166269106458812,0.021994525252914475,0.022809428183336426
2018-01-31,0.01024,0.0123,0.0143,0.0176,0.02175,0.02355,0.02395,0.02415,0.010813926187102418,0.012634936539454541,0.014426290201850909,0.017378988075986958,0.021362126828650362,0.0230071395147533,0.023838563823075174,0.024654587229583816
2018-02-28,0.01191,0.013999999999999999,0.01595,0.01925,0.023399999999999997,0.025179999999999998,0.02558,0.0259,0.012555435762831076,0.014385985794590078,0.016157524690052914,0.01904704930068266,0.02291256917344583,0.024502978693453043,0.02530582730555386,0.02609242323744938
2018-03-30,0.01321,0.015069999999999998,0.01665,0.0191,0.02235,0.023799999999999998,0.0242,0.02453,0.013059526886261413,0.0146802328141632,0.01627896033608607,0.018918331859905834,0.022483451633643372,0.023956923361114334,0.024701731869448764,0.02543247393316131
2018-04-30,0.01312,0.01485,0.01643,0.0191,0.02258,0.0241,0.0245,0.02465,0.013207979568254077,0.014811899682763828,0.01637973072383318,0.01895373540703108,0.022416834038699315,0.023846389968064877,0.024569074725414485,0.025278375275207442
2018-05-31,0.01228,0.013625,0.015,0.0176,0.02145,0.0229,0.023250000000000003,0.02335,0.012084849992587052,0.013699305181572915,0.015257894177353596,0.0177975433795444,0.02119718358968021,0.022599020582144125,0.023308249513028848,0.024005571611907174
2018-06-29,0.01295,0.014450000000000001,0.01575,0.0181,0.0215,0.022949999999999998,0.0233,0.02335,0.012696447506219958,0.01426053297785654,0.015764485175891393,0.018208863108477535,0.021474896297391584,0.022820861698614723,0.023501824856421345,0.02417135278562182
2018-07-31,0.013309999999999999,0.015355,0.01705,0.019450000000000002,0.0226,0.02402,0.02437,0.02448,0.013740485963947039,0.015322293407052425,0.016820933584198342,0.0192330538015122,0.022431042261227836,0.023744540147326004,0.024408509064136504,0.025060644555183798
2018-08-31,0.012849999999999999,0.01462,0.0161,0.01825,0.02152,0.022770000000000002,0.02327,0.02365,0.01286845647325659,0.014480256473723615,0.015985770647281097,0.018386765606467105,0.02154852527922268,0.022844475284121424,0.02349983677809151,0.024144316732547494
2018-09-28,0.013349999999999999,0.015529999999999999,0.0173,0.0199,0.02307,0.024319999999999998,0.024820000000000002,0.025099999999999997,0.014045899458665129,0.01570834842068496,0.01723400778727283,0.019637559515004864,0.022770685789659278,0.02404902066824331,0.0246946767890993,0.025328663260596997
2018-10-31,0.01414,0.01585,0.01742,0.0197,0.023,0.024169999999999997,0.02472,0.025150000000000002,0.014368025495277319,0.015963342916023037,0.017427789850835047,0.0197354630288653,0.022744751395504813,0.02397307426860284,0.024593646267764984,0.025203219924738198
2018-11-30,0.01398,0.015300000000000001,0.01665,0.01875,0.0219,0.02308,0.0236,0.024,0.013944301670305961,0.015406080235187036,0.016763713155286908,0.018920774678489276,0.021754020303745483,0.022914810630369892,0.023502056324927675,0.024079886076051733
2018-12-31,0.01436,0.01525,0.0163,0.018000000000000002,0.020975,0.02215,0.0227,0.02313,0.013975966425701437,0.015239590754246708,0.01644483587129332,0.01839424507631749,0.020992290449442442,0.022063702046275915,0.022606600331484716,0.023141607972962674
2019-01-31,0.01496,0.015891,0.0167,0.01807,0.020550000000000002,0.021724999999999998,0.022275,0.02245,0.014600561391480964,0.015652783707796426,0.016696494590945302,0.018426802522575617,0.020777087149872836,0.021753967191170478,0.022249678219056008,0.022738612946260003
2019-02-28,0.01489,0.0159,0.016825,0.018349999999999998,0.020950000000000003,0.022099999999999998,0.02265,0.02303,0.01521302615387842,0.016129600406774205,0.017067263612344903,0.018650489372697705,0.020830217640822244,0.02174107476519964,0.02220368536125825,0.022660141223213495
2019-03-29,0.01592,0.01678,0.01725,0.018000000000000002,0.0196,0.02067,0.02117,0.0216,0.01575654559267691,0.016348243405235094,0.017046129611203813,0.01831508725570302,0.020152679314365186,0.020935426789946837,0.02133422464725788,0.02172837741749458
2019-04-30,0.01678,0.01763,0.018225,0.01915,0.021,0.02205,0.02255,0.02303,0.01739588685554425,0.017778864966353107,0.018322677041578205,0.019389116941057126,0.02100424801255661,0.021702681553844933,0.022059091897248372,0.02241123297309938
2019-05-31,0.017689999999999997,0.01809,0.01821,0.01829,0.0194,0.02043,0.020950000000000003,0.02145,0.017757274104845643,0.017753741329586736,0.018020222006711654,0.018733661204953286,0.019977399569685313,0.02053913096487415,0.02082751612439146,0.02111310938559138
2019-06-28,0.01815,0.0179,0.0176,0.0175,0.0184,0.0195,0.02,0.020499999999999997,0.017992601347163018,0.017654486584390318,0.017684137066244884,0.018100483851916108,0.019037097581706797,0.01948675385497045,0.01971934362206339,0.019950183569574773
2019-07-31,0.01851,0.01818,0.017849999999999998,0.01743,0.01775,0.01885,0.0194,0.01985,0.018605835578704863,0.017930280147958576,0.017722647282909298,0.017843275419557728,0.01847625018063632,0.018815290292495852,0.01899269745826308,0.019169148647805435
2019-08-30,0.0178,0.016791,0.016,0.0151,0.015229999999999999,0.01585,0.01635,0.0165,0.017267858674055243,0.016284756155379398,0.015864106143913356,0.015724354555507296,0.01609795779888594,0.016344591876139437,0.016476140868173738,0.016607544143158213
2019-09-30,0.01924,0.018647,0.017984,0.0171,0.01695,0.01742,0.01765,0.01762,0.019255362210144004,0.018097057302775412,0.017558437532983837,0.017278437189361548,0.01751579391962037,0.017713934455506633,0.01782120644625864,0.017928409571802043
2019-10-31,0.01981,0.019450000000000002,0.018975,0.01845,0.01854,0.01889,0.01909,0.01923,0.020338393127983214,0.019197278612887975,0.018681636534333853,0.018445380690058043,0.01874714917099934,0.018972619369379294,0.019093747789498176,0.019214559543289704
2019-11-29,0.020019999999999996,0.019644,0.01925,0.018799999999999997,0.0189,0.01925,0.019450000000000002,0.01957,0.020463724451223554,0.01937887877910462,0.018916047237895167,0.018764355697650132,0.019177930566354435,0.01944936176968823,0.019593795976409104,0.01973762873950797
2019-12-31,0.01998,0.019825,0.01985,0.02005,0.020675,0.021099999999999997,0.021330000000000002,0.021429999999999998,0.02111399792884045,0.020138413460089405,0.01976723862438727,0.019750532607731946,0.02032978505158272,0.020667001138126587,0.02084455776986083,0.021020938592338688
2020-01-31,0.01883,0.01784,0.01725,0.01675,0.017175,0.01757,0.01779,0.017875000000000002,0.01844751886093223,0.01739825073399647,0.016989991881036868,0.016949014515141716,0.017535051594159794,0.0178823065307507,0.01806570620955695,0.01824840952453549
2020-02-28,0.01679,0.015449999999999998,0.014924999999999999,0.01455,0.01525,0.01565,0.01585,0.0159,0.015750411884505343,0.014847016790954345,0.014557554463834813,0.01468871422686651,0.015485918911548529,0.015918182747299576,0.01614486666106003,0.01637083382136069
2020-03-31,0.0085,0.00741,0.0073,0.007980000000000001,0.010329999999999999,0.01138,0.01158,0.01158,0.008215558313415786,0.007904908469469776,0.008050772658788891,0.008753531749008343,0.01018234571046707,0.010856459397142759,0.01120557653726945,0.011554127227986856
2020-04-30,0.00625,0.005699999999999999,0.0058,0.00647,0.0087,0.0098,0.010049999999999998,0.01,0.005654022951968565,0.005660022152721134,0.006030759735864282,0.007017582975470666,0.008744671570915213,0.00952952725290236,0.009934378996961011,0.010338602716006675
2020-05-29,0.0040999999999999995,0.00398,0.0042,0.00508,0.00795,0.009479999999999999,0.00963,0.00945,0.003730265858678718,0.004074100398887335,0.004678524135211536,0.005951256143573588,0.007965365339753627,0.00885377976719813,0.009310466808446606,0.009766342156370952
2020-06-30,0.00469,0.00473,0.00523,0.00655,0.009000000000000001,0.0104,0.0105,0.0105,0.004178731314461564,0.0047193753750732195,0.005448881431957936,0.006857859196781987,0.008984215815440537,0.00990726377225706,0.010380674551383598,0.010852839512410365
2020-07-31,0.004,0.00423,0.004699999999999999,0.005825,0.00845,0.00984,0.00994,0.00994,0.0032258068258493424,0.003984715738820406,0.004852354806287205,0.006411470210962598,0.008662444696892771,0.009624774632465794,0.010117443840555405,0.010608774318163254
2020-08-31,0.00374,0.00473,0.00571,0.0075,0.01075,0.0123,0.01248,0.01248,0.004009218168793521,0.005072645751507716,0.006135117078493551,0.007908420014556463,0.010338907001486555,0.011357407187157683,0.011877210305895673,0.012394845407518113
2020-09-30,0.0038,0.00431,0.00485,0.006059999999999999,0.00886,0.01046,0.01056,0.01056,0.0028216682160371953,0.003960381485256729,0.005051216507645088,0.006825101764944233,0.009210384535853341,0.010203193730795932,0.010709714940543541,0.01121452285815428
2020-10-30,0.00457,0.0048,0.005430000000000001,0.00685,0.00963,0.01118,0.01133,0.01133,0.0031248101335760573,0.004458918157061157,0.005659642239794639,0.007530645460078453,0.00996127103620441,0.010958830926543891,0.011466775600466737,0.011972691228684811
2020-11-30,0.0042,0.00488,0.005925000000000001,0.007980000000000001,0.01113,0.01272,0.01283,0.01283,0.0031975496716489123,0.0049245599362847834,0.0063717808303313085,0.00850643861075775,0.011147953853584486,0.012209292369439535,0.012747970056760812,0.013283824524301779
2020-12-31,0.00505,0.005849999999999999,0.00715,0.00955,0.012849999999999999,0.014419999999999999,0.01452,0.01452,0.0037904943406360412,0.005910195513980057,0.007597036365937843,0.00997703312260299,0.012797404357283085,0.013907912075548074,0.014469682364779562,0.015027594160144014
2021-01-29,0.00519,0.00658,0.008,0.010249999999999999,0.0138,0.01525,0.015349999999999999,0.015349999999999999,0.0037325125573505155,0.006294175928170731,0.008250034040731867,0.010904552957291447,0.013924270554327087,0.015089652263534247,0.015677310693982056,0.016260148351142797
2021-02-26,0.0054800000000000005,0.00775,0.01008,0.0137,0.018000000000000002,0.01973,0.01978,0.01978,0.005348776389055982,0.008520240724005165,0.010856423405739642,0.013913681263097916,0.017249056021747592,0.01850755805248057,0.019139186389569005,0.019763253436221928
2021-03-31,0.00569,0.00878,0.0113,0.01458,0.018500000000000003,0.01999,0.02005,0.020125,0.0056731306371784465,0.009110513572401377,0.011575955631454856,0.01471168640833885,0.018017428951789313,0.019242063139403087,0.019855053978193003,0.02046023457759182
2021-04-30,0.00542,0.00836,0.01075,0.0139,0.017849999999999998,0.01922,0.019175,0.01917,0.0051478633711149165,0.008694262033322001,0.011175605726080578,0.014245008508058847,0.017368718765433278,0.018503771563504703,0.019070786726034704,0.019631120023162238
2021-05-31,0.00586,0.00897,0.011430000000000001,0.0144,0.01783,0.01931,0.01921,0.0192,0.005973083484885315,0.009450150339352434,0.011816937632244569,0.014650880173456409,0.017410059226042555,0.018386813274521935,0.018873189093887553,0.01935404645302001
2021-06-30,0.00685,0.010360000000000001,0.012430000000000002,0.0146,0.01665,0.01755,0.01753,0.0173,0.006953056505970333,0.010094202762522058,0.012157202527169526,0.014518029454476621,0.01666567573028154,0.01739310836704036,0.017753322011260442,0.01810989736732928
2021-07-30,0.0073,0.00997,0.01155,0.01312,0.0149,0.015569999999999999,0.0155,0.0152,0.006734019979713486,0.009623256346475532,0.01144931142331764,0.013430569577087423,0.015074906245570592,0.015594402525348727,0.01584904079668461,0.01610139091892452
2021-08-31,0.008197,0.011160000000000002,0.012849999999999999,0.014317999999999999,0.015595000000000001,0.015644,0.015395,0.014831,0.008046123542201598,0.010810828417623675,0.012491948034327046,0.01421170574026288,0.015478729093823137,0.01583702775290322,0.01600919259543745,0.016179502838289526
2021-09-30,0.009747,0.01329,0.015307999999999999,0.017193,0.01893,0.018799999999999997,0.01839,0.017589999999999998,0.010856808666854526,0.013644200707493738,0.015288386712829624,0.016888046312743505,0.01793375623573099,0.0181905380982588,0.018310251206594307,0.018428097220419798
2021-10-29,0.012062,0.01575,0.017475,0.018766,0.019396,0.01919,0.01824,0.01734,0.012857653826812747,0.015426811233526122,0.01686762580678406,0.018144034883480892,0.01876390005169313,0.018844768354826222,0.018874811069666587,0.018903522980310936
2021-11-30,0.011470000000000001,0.01409,0.01542,0.01644,0.01705,0.016805,0.015952,0.014898,0.011376925423919588,0.01388148251652742,0.015239212591862157,0.016358039819103627,0.016741038057356022,0.016718400262385698,0.01669519384928738,0.01667085834723024
2021-12-31,0.013025,0.01615,0.017625,0.0187,0.019039999999999998,0.018618,0.017825,0.017,0.013437954490587073,0.015968555390070374,0.017306734235526394,0.018348524260974525,0.018583230911272113,0.01849194236849995,0.01843328660334465,0.018373660523565368
2022-01-31,0.015601,0.019119999999999998,0.0206,0.02145,0.021689,0.021509999999999998,0.02116,0.02051,0.016288853194786304,0.018909093385601438,0.020276121623946868,0.021307042140398576,0.021471107259337766,0.021342269833166706,0.021264097883540802,0.02118520913972208
2022-02-28,0.016399,0.020173999999999997,0.02162,0.022446999999999998,0.022839,0.022719999999999997,0.02252,0.022170000000000002,0.017411941706524842,0.02015013363407931,0.021569990566063787,0.0226249024013333,0.022759419593886828,0.02260876775765951,0.02251895310623828,0.022428556967338545
2022-03-31,0.019829,0.02532,0.027389999999999998,0.028349000000000003,0.027549999999999998,0.02645,0.025750000000000002,0.02535,0.022148090777804372,0.024811416321774638,0.026144537252235513,0.027046115965416687,0.026967585451776674,0.026728774102797878,0.02659444045713698,0.02646050520853606
2022-04-29,0.020225,0.0259,0.027909000000000003,0.028862000000000002,0.02952,0.02852,0.02742,0.02657,0.023219762494727618,0.025954120754707977,0.027318992662308892,0.02823527632918346,0.028140546157344855,0.027889775225439253,0.027749160769887177,0.027609191110020987
2022-05-31,0.020876000000000002,0.0259,0.02773,0.028501,0.0294,0.02855,0.0274,0.0264,0.02387064042345541,0.026411758854313086,0.02762772645504047,0.028340388567027277,0.028011294627934565,0.027669061519195907,0.02748220633727441,0.027296541461521936
2022-06-30,0.028677,0.0322,0.032869999999999996,0.032549999999999996,0.03268,0.03168,0.02978,0.02793,0.02995381729829727,0.031726392102616185,0.032388561829319235,0.03239519606033955,0.031320316632676086,0.030701429159545785,0.030376322250722725,0.0300553288589971
2022-07-29,0.03128,0.0315,0.03085,0.0297,0.02955,0.028999999999999998,0.027450000000000002,0.024849999999999997,0.030046711105609553,0.031186893750370544,0.03141057998265856,0.03087799391278811,0.029251452006581764,0.028428531237539603,0.02800035360044304,0.02757644292924382
2022-08-31,0.03763,0.0394,0.03896,0.03719,0.03556,0.034780000000000005,0.03306,0.03026,0.03787432807582164,0.038423693600447895,0.03823716830111946,0.03720435693588209,0.035083705429146086,0.03408713874280685,0.03357427517673412,0.033070379095530365
2022-09-30,0.0361,0.03637,0.03605,0.03499,0.035203000000000005,0.0341,0.03225,0.02835,0.03650101388730251,0.03695118692746138,0.03671889658745534,0.0356614237714945,0.03355562930644962,0.03257181187425594,0.03206531304078381,0.03156668330080266
2022-10-31,0.038906,0.03887,0.03852,0.03773,0.03714,0.0354,0.033111,0.02864,0.039277389912877485,0.03928077053998623,0.03875392179256494,0.03735713629935598,0.03493872517113587,0.033848346479062326,0.03328949840394124,0.03274028262883314
2022-11-30,0.04048,0.039209999999999995,0.037469999999999996,0.034460000000000005,0.03281,0.03146,0.029528,0.025009999999999998,0.03835635839304174,0.037862977828354794,0.03701517878245943,0.03525563752739848,0.03250673120078201,0.03130149554952909,0.03068445330538113,0.030075827193212435
2022-12-30,0.03596,0.034945,0.03368,0.032549999999999996,0.03289,0.032240000000000005,0.031164999999999998,0.026409,0.035867418352605526,0.035690727227817055,0.035101278331059874,0.033713672932559224,0.03141534515361637,0.03038998452876232,0.029864016334294027,0.029344965702032492
2023-01-31,0.035611000000000004,0.033690000000000005,0.031814,0.030382,0.030435,0.029980000000000003,0.02883,0.02428,0.034356447031697,0.034055875094021734,0.03340252344387243,0.03196665282923318,0.02965772850995588,0.0286355591697861,0.028111135067516696,0.0275925440642674
2023-02-28,0.03935,0.039830000000000004,0.038719,0.037061000000000004,0.035597,0.03436,0.03281,0.028210000000000002,0.040350421537204105,0.03959930107049521,0.038642344008434984,0.03684827403954107,0.034200974529518674,0.03306345168034067,0.03248336051470224,0.03191296053322482
2023-03-31,0.03966,0.03595,0.03371,0.03223,0.03125,0.0304,0.0286,0.024620000000000003,0.03750525494746083,0.03640556207575067,0.035229160281630506,0.033194692047480386,0.03033703682340506,0.02912699803400604,0.02850932537934704,0.027898786870730552
2023-04-28,0.041931,0.03859,0.03629,0.03429,0.0329,0.03183,0.02995,0.025249999999999998,0.04041061937508209,0.03883780814370116,0.03734874288533241,0.034952151081290815,0.031757321923141076,0.030431264826419776,0.02975635454101212,0.02909018293032273
2023-05-31,0.045134,0.04151,0.039,0.03657,0.03504,0.03344,0.03184,0.02689,0.04394825640260981,0.04187188599887884,0.04005139714429412,0.037272927640588725,0.03372574314709641,0.03227959427164059,0.0315458268607341,0.030823101052924382
2023-06-30,0.05075,0.04824,0.04579,0.04229,0.03869,0.03694,0.03529,0.03034,0.05037109012581127,0.04764019712886784,0.04538615011969285,0.042104406624415426,0.038089484484329625,0.036484737467048556,0.03567447122313618,0.03488070964926216
2023-07-31,0.052425,0.04961,0.04716,0.04393,0.0405,0.03855,0.037000000000000005,0.032,0.05238435678520546,0.04939862990409287,0.047005848723076255,0.04360747756570223,0.0395479591175756,0.037943904872575304,0.03713609805079387,0.03634666815872272
2023-08-31,0.052017,0.04907,0.04639,0.043070000000000004,0.04008,0.03816,0.03628,0.03143,0.05171435819079383,0.04868658051331062,0.046310933074972416,0.04299895773775644,0.039114872706499236,0.03759336607882475,0.03682808269849901,0.03608030108309768
2023-09-29,0.05115,0.0487,0.046509999999999996,0.04415,0.04211,0.04024,0.038291,0.03448,0.05184701804442164,0.04902660318169155,0.046846820160068026,0.043850343290432914,0.04038940509039125,0.03904537373398724,0.03837132498712292,0.03771495641594677
2023-10-31,0.050906,0.04808,0.04593,0.04378,0.042679999999999996,0.041210000000000004,0.03911,0.03466,0.051362352869094616,0.04861559775191999,0.04653734218588069,0.04373729311118687,0.04057235883002629,0.03935686835500454,0.0387486515665865,0.038157261859059224
2023-11-30,0.04798,0.04304,0.04042,0.0379,0.036839,0.035590000000000004,0.033639999999999996,0.02954,0.04622256622266644,0.043392056843237964,0.04130277375001926,0.03855456594737676,0.03552650203142246,0.034375858871772205,0.033799013549930035,0.033234165586612525
2023-12-29,0.04584,0.03951,0.03669,0.034319999999999996,0.03333,0.03238,0.031030000000000002,0.02765,0.0429731222448697,0.04011062959484485,0.038042009340891476,0.035379625335464286,0.03251871175707021,0.03144472394282106,0.03090635444146286,0.03037738016803709
2024-01-31,0.04671,0.04147,0.039,0.03686,0.035859999999999996,0.03474,0.03331,0.02996,0.04507456477741433,0.04212602362724632,0.040032512440424425,0.037389174891021164,0.03461548920715084,0.03358867058061444,0.03307574985615084,0.03257351441122309
2024-02-29,0.048518,0.04533,0.04331,0.04105,0.0391,0.03757,0.03589,0.03234,0.04865338796735349,0.04548070988766622,0.04326315402447725,0.040511787656064474,0.03768914552136897,0.03665862972400266,0.03614596772117194,0.035646392376504826
