epoch,time_total_sec,time_interval_sec,train_curve_loss,train_trans_loss,train_cloud_loss,train_total_loss,val_curve_loss,val_trans_loss,val_cloud_loss,val_total_loss,val_frac_exceed_start,curve_avg_rmse_bps,curve_n_good,curve_n_bad
0,0.3545169999706559,0.3545169999706559,5384.4550459977645,-10.782686438467735,0.0007628954847182116,5373.67617403672,4418.161930622987,-8.324853274574005,0.0005057691750218209,4409.8396061942885,0.0,72.30239511792026,170,0
1,0.7894093999639153,0.43489239999325946,5377.537093427372,-10.78270775911835,0.0024398554306994855,5366.766584945408,4409.47026154774,-8.324791433993395,0.0008592988461093664,4401.149766607977,0.0,72.25369847315632,170,0
2,1.2274426000076346,0.43803320004371926,5370.845506824988,-10.782731174148,5.6291466718804134e-05,5360.063057108173,4400.595693082546,-8.324728147489683,0.0006623894410661901,4392.274276882262,0.0,72.2040685641266,170,0
3,1.660714800003916,0.4332721999962814,5364.037400382005,-10.78275374781134,1.8222577843344167e-05,5353.254737747084,4391.461887373222,-8.324662603723086,0.0019078512094638015,4383.146764025546,0.0,72.15299253726619,170,0
4,2.084150899958331,0.4234360999544151,5356.995928815472,-10.782778919281164,0.0,5346.213149896191,4381.962585145131,-8.324594350083036,1.1302729921954043e-07,4373.637991360184,0.0,72.09990595104192,170,0
5,2.5181337999529205,0.4339828999945894,5349.529300397457,-10.78280472517591,0.0026550236341409683,5338.759770790452,4372.006961525015,-8.324522548650595,0.0020317066515435547,4363.692597509622,0.0,72.04426750880927,170,0
6,2.9462770999525674,0.42814329999964684,5341.397175972151,-10.782829708907393,1.570860316757063e-05,5330.614424806258,4361.520189244933,-8.324446492722352,0.002377180287026517,4353.207628653647,0.0,71.98556949827918,170,0
7,3.375108799955342,0.4288317000027746,5333.408747377957,-10.782859594457763,2.0323102968798e-05,5322.625989399015,4350.366267422043,-8.324364875142395,0.0036081338529833267,4342.059943216166,0.0,71.92319324639688,170,0
8,3.804214100004174,0.42910530004883185,5324.784849734763,-10.782889900782004,3.158416668647883e-06,5314.001975626064,4338.440288490221,-8.324277287010512,4.836723143608037e-05,4330.116253039368,0.0,71.85660251638619,170,0
9,4.222248799982481,0.4180346999783069,5315.178717774397,-10.782921961785656,0.0,5304.395795812612,4325.653998230352,-8.324182589332823,0.001630846791177622,4317.337969874975,0.0,71.78528498447876,170,0
10,4.657896999968216,0.4356481999857351,5305.5714970647205,-10.782957639569402,2.6685653680286047e-05,5294.7886728534195,4311.93993848894,-8.324080303755734,1.1728297044931587e-05,4303.6159168266695,0.0,71.70878756631217,170,0
11,5.078605499991681,0.4207085000234656,5294.7624040984265,-10.782996859940132,0.0,5283.979407238486,4297.199669128641,-8.323969803223576,0.00112715012497054,4288.881335076042,0.0,71.62662910118227,170,0
12,5.5079716999898665,0.42936619999818504,5282.96018280843,-10.783037957360694,0.0035640568287989495,5272.194965135214,4281.36480869311,-8.32385006875988,0.010545385137874218,4273.093685550039,0.0,71.53839833867428,170,0
13,5.931913200009149,0.4239415000192821,5271.06505209606,-10.783083954679432,0.0001734688993764832,5260.282835485876,4264.3495877454925,-8.32372019429644,0.001898915505811439,4256.035362128725,0.0,71.44368271003911,170,0
14,6.3539124999661,0.4219992999569513,5257.585230481839,-10.783133279029872,0.0,5246.802097202811,4246.125783130505,-8.323579774703667,0.0004387018522761952,4237.804396865063,0.0,71.34220231200499,170,0
15,6.773266599979252,0.41935410001315176,5243.775795296059,-10.783185837580765,0.0,5232.992609458479,4226.614900662328,-8.323427960302334,0.0,4218.291472702026,0.0,71.23362668739436,170,0
16,7.195443700009491,0.42217710003023967,5228.645913456172,-10.783241165105553,0.0,5217.862672291068,4205.75683931056,-8.323264182761797,0.0,4197.433575127799,0.0,71.11770066300768,170,0
17,7.618429199967068,0.4229854999575764,5213.002660140803,-10.783303997089016,0.0001317773975263752,5202.2200150307,4183.5257103287395,-8.323088706858146,0.0,4175.202621621881,0.0,70.99426270806337,170,0
18,8.039587999985088,0.42115880001802,5196.195256429053,-10.783370262690145,0.0006965143250945181,5185.41536873799,4159.908214567075,-8.322900713889402,0.0006987147867358822,4151.58880742712,0.0,70.86320585246733,170,0
19,8.471047699975315,0.4314596999902278,5176.755609775207,-10.783439373233048,0.00014863289773584697,5165.972913566461,4134.888298537226,-8.322697067795684,0.0,4126.56560146943,0.0,70.72442850910922,170,0
20,8.893317799957003,0.42227009998168796,5158.500950586087,-10.78351518818259,6.348093524787945e-05,5147.717752802581,4108.43830674349,-8.322479215999559,0.002174561968351638,4100.126700337332,0.0,70.5779021018662,170,0
21,9.312037499970756,0.418719700013753,5138.774627103571,-10.783596958163844,0.0013005993618145056,5127.9975331422165,4080.5516310966113,-8.322246489528556,0.0,4072.2293846070825,0.0,70.42365117115216,170,0
22,9.7362310999888,0.42419360001804307,5118.4724554859995,-10.783683813919819,0.0,5107.688771672079,4051.1999115127905,-8.321993459121401,0.001039709703420613,4042.8831166021855,0.0,70.2616507510367,170,0
23,10.192427999980282,0.4561968999914825,5096.384834542604,-10.78377720630666,0.0,5085.601057336297,4020.4703977948843,-8.321726349814467,0.003348400700766239,4012.1654134485734,0.0,70.0922457643678,170,0
24,10.667823099996895,0.47539510001661256,5073.2639150952555,-10.783873345351026,0.0017557459676483874,5062.4888204797435,3988.3808821574985,-8.321441369364216,0.0003854054273382246,3980.0613678152713,0.0,69.91557818133344,170,0
25,11.078114899981301,0.4102917999844067,5049.777323052428,-10.783982567113243,0.00027819899164195026,5038.994731480273,3954.897733952643,-8.32113696421079,0.0020289036197125047,3946.5867415065304,0.0,69.73177012627104,170,0
26,11.478662299981806,0.40054740000050515,5024.179088778932,-10.7840898488786,0.0,5013.394998930054,3920.092718535978,-8.32081413359344,0.008428996949916119,3911.8140493871333,0.0,69.54122392454259,170,0
27,11.895559399970807,0.4168970999890007,4999.291063972154,-10.784209969030105,0.0003573242184247811,4988.508640624216,3883.9509414324007,-8.320470459466973,0.0,3875.6304709729334,0.0,69.34417705703062,170,0
28,12.30073179997271,0.40517240000190213,4973.416394070447,-10.784335275485182,0.0,4962.632058794961,3846.644808237429,-8.320101062018534,0.0002904533215450815,3838.3261594420183,0.0,69.14120459512067,170,0
29,12.706552899966482,0.4058210999937728,4947.029360786914,-10.784473971826014,0.0015338019453800386,4936.252555824814,3808.1418008510514,-8.31971194581444,0.0,3799.822088905237,0.0,68.93269985670688,170,0
30,13.107959899993148,0.40140700002666563,4919.199356943577,-10.784614529196626,0.0,4908.414742414379,3768.437797523874,-8.319299304169583,0.0026312887532189996,3760.1316546634707,0.0,68.71904337534738,170,0
31,13.509151600010227,0.4011917000170797,4893.677728413098,-10.784771396195302,3.6622448910530642e-06,4882.892975328127,3727.657400140286,-8.318857925816655,0.0007435293418780846,3719.3422598611787,0.0,68.50084751936276,170,0
32,13.92643870000029,0.4172870999900624,4866.062592036957,-10.784934911922377,0.0,4855.277657125034,3685.9427703180063,-8.318390210388783,0.0007343498091975422,3677.6280518566637,0.0,68.27891084951317,170,0
33,14.330968800000846,0.40453010000055656,4836.994316807839,-10.785104944694861,0.0007920573971420408,4826.213172150129,3643.368342036891,-8.317893202866234,0.0,3635.050448834025,0.0,68.05386724407101,170,0
34,14.738988999975845,0.40802019997499883,4808.959031551662,-10.78528717088745,0.0,4798.173744380775,3600.0467095692443,-8.317367642031929,0.00838508838739148,3591.7712673691494,0.0,67.82648036462771,170,0
35,15.141994100005832,0.40300510002998635,4779.805087876176,-10.785474381874211,0.00018650444038165092,4769.020546016504,3556.2418171569375,-8.316813424577237,0.00018828272211158985,3547.925945145971,0.0,67.59790625753962,170,0
36,15.55263940000441,0.4106452999985777,4751.464015639601,-10.785682796195276,7.574139704189734e-05,4740.67871155039,3511.870492422023,-8.316222062167734,0.00040670152041822065,3503.556303867458,0.0,67.36854964233501,170,0
37,15.974207999999635,0.42156859999522567,4724.194378658908,-10.785891689621366,0.0,4713.408486969288,3467.2594470116915,-8.315592694024355,0.002238056217935753,3458.955044598756,0.0,67.13966204958362,170,0
38,16.371810099983122,0.3976020999834873,4695.261485128981,-10.786128341693864,0.0034865482663020133,4684.492789528617,3421.886951227898,-8.314885289715425,0.002252760019773229,3413.583329738281,0.0,66.91061721298558,170,0
39,16.78582779999124,0.41401770000811666,4666.633387321023,-10.786381615980076,0.0,4655.847005705043,3376.427483321895,-8.314159721036734,0.0,3368.113323600858,0.0,66.68395465105077,170,0
40,17.185469599964563,0.39964179997332394,4639.655239484582,-10.7866341706499,0.0002654143943358782,4628.869932385905,3330.9228345021043,-8.313407738666804,0.0006151618985220169,3322.61250257293,0.0,66.46035318721373,170,0
41,17.596359199960716,0.41088959999615327,4615.828288777619,-10.786921724089545,2.4126466077820217e-05,4605.0414876858595,3285.1092466741798,-8.312557994359242,0.0,3276.796688679821,0.0,66.23953885168191,170,0
42,18.007895099988673,0.4115359000279568,4587.3866197389925,-10.78721538162597,0.0007818307025510482,4576.60331351088,3239.955502354576,-8.311693728237818,0.0,3231.643808626338,0.0,66.02477906121993,170,0
43,18.419998199969996,0.4121030999813229,4562.667713010908,-10.787526802654023,9.521137951642081e-06,4551.880233813944,3195.079006310251,-8.310826744961359,4.735946368006096e-05,3186.7684163626077,0.0,65.81624199342292,170,0
44,18.826046100002714,0.40604790003271773,4538.809149645057,-10.787848910427153,8.24963986619296e-05,4528.021713216623,3150.6988584353467,-8.309944879830258,0.0007787961617216079,3142.392807536325,0.0,65.61503516725095,170,0
45,19.241791300009936,0.4157452000072226,4517.775232438382,-10.788169312278832,0.0004988064517794678,4506.989557158361,3106.9766769887938,-8.30900259995139,1.3126013983114428e-05,3098.6677400189124,0.0,65.42175222674295,170,0
46,19.644818699976895,0.4030273999669589,4495.677056049481,-10.788509402459747,0.0007020937616167932,4484.892057115829,3064.43717045625,-8.308000114506012,0.0011540753965343317,3056.134940718726,0.0,65.23819050692138,170,0
47,20.053333499992732,0.40851480001583695,4476.68454448948,-10.788878717822522,0.00013414709682549352,4465.89633650714,3022.3239658949637,-8.30681185139976,0.0,3014.017154043564,0.0,65.06244050763166,170,0
48,20.455937799997628,0.4026043000048958,4454.941149508843,-10.789307378955327,0.0,4444.151842129887,2981.6549204504413,-8.30553225761217,6.183392031092346e-05,2973.349697362431,0.0,64.89729511138877,170,0
49,20.86443339998368,0.408495599986054,4440.539104714505,-10.789688425853578,7.495584264219278e-06,4429.749453766572,2942.767603733415,-8.304591621011314,0.0005536150049211684,2934.465780187428,0.0,64.74825192188965,170,0
50,21.274847999971826,0.4104145999881439,4423.893179791248,-10.790010356986219,4.646028714906498e-06,4413.103192664407,2909.8245030140415,-8.303484589140735,0.0,2901.521018424901,0.0,64.62707896219852,170,0
51,21.696564099984244,0.4217161000124179,4412.87429841727,-10.790419266758327,0.0,4402.083879150515,2876.416327987534,-8.30234365679803,0.0,2868.113984330735,0.0,64.5121857093922,170,0
52,22.215889999992214,0.5193259000079706,4401.253514611537,-10.790830088761027,0.0027903402279921565,4390.476636223917,2841.679756194505,-8.301102607677468,0.0,2833.3786535868276,0.0,64.40062544034025,170,0
53,22.741948399983812,0.526058399991598,4392.949802818236,-10.791248553117121,0.0008773591695641527,4382.162941060967,2812.9924234850837,-8.29979669824396,0.0014830444147444098,2804.700042008914,0.0,64.31433573187962,170,0
54,23.267111999972258,0.5251635999884456,4386.11520959768,-10.79170940888397,0.0002872903106644705,4375.324936640352,2797.028375449125,-8.298497954787276,0.0,2788.729877494338,0.0,64.26581194042753,170,0
55,23.75760019995505,0.49048819998279214,4381.695949746759,-10.792203520721513,0.00021097591903539815,4370.904801105633,2779.379514392572,-8.29717267478691,0.010145973632635804,2771.1330715859485,0.0,64.21465851757084,170,0
56,24.228186999971513,0.4705868000164628,4377.394957708721,-10.792685445646338,0.0,4366.602272263075,2763.6889760142653,-8.295829504161654,0.0010983749322052154,2755.398638384765,0.0,64.1701233510335,170,0
57,24.701560499961488,0.47337349998997524,4375.145546322483,-10.793101325787624,1.599777399524623e-05,4364.352524985566,2744.098763890503,-8.294922360405199,0.0056578735668979235,2735.8321308979325,0.0,64.12333047034654,170,0
58,25.12273559998721,0.4211751000257209,4371.899289210664,-10.7933942968671,0.0,4361.105894913796,2736.2534498243435,-8.294260951305594,0.0,2727.959188873038,0.0,64.10327883056365,170,0
59,25.599127699970268,0.47639209998305887,4370.131345376685,-10.793616492762721,7.219362828781627e-05,4359.3380898520645,2732.67160065151,-8.293640540228125,0.0017500987743877135,2724.386710605154,0.0,64.09161600760801,170,0
60,26.084488299966324,0.4853605999960564,4368.946421537037,-10.793828528093835,0.0003328795948958451,4358.154257406918,2727.0241756320474,-8.293070339146169,0.00013638576921048696,2718.7317872217473,0.0,64.07688301433167,170,0
61,26.564635299961083,0.4801469999947585,4367.776329298702,-10.79403392681442,0.0,4356.982295371888,2721.25018206306,-8.292462469219098,0.0039426508491029995,2712.977432848086,0.0,64.0618877937594,170,0
62,26.986730000004172,0.4220947000430897,4366.817973420216,-10.79428244071659,0.0,4356.0236909794985,2708.8629300024254,-8.29162663248225,0.004086470421486359,2700.5917357220505,0.0,64.03536484796619,170,0
63,27.389138199971057,0.40240819996688515,4365.218146903759,-10.794568954108476,0.00217343249581843,4354.43444511213,2704.264467251852,-8.29092169166111,0.0,2695.9735455601913,0.0,64.02205818197874,170,0
64,27.793413599953055,0.4042753999819979,4363.910087873305,-10.794829001960801,0.0,4353.115258871344,2703.168660377886,-8.290101524115041,0.0003985948951610326,2694.880551828247,0.0,64.01243911103974,170,0
65,28.19383869995363,0.4004251000005752,4362.82249542361,-10.79511701836532,0.0003597743919281106,4352.029177277204,2705.6976931253794,-8.289283965975878,0.0007966465299499435,2697.4123923920533,0.0,64.00808072638394,170,0
66,28.611309900006745,0.41747120005311444,4362.101012147141,-10.795402263716113,7.105089204843637e-06,4351.305645408871,2709.2495486828175,-8.288555883063594,0.00043813371102797635,2700.963183468309,0.0,64.00662132442497,170,0
67,29.051487799966708,0.4401778999599628,4360.72941545094,-10.795630845208242,3.2719918689827745e-06,4349.933800965692,2708.0002146225893,-8.287923384845923,0.0,2699.7122912377436,0.0,63.99875538436921,170,0
68,29.474866100004874,0.42337830003816634,4359.640539703998,-10.795888432834118,0.0,4348.8446512711635,2705.770492969404,-8.28716665789857,0.006017125901216695,2697.5134119410122,0.0,63.98810065698142,170,0
69,29.913682299957145,0.43881619995227084,4358.111122475935,-10.796170206366568,0.0,4347.314952269569,2698.6629092341527,-8.286093944401712,0.007603183333951177,2690.414831206421,0.0,63.966653826539705,170,0
70,30.315627300005872,0.4019450000487268,4356.136975018665,-10.796583706023615,6.656835816240652e-06,4345.3404245968195,2681.9964169270875,-8.284748347588557,0.00046221527465233167,2673.713979655872,0.0,63.929652914172145,170,0
71,30.69970369996736,0.38407639996148646,4354.013292620945,-10.797051729523037,0.00021526403550608465,4343.217317211601,2671.6420840981446,-8.283401304043638,3.9685730430606154e-05,2663.358881222753,0.0,63.903112933631895,170,0
72,31.08719230000861,0.38748860004125163,4351.976802974837,-10.797549251023922,0.0,4341.179253723813,2662.258068786876,-8.28201568088308,0.0,2653.976053105993,0.0,63.878161620675364,170,0
73,31.468472599983215,0.38128029997460544,4349.757999998944,-10.797987614493046,0.0003378540087067898,4338.961701654494,2658.057414614943,-8.281022315649311,0.0031406286159501905,2649.7920954423735,0.0,63.863141460959056,170,0
74,31.84787040000083,0.3793978000176139,4348.403645516617,-10.798332524660621,0.0,4337.6053129919555,2654.7888872840244,-8.280105108681685,3.6067930522206683e-07,2646.5087839787393,0.0,63.84960228597335,170,0
75,32.24762149999151,0.3997510999906808,4347.13338309381,-10.798629489105242,0.0,4336.334753604705,2654.145966003077,-8.279456820793675,0.0004899922961451922,2645.868959143764,0.0,63.84165288403606,170,0
76,32.62199309997959,0.37437159998808056,4346.073733343222,-10.798837801556312,0.0,4335.274895541665,2650.1330718864347,-8.278803738996402,0.0003378685437851306,2641.8559574901583,0.0,63.83048525502217,170,0
77,33.00512439996237,0.38313129998277873,4345.307268062802,-10.799053433940506,0.0008006601971564555,4334.512217929847,2647.3930871684756,-8.278135050047853,3.4084512936618684e-05,2639.1151225409926,0.0,63.82046602154143,170,0
78,33.40819539997028,0.4030710000079125,4344.079789329196,-10.79931599447485,0.0,4333.280473334721,2645.641791563781,-8.277312340866244,0.0008286409829352354,2637.36862242783,0.0,63.809417654605504,170,0
79,33.789849399996456,0.3816540000261739,4342.93714796964,-10.799578500461852,0.0,4332.137569469179,2650.2834856546333,-8.276666840439717,0.003567079416354227,2642.024654211276,0.0,63.806921519992756,170,0
80,34.1656872999738,0.3758378999773413,4341.669753741536,-10.799800157251086,0.0010716323734350109,4330.875311746151,2650.1762496143565,-8.276136035107172,0.0002172203935723348,2641.901199681217,0.0,63.80112814723995,170,0
81,34.54166940000141,0.37598210002761334,4340.854888190829,-10.799975360066876,0.0,4330.054912830763,2649.5528837517877,-8.27559968949721,0.0027063097260033525,2641.2908156109206,0.0,63.79476165805943,170,0
82,34.91826179996133,0.3765923999599181,4340.113482529341,-10.800172618005032,0.00010389479192010204,4329.313829385296,2644.6287775673472,-8.275019664199919,0.007313987260377837,2636.390327839449,0.0,63.78334152484206,170,0
83,35.30695589998504,0.38869410002371296,4339.053573157118,-10.800380274717387,0.0002791524100374859,4328.25458864445,2644.949210146818,-8.274415140761514,0.0,2636.6747950060567,0.0,63.777275651628635,170,0
84,35.68061320000561,0.3736573000205681,4338.2693815396715,-10.80056504556364,0.0,4327.468816494107,2644.9221927118147,-8.273961446716594,0.00306360999639805,2636.66354931508,0.0,63.77258521501628,170,0
85,36.12351859995397,0.44290539994835854,4337.422425634262,-10.800698481199362,0.0,4326.621727153063,2642.948298531256,-8.273566746811618,0.0,2634.6747317844447,0.0,63.76626744841928,170,0
86,36.63291659997776,0.5093980000237934,4338.18667485378,-10.800835812789568,0.0,4327.38583904099,2637.6602938216984,-8.273252389363826,0.0006024677433304084,2629.3900537710515,0.0,63.75721083938423,170,0
87,37.03054899995914,0.3976323999813758,4336.723107874657,-10.800933626898276,0.0,4325.92217424776,2640.867754214779,-8.272995614451576,4.0543134160567267e-05,2632.594961315998,0.0,63.75791096173611,170,0
88,37.50421579997055,0.47366680001141503,4335.937964740122,-10.801055294753244,0.0,4325.136909445369,2637.308573486062,-8.27249158882096,3.427005214903929e-05,2629.0362532475006,0.0,63.74866218798499,170,0
89,37.98039379995316,0.47617799998261034,4335.359356927364,-10.80121383006594,1.9247940190631855e-05,4324.558239337,2636.5115007671784,-8.272117767417374,0.0,2628.239382999761,0.0,63.743817929741454,170,0
90,38.46337279997533,0.4829790000221692,4334.500899115648,-10.801369343638566,0.00010255748854226526,4323.700042559452,2638.073874078017,-8.271501633916206,0.0,2629.802372444101,0.0,63.73911750196457,170,0
91,38.857612399966456,0.3942395999911241,4333.751857196798,-10.801569613907624,0.000376986060931358,4322.952172513194,2639.3110950933656,-8.270846545110569,0.0002306699156853226,2631.0414018978336,0.0,63.73377636933942,170,0
92,39.34927599999355,0.4916636000270955,4332.532262071384,-10.801807241312819,0.0,4321.730454830072,2637.838284058381,-8.270252447478141,0.0006886272563006284,2629.5714747471843,0.0,63.72565674435815,170,0
93,39.769582899985835,0.42030689999228343,4331.987362999909,-10.802014983894448,3.9612721852486184e-05,4321.185546079624,2630.9141271057983,-8.269612949152984,6.86009280146502e-06,2622.6445484571095,0.0,63.710472199101964,170,0
94,40.27348729997175,0.5039043999859132,4330.510214710795,-10.80224408862789,0.0,4319.707970622167,2626.452224001311,-8.26891101402785,0.0,2618.183312987284,0.0,63.69810734882453,170,0
95,40.76157069997862,0.48808340000687167,4329.531320618137,-10.802474386208518,0.0,4318.728846231929,2623.728980977664,-8.268280332651106,0.0,2615.460700645013,0.0,63.68839451955948,170,0
96,41.28639969998039,0.5248290000017732,4329.0776431326785,-10.80268293294333,0.0,4318.274960199735,2619.2461843296255,-8.267845854704184,0.001726901177182749,2610.986972980807,0.0,63.679188536865105,170,0
97,41.78306819999125,0.4966685000108555,4328.331914362259,-10.802807703438903,0.0,4317.52910665882,2620.4949365718576,-8.267473301754851,0.0,2612.2274632701033,0.0,63.67650337581093,170,0
98,42.23627589998068,0.45320769998943433,4327.636528295197,-10.802949740757162,0.0,4316.833578554439,2616.316245759122,-8.26696134544048,3.564248589057782e-08,2608.0492845918934,0.0,63.666984170880944,170,0
99,42.685151499987114,0.44887560000643134,4326.856836455911,-10.803133995568063,0.0,4316.053702460344,2612.090279401495,-8.26629573018211,0.0,2603.823983671313,0.0,63.65539233375533,170,0
100,43.13630239997292,0.45115089998580515,4325.807576784128,-10.803384842991074,0.0004252966604742238,4315.006318424439,2608.470682569809,-8.265653432294492,0.0004571303873300266,2600.207314789451,0.0,63.64496157086533,170,0
101,43.609001899953,0.4726994999800809,4325.090862942294,-10.803577333393704,1.6267368410223195e-05,4314.287366945743,2604.5965705955696,-8.265207956994093,8.525767854576135e-06,2596.331405267415,0.0,63.63677901072181,170,0
102,44.07806359999813,0.46906170004513115,4324.585648866016,-10.80370993550289,4.696801351922647e-05,4313.78217377058,2603.472947598638,-8.264907467673758,0.012163580636390349,2595.268858034146,0.0,63.632468463412714,170,0
103,44.56936119997408,0.491297599975951,4324.251300808918,-10.803805532917439,9.600361946549319e-06,4313.447543277812,2605.6516505492827,-8.26465842094038,0.00029158175589739417,2597.3884500371214,0.0,63.63121889322902,170,0
104,45.02638689999003,0.4570257000159472,4323.515974273818,-10.8038832630338,6.695594339695914e-05,4312.712425790502,2607.9266026571017,-8.264447105941343,0.023214560786049575,2599.7782283550914,0.0,63.63076309313435,170,0
105,45.49300239997683,0.4666154999868013,4323.214595769116,-10.803954528081894,0.0002674020668439293,4312.411978251369,2609.7428726908747,-8.264256752067373,0.00022912071023510735,2601.4797615423586,0.0,63.63037733994799,170,0
106,45.97190969996154,0.47890729998471215,4322.614457147444,-10.804031053910084,0.0,4311.810426093533,2608.367724819265,-8.263822353172626,0.0005211604148798152,2600.1065082681666,0.0,63.623974100926546,170,0
107,46.38973090000218,0.4178212000406347,4321.948576625811,-10.804215909671198,6.420877743272194e-05,4311.144681760028,2609.35548273557,-8.263242341818708,0.0013068538527424118,2601.098774663016,0.0,63.61842126786905,170,0
108,46.89611259999219,0.5063816999900155,4320.862918226295,-10.804418443385886,0.0,4310.058499782909,2606.6928449977704,-8.262744616729671,0.0,2598.43010038104,0.0,63.61011495145645,170,0
109,47.32960080000339,0.4334882000111975,4320.0481561556735,-10.804590629568994,0.0,4309.243565526105,2604.6389022668945,-8.262198021271413,0.0,2596.376704245623,0.0,63.60213938906202,170,0
110,47.83898539998336,0.5093845999799669,4319.317580357758,-10.804753035462253,1.3303644398573496e-05,4308.512893840519,2604.37457500861,-8.26168681064951,0.019396795038032245,2596.2098721731504,0.0,63.59643475985491,170,0
111,48.29386689997045,0.4548814999870956,4318.51950071647,-10.80493712598208,0.0002752975516154085,4307.715940078247,2601.917601775191,-8.261194436905733,0.0,2593.656407338285,0.0,63.58857998733779,170,0
112,48.80021369998576,0.506346800015308,4317.689344985513,-10.80509454392612,0.00029963979882119917,4306.885748640582,2599.867678305112,-8.260647140908397,0.0,2591.6070311642034,0.0,63.580900951341334,170,0
113,49.25515069998801,0.45493700000224635,4317.002818788424,-10.805278404721035,0.0013105330523629193,4306.204093048964,2598.0343293222422,-8.260218493414673,4.559635396678853e-05,2589.7743388105973,0.0,63.57476791853395,170,0
114,49.7779801999568,0.5228294999687932,4316.4320369870165,-10.805400824894393,0.0,4305.626636162123,2597.6380173490397,-8.259909197101576,0.0,2589.3781081519382,0.0,63.5712370655823,170,0
115,50.3144675999647,0.5364874000078999,4316.048796233011,-10.805495540748021,0.0,4305.243300692262,2596.247654380514,-8.259646144880206,0.0005779130210212493,2587.9908978007393,0.0,63.56711932834997,170,0
116,50.845268499979284,0.530800900014583,4315.663840414282,-10.805571247109096,1.6277700471257665e-05,4304.858350555674,2596.1040972690275,-8.259434058063254,0.0,2587.844663210965,0.0,63.56467380674166,170,0
117,51.35790719999932,0.5126387000200339,4315.364901003847,-10.80564527841549,4.124021160687039e-05,4304.559461926489,2595.6244339327977,-8.259222727826238,0.0,2587.3652112049717,0.0,63.56196406352662,170,0
118,51.78381419996731,0.4259069999679923,4315.106086645708,-10.80571694909277,0.0001856153314592897,4304.301297773273,2593.603882178307,-8.258964308700822,0.0,2585.344917869606,0.0,63.55722328686885,170,0
119,52.217833400005475,0.43401920003816485,4314.565710873224,-10.805819961915901,0.0,4303.759890911308,2591.6035668991053,-8.258618950521907,0.0,2583.3449479485835,0.0,63.55162346702842,170,0
120,52.64662569999928,0.42879229999380186,4314.187748939221,-10.805928765979488,0.0,4303.38182017324,2591.559030132993,-8.258333579831174,4.129317098950472e-05,2583.300903019017,0.0,63.548413520062276,170,0
121,53.05072649999056,0.40410079999128357,4313.664701252334,-10.80602047627819,4.576525672323073e-08,4302.858681004883,2592.5670941559124,-8.25810519123321,0.0,2584.308988964679,0.0,63.54681517591771,170,0
122,53.45529399998486,0.4045674999943003,4313.316120633573,-10.806086071322223,0.0,4302.510034562251,2592.2302901496923,-8.257860215458987,0.0,2583.9724299342333,0.0,63.54395721803599,170,0
123,53.869656199996825,0.4143622000119649,4313.045339362024,-10.806193275749397,0.0,4302.239146086275,2590.769506962521,-8.257504408094668,0.0,2582.5120025544265,0.0,63.5390029486951,170,0
124,54.26995459996397,0.40029839996714145,4312.45071196433,-10.806299116607677,0.0,4301.644412847722,2591.181284714609,-8.2572190901273,0.0,2582.924065624481,0.0,63.53646515710298,170,0
125,54.6849491999601,0.41499459999613464,4311.926066452881,-10.806404310695928,0.0,4301.119662142184,2589.7511189607562,-8.256862329015071,0.0005538332038073645,2581.49702579776,0.0,63.53120323701968,170,0
126,55.086924800009,0.40197560004889965,4311.446268363615,-10.806514334378077,0.0005192874575056919,4300.642350466524,2590.038546945384,-8.256585584744801,0.0,2581.78196136064,0.0,63.528458059546544,170,0
127,55.492233199998736,0.40530839998973534,4311.037019551132,-10.806599590420769,0.007231405112358307,4300.266576986274,2589.5755645044887,-8.25638110557955,0.005084842152015186,2581.344607609669,0.0,63.52575133461478,170,0
128,55.904627299983986,0.41239409998524934,4310.649511448105,-10.80667613208338,0.0,4299.8428353160225,2591.088557387281,-8.256049307810049,0.002766221699405658,2582.8463391879686,0.0,63.52370110119481,170,0
129,56.30549939995399,0.4008720999700017,4309.861979420552,-10.806803840129751,0.0,4299.055175580423,2592.2945450235898,-8.255674744070173,0.001194814004057771,2584.0448443495397,0.0,63.52096595693187,170,0
130,56.71230919996742,0.40680980001343414,4309.456321766352,-10.80691602003056,0.0002766036722926127,4298.650788764683,2593.0280115048595,-8.255387098869933,0.0009617672976362757,2584.7774332424774,0.0,63.51875098715383,170,0
131,57.116940499981865,0.4046313000144437,4308.891480576293,-10.807014374735331,0.0,4298.084466201559,2591.4607963112285,-8.255055546431562,0.0,2583.2057407647962,0.0,63.51333155790854,170,0
132,57.52321459999075,0.4062741000088863,4308.509738427055,-10.80713432107566,0.0018349273923071628,4297.711778742941,2589.224056222375,-8.25474475886848,0.0,2580.9693114635065,0.0,63.50745013494059,170,0
133,57.93356779997703,0.4103531999862753,4307.927212176884,-10.807231271996418,0.0,4297.119980904887,2589.549467857665,-8.254481330702868,0.009328751756001858,2581.341630285743,0.0,63.5051367100148,170,0
134,58.335686999955215,0.4021191999781877,4307.484270389754,-10.80731910836394,0.0,4296.676951281389,2589.097240219999,-8.254209992308551,0.0012679333685582423,2580.8493698945335,0.0,63.501837793204466,170,0
135,58.74719500000356,0.4115080000483431,4307.136088330905,-10.807402680226142,0.0,4296.328685650679,2588.250980744525,-8.254002241181919,0.0005137230274510026,2579.9995471184807,0.0,63.49869084722777,170,0
136,59.15596939995885,0.4087743999552913,4306.79608887216,-10.807469966666156,0.0,4295.988618905493,2586.8690392403723,-8.253757828058706,8.836557096580641e-05,2578.6157232401683,0.0,63.49462258863576,170,0
137,59.55960320000304,0.40363380004419014,4306.369312800424,-10.80755883035732,0.0001463322246471892,4295.562485631189,2585.1649693365694,-8.253473235457525,0.0007926960879726928,2576.9154595815517,0.0,63.48963216691152,170,0
138,59.971361899981275,0.4117586999782361,4306.1038113366985,-10.80765051235275,0.0,4295.296160824345,2583.296074585586,-8.253213512023583,3.583141816809383e-05,2575.043040230653,0.0,63.48479876611449,170,0
139,60.38529509998625,0.41393320000497624,4305.624702949948,-10.807739660396658,8.819582903090256e-07,4294.816967699343,2582.284182831603,-8.252917418807591,0.00027180860043915734,2574.0326244557978,0.0,63.480593619760214,170,0
140,60.804635200009216,0.4193401000229642,4305.221702138877,-10.807836618682693,0.0001606138007926394,4294.414668589198,2581.2478998574693,-8.252680470087597,0.0010660178006671505,2573.000549476385,0.0,63.476997452012945,170,0
141,61.212981799966656,0.40834659995744005,4304.871495515927,-10.807908278626245,0.0,4294.0635872373,2581.0218710792346,-8.252490319622057,0.0,2572.7693807596124,0.0,63.47475531107296,170,0
142,61.62483729998348,0.41185550001682714,4304.631904489112,-10.807971165570004,6.818276087276289e-07,4293.82393673268,2581.377807111324,-8.252261273698377,0.0,2573.1255458376254,0.0,63.47294764285966,170,0
143,62.03022479999345,0.40538750000996515,4304.237439936734,-10.808043776388935,0.0003987035648666713,4293.43138967817,2581.277750923414,-8.252044052695426,0.0,2573.0257068707174,0.0,63.47069154968507,170,0
144,62.4298227999825,0.3995979999890551,4303.921488310233,-10.808110248348873,0.0004891658372731134,4293.115823891072,2581.226745027601,-8.2518272106189,0.001666372546291307,2572.983249679714,0.0,63.468497005096665,170,0
145,62.83702949999133,0.4072067000088282,4303.587007777682,-10.808191766269655,0.0,4292.778816011412,2580.4791814414693,-8.251592608350983,4.143518442795946e-06,2572.2276095507104,0.0,63.46529976714332,170,0
146,63.24545129999751,0.408421800006181,4303.251823027017,-10.808259093263361,0.0,4292.443563933753,2580.012586444589,-8.251415918958383,0.003119865161901824,2571.7767698514403,0.0,63.463010562195535,170,0
147,63.65060190000804,0.40515060001052916,4303.0357077852095,-10.808313155713654,0.0,4292.227394629497,2579.3576634819588,-8.25127470209433,0.008184931584847049,2571.147313437789,0.0,63.46084680186799,170,0
148,64.05388069996843,0.40327879996038973,4302.904105861063,-10.808355895367564,0.0002824287561897123,4292.097162109478,2578.5554856315434,-8.251154324024709,0.0021169649372316857,2570.314916132205,0.0,63.45875665132851,170,0
149,64.45261079998454,0.39873010001610965,4302.70693119842,-10.808390095123,0.0,4291.898541103296,2578.84646019491,-8.251064058126827,0.0013470864502460082,2570.6021315690346,0.0,63.458187309580914,170,0
150,64.8615143999923,0.40890360000776127,4302.58876557321,-10.808418987489286,0.0,4291.7803465857205,2578.2915562599073,-8.250978002593937,4.151473432087041e-05,2570.040785830985,0.0,63.456699936236774,170,0
151,65.26397179998457,0.40245739999227226,4302.389112022546,-10.80844882565445,0.0,4291.580663196892,2578.712649484217,-8.250871330011044,0.0005584319531590184,2570.4645703139718,0.0,63.456089021174144,170,0
152,65.67212559998734,0.4081538000027649,4302.344014026218,-10.808482732516431,0.0,4291.535531293702,2579.7862638398105,-8.250777843999984,0.0,2571.5354859958106,0.0,63.45639298887681,170,0
153,66.08089320000727,0.40876760001992807,4302.062920541635,-10.808512558587319,0.0,4291.254407983048,2580.3320350993567,-8.250684520854211,0.004505094742133681,2572.1038760522133,0.0,63.45610879588412,170,0
154,66.48237489996245,0.401481699955184,4301.926423300551,-10.80854673909962,0.0,4291.11787656145,2580.456583724007,-8.250555872579646,0.0018546381495593944,2572.215301042175,0.0,63.455001057846,170,0
155,66.89306079997914,0.4106859000166878,4301.7438766773785,-10.808589708779323,0.00019739988207483116,4290.93627396801,2580.261227576936,-8.250434088451374,0.0002980709288335045,2572.0122838431294,0.0,63.45357289609077,170,0
156,67.28919809998479,0.3961373000056483,4301.567401613792,-10.80862691665944,0.0009866802972989884,4290.763708098619,2580.2219663517762,-8.250336158188315,0.0019254963325770211,2571.981257675251,0.0,63.452555796026935,170,0
157,67.6969121999573,0.40771409997250885,4301.418423549882,-10.80865704778101,0.0,4290.609766502102,2580.371799396397,-8.250244329082864,0.0014436246791470898,2572.12877319071,0.0,63.45185968340036,170,0
158,68.10094380000373,0.40403160004643723,4301.28294490972,-10.808691344103293,0.0,4290.474253565615,2580.815631364941,-8.250124638467513,0.006156679935502592,2572.5962901261514,0.0,63.45134526692261,170,0
159,68.50168889999622,0.4007450999924913,4301.137606004743,-10.808725767422052,0.0023147825452665763,4290.340454150047,2581.1763212180203,-8.250025847191289,0.03085764486583057,2573.0805835951583,0.0,63.450897740314254,170,0
160,68.9102974999696,0.40860859997337684,4300.985324643038,-10.808755724537434,0.0007706609985536155,4290.180422223494,2581.2583072224147,-8.249940279215128,0.0,2573.0083669431997,0.0,63.45018890216701,170,0
161,69.3410563999787,0.43075890000909567,4300.869818755626,-10.808781566092641,0.00030782035301433705,4290.062576291299,2581.066044862955,-8.249872606278625,0.0,2572.816172256676,0.0,63.44928511562683,170,0
162,69.75238919997355,0.4113327999948524,4300.794550854541,-10.808803199178758,0.0012026437330702846,4289.991760874028,2580.7156001511,-8.249816193083067,0.0,2572.465783958017,0.0,63.448275089690796,170,0
163,70.17065260000527,0.41826340003171936,4300.696758911911,-10.808820583471174,0.0,4289.887938328439,2580.637483454492,-8.249768492707926,0.0007205883985699137,2572.3913179037772,0.0,63.44770598398605,170,0
164,70.582619599998,0.41196699999272823,4300.612798968613,-10.80883683775847,0.0,4289.8039621308535,2580.375612355855,-8.249709070927706,0.00628673354162371,2572.1573369526354,0.0,63.446773828361785,170,0
165,71.00203829997918,0.4194186999811791,4300.518644270911,-10.808855823528718,0.00016216497038014764,4289.710599272235,2580.3881761076855,-8.249652967008537,0.004155309364915327,2572.1592996875015,0.0,63.44623298760902,170,0
166,71.43271089997143,0.43067259999224916,4300.435895063868,-10.80887438323419,0.0,4289.627020680634,2580.2990513676996,-8.249584906933482,0.00016742858546439686,2572.050303603693,0.0,63.445437331150714,170,0
167,71.87282339995727,0.4401124999858439,4300.32667425145,-10.808901289780465,0.00013296212716396721,4289.518437772306,2579.9344958148113,-8.24950156918996,0.0,2571.6849942456215,0.0,63.44412763774175,170,0
168,72.2909560999833,0.4181327000260353,4300.195627825432,-10.808924969934061,0.0005115397981464954,4289.389260554489,2579.643509048084,-8.249440106001106,0.0,2571.3940689420833,0.0,63.44313379478026,170,0
169,72.72919230000116,0.43823620001785457,4300.117738189912,-10.808943376750687,0.0,4289.308794813162,2579.3493374159593,-8.249389079494096,1.293560752889419e-05,2571.100013014503,0.0,63.44224383243447,170,0
170,73.15883809997467,0.42964579997351393,4300.040692755974,-10.80895894919967,4.596706243626149e-05,4289.231963642088,2579.238695311449,-8.249347652881074,0.0,2570.989347658568,0.0,63.44168337734303,170,0
171,73.55740240000887,0.3985643000341952,4299.982681752785,-10.808972323174363,8.189377807429282e-06,4289.1737503765,2579.22179886761,-8.24931019985962,0.0006826910032875512,2570.975902122766,0.0,63.441272915597814,170,0
172,73.98991439997917,0.432511999970302,4299.943589118861,-10.808984136614079,0.0,4289.134604982247,2579.4085304103573,-8.249271782714182,0.027140675326846476,2571.2949620042777,0.0,63.441111254469256,170,0
173,74.39333839999745,0.4034240000182763,4299.855089628257,-10.808998202726263,0.0,4289.04609142553,2579.4114006736013,-8.249234019895852,7.601725355496066e-06,2571.1622046623315,0.0,63.44071599813746,170,0
174,74.79868489998626,0.40534649998880923,4299.805474407416,-10.809009190042941,2.5347494232605538e-05,4288.996591954845,2579.3497220919753,-8.249204301912046,0.0,2571.1005177900633,0.0,63.44032338696192,170,0
175,75.20186019997345,0.4031752999871969,4299.760789911695,-10.809018772299865,0.0,4288.9517711393955,2579.3040364589633,-8.249177430419465,0.002608148538857852,2571.067899771238,0.0,63.439986315794414,170,0
176,75.60878670000238,0.4069265000289306,4299.7219663974465,-10.809027636410473,0.0,4288.912938761036,2579.2192330241605,-8.249154030419756,0.000243076576998111,2570.9712943766253,0.0,63.43963549916737,170,0
177,76.01278099999763,0.4039942999952473,4299.685567808838,-10.809035078857487,7.376203819653373e-06,4288.8765696109995,2579.2071379330487,-8.249131057416152,0.0033253437888213317,2570.974633594577,0.0,63.43938734712945,170,0
178,76.41253739997046,0.39975639997282997,4299.648752751414,-10.809042875798285,0.0001297349755712566,4288.840358550493,2579.205768593224,-8.249106312246711,5.058198450782162e-05,2570.956915190901,0.0,63.43914052097943,170,0
179,76.81829899997683,0.40576160000637174,4299.608209997458,-10.809051681641769,0.001872843970390097,4288.808522535668,2579.164234042072,-8.249077945529178,0.0015361546682288228,2570.922836869884,0.0,63.43879890319747,170,0
180,77.22214169998188,0.4038427000050433,4299.5593723477605,-10.809060996596852,0.0,4288.750311351163,2578.9764829057553,-8.249054242837316,0.001521440321352688,2570.735035864525,0.0,63.43831096616068,170,0
181,77.62827489996562,0.4061331999837421,4299.522933071013,-10.809068274729475,0.0,4288.713864796284,2578.8130198854165,-8.249034596820323,4.078818037661608e-05,2570.5641892294975,0.0,63.437895892449895,170,0
182,78.03156029997626,0.4032854000106454,4299.510649199784,-10.80907434995509,0.0,4288.701574849829,2578.6595346691497,-8.249018988622783,0.0009429534079740059,2570.415230447567,0.0,63.43753684174013,170,0
183,78.43241000000853,0.4008497000322677,4299.474107133177,-10.809079203789981,5.7820492797949385e-05,4288.665317031852,2578.555654358197,-8.249005816631911,0.0016901721625663195,2570.3150994023777,0.0,63.43726847856241,170,0
184,78.83878980000736,0.406379799998831,4299.460443441116,-10.809083466338771,1.3441260391246946e-05,4288.651427181079,2578.5566470399135,-8.248995331190919,0.0,2570.3076517087225,0.0,63.437163736057784,170,0
185,79.24655829998665,0.40776849997928366,4299.439805022465,-10.809086909780783,0.0,4288.630718112685,2578.5483827217063,-8.248983418116715,0.002769856941784712,2570.313248588299,0.0,63.43704476643956,170,0
186,79.64810259995284,0.40154429996619,4299.425012192476,-10.809090568825882,0.0,4288.615921623651,2578.5035438317636,-8.248972958466688,0.00015054771218062476,2570.255323611858,0.0,63.43688952259463,170,0
187,80.0525925999973,0.40449000004446134,4299.410826249497,-10.809093726098622,0.0016310366899984358,4288.60988770685,2578.455118380761,-8.24896371666712,0.016438552574874143,2570.2883474269684,0.0,63.436738528242046,170,0
188,80.44911739998497,0.39652479998767376,4299.3973487986805,-10.809096542928113,0.00010701510121019585,4288.588787331258,2578.435049934894,-8.248955965249623,0.0,2570.186093969644,0.0,63.43663745690701,170,0
189,80.847942399967,0.3988249999820255,4299.385468846571,-10.809098974547055,0.0,4288.576369872025,2578.4133993960777,-8.248949933487255,0.0003046126488044275,2570.165972525834,0.0,63.43655104140671,170,0
190,81.24695060000522,0.39900820003822446,4299.377870731598,-10.809100669125577,0.0,4288.568770062472,2578.4091568902,-8.24894571177278,0.0008939544159722575,2570.164680950507,0.0,63.436504502856984,170,0
191,81.65051589999348,0.40356529998825863,4299.371609143012,-10.809101875504016,4.048428662027873e-06,4288.562527509652,2578.389332232909,-8.248942526766282,0.0006768404721988056,2570.1437739085036,0.0,63.43644727245295,170,0
192,82.05904329998884,0.40852739999536425,4299.368541143505,-10.809102898771833,1.9689344199836974e-06,4288.559448089407,2578.363516956498,-8.248939967714033,5.584930684375953e-05,2570.1148562353183,0.0,63.436387916050734,170,0
193,82.46719779999694,0.40815450000809506,4299.3641370714295,-10.809103610227845,0.0,4288.555033461201,2578.352968094429,-8.24893830742549,6.6986684905902e-05,2570.1043647204283,0.0,63.43635747070753,170,0
194,82.87019419996068,0.40299639996374026,4299.361412148221,-10.80910408688552,0.0,4288.552308061334,2578.347425587155,-8.24893721916837,0.0009704340291131999,2570.103340538132,0.0,63.43633934515843,170,0
195,83.28974609996658,0.41955190000589937,4299.360203580894,-10.809104400640383,0.0007079056039282892,4288.554638708272,2578.3448766166507,-8.248936421531653,0.0,2570.095940195119,0.0,63.43632801340746,170,0
196,83.70060829998692,0.4108622000203468,4299.358949450862,-10.809104655927062,0.0,4288.549844794935,2578.3434223043473,-8.248935758382602,6.23938355619715e-05,2570.094798515143,0.0,63.43631945257477,170,0
197,84.10536719998345,0.4047588999965228,4299.358041008519,-10.809104856159495,0.0,4288.548936152359,2578.3419963302954,-8.2489352955113,0.0002126496044679325,2570.0941242828067,0.0,63.43631286735167,170,0
198,84.5089632999734,0.4035960999899544,4299.357467101649,-10.809104971421,0.0,4288.548362130227,2578.3405445735752,-8.248935120256258,4.854876589636124e-05,2570.091852197148,0.0,63.43630921610292,170,0
199,84.90928249998251,0.4003192000091076,4299.357241721941,-10.80910501137044,0.00010415298872562516,4288.548657475514,2578.3401431753473,-8.248935061444449,0.0015674435269780543,2570.099045331538,0.0,63.436308105177666,170,0
