path,time,z_1,z_2
0,0.0,-0.15258236391857283,0.08796828221927909
0,0.08333333333333333,-0.15209937286394037,0.051160804034474
0,0.16666666666666666,-0.14982931805932567,0.0629069770678261
0,0.25,-0.16226953479409253,0.021429205796031414
0,0.3333333333333333,-0.13661461392866792,0.059996108274563933
0,0.41666666666666663,-0.13862538431113483,0.03124061392620932
0,0.5,-0.1394641867872661,0.02656947591346239
0,0.5833333333333333,-0.1184513367042626,0.03479241183279086
0,0.6666666666666666,-0.10151221636276654,0.020101225801107216
0,0.75,-0.0912279423817296,0.024910099240988935
0,0.8333333333333333,-0.09769778503686716,0.01892698276802637
0,0.9166666666666666,-0.08894824964660795,-0.0046060183184413045
0,1.0,-0.0997403578034183,0.037074183634053806
0,1.0833333333333333,-0.09828116342091082,0.03808394891584584
0,1.1666666666666665,-0.09864992093819691,0.04931588020915453
0,1.25,-0.09785101404820418,0.028054589298683832
0,1.3333333333333333,-0.10428089638003593,0.028384315901756593
0,1.4166666666666665,-0.1056077012027257,0.039097836502011166
0,1.5,-0.08596050208558849,0.014396478997931398
0,1.5833333333333333,-0.10405676972144015,0.03183372435767461
0,1.6666666666666665,-0.10913761822857819,0.028349393290694247
0,1.75,-0.09334782712270748,0.029830389597344218
0,1.8333333333333333,-0.10292247434023022,0.03563452333769444
0,1.9166666666666665,-0.11817157689151796,0.03395168686112879
0,2.0,-0.12863519404026738,0.03566228143473191
1,0.0,-0.15258236391857283,0.08796828221927909
1,0.08333333333333333,-0.1686156780488009,0.04785182281774275
1,0.16666666666666666,-0.16175086592745117,0.053330467154120334
1,0.25,-0.17289971712499644,0.044379238509317555
1,0.3333333333333333,-0.16705495209674795,0.07949574395980849
1,0.41666666666666663,-0.17807387042222653,0.051172765789887324
1,0.5,-0.18377443324457016,0.040432281772471
1,0.5833333333333333,-0.18380490536404662,0.038257132755108066
1,0.6666666666666666,-0.19771536997574546,0.0715903903734329
1,0.75,-0.2020950807327151,0.07344301226060028
1,0.8333333333333333,-0.1981723184424124,0.03685850257758887
1,0.9166666666666666,-0.19234740938773526,0.0733842721479531
1,1.0,-0.18798676081651777,0.06237497793006197
1,1.0833333333333333,-0.18952583426012085,0.08070924824784925
1,1.1666666666666665,-0.19956358188967335,0.049415443056195024
1,1.25,-0.19596059662322135,0.0612633894439102
1,1.3333333333333333,-0.19963986765076505,0.046946074712289995
1,1.4166666666666665,-0.20322600524280612,0.05783901139434963
1,1.5,-0.18782246627064805,0.04760779281562909
1,1.5833333333333333,-0.19260642227352917,0.062074502254728936
1,1.6666666666666665,-0.1918627464854858,0.07151733606451496
1,1.75,-0.19564852791053577,0.0811907509909525
1,1.8333333333333333,-0.1871623914095976,0.03325040583533454
1,1.9166666666666665,-0.1803956244650059,0.05577669520983163
1,2.0,-0.17111764468411367,0.060472665715359177
2,0.0,-0.15258236391857283,0.08796828221927909
2,0.08333333333333333,-0.14152843480895935,0.040907844552378676
2,0.16666666666666666,-0.1483997367568071,0.05301738427267852
2,0.25,-0.16540726041205087,0.027695666798854785
2,0.3333333333333333,-0.17205090042119567,0.06879924114872353
2,0.41666666666666663,-0.1834492286341283,0.06661673221809668
2,0.5,-0.18881614752428177,0.05187410782286203
2,0.5833333333333333,-0.20853440832999415,0.0335840915004087
2,0.6666666666666666,-0.2035821373771591,0.06083113936810346
2,0.75,-0.19002847857424254,0.04976280404092867
2,0.8333333333333333,-0.16327539464158583,0.018894738902539024
2,0.9166666666666666,-0.15297417808709102,0.04376219621048477
2,1.0,-0.15691020569957992,0.07216544719386993
2,1.0833333333333333,-0.15259356126361226,0.06793728029108281
2,1.1666666666666665,-0.1500620362664129,0.0520152837944029
2,1.25,-0.13968054035475652,0.030761022058380327
2,1.3333333333333333,-0.14769531132031183,0.021406559299323794
2,1.4166666666666665,-0.1618335795390203,0.04196415083861467
2,1.5,-0.17339261028447087,0.06910226534366469
2,1.5833333333333333,-0.17209556968693346,0.08745498871666724
2,1.6666666666666665,-0.16650130925047033,0.08411745824689917
2,1.75,-0.18860970863467183,0.061766348176476756
2,1.8333333333333333,-0.1979843875096634,0.06379116644166188
2,1.9166666666666665,-0.21192025507072818,0.0512295550579456
2,2.0,-0.21535409009174977,0.06297564019256492
3,0.0,-0.15258236391857283,0.08796828221927909
3,0.08333333333333333,-0.15570859760512515,0.06782127274731789
3,0.16666666666666666,-0.16154738081956624,0.06442374985258373
3,0.25,-0.17180554933255476,0.051700022319372096
3,0.3333333333333333,-0.18956177030547458,0.03811029797665873
3,0.41666666666666663,-0.18213835527244873,0.04301575800217512
3,0.5,-0.1840243052793257,0.0821073456342009
3,0.5833333333333333,-0.2063439263982392,0.06506816832249698
3,0.6666666666666666,-0.20394167473255356,0.05830677986439335
3,0.75,-0.21821712235099258,0.04549371457957431
3,0.8333333333333333,-0.21654349374906165,0.05851600518608363
3,0.9166666666666666,-0.21320143828799634,0.061425256992612885
3,1.0,-0.21061739664509424,0.07216367613066203
3,1.0833333333333333,-0.21235836032708547,0.06053116208704808
3,1.1666666666666665,-0.20780475386061953,0.08436696649125383
3,1.25,-0.2244662494492442,0.07687459792120142
3,1.3333333333333333,-0.2334730821090858,0.0668213418810609
3,1.4166666666666665,-0.2064342965418387,0.09801222678517658
3,1.5,-0.21640094356336406,0.07862465593265523
3,1.5833333333333333,-0.21698100484414648,0.0496008960043533
3,1.6666666666666665,-0.22026242598905457,0.04424280573652531
3,1.75,-0.21498550209237816,0.04898493038537153
3,1.8333333333333333,-0.20218224877280988,0.0493592942649891
3,1.9166666666666665,-0.1986635742043918,0.07495138797320113
3,2.0,-0.19859303954435706,0.07549544175941159
4,0.0,-0.15258236391857283,0.08796828221927909
4,0.08333333333333333,-0.15097345906196233,0.023330232994560628
4,0.16666666666666666,-0.13747920004771294,0.04984560408800395
4,0.25,-0.14451339482407108,0.039741965179433215
4,0.3333333333333333,-0.13996313205999045,0.04101849809993644
4,0.41666666666666663,-0.13613578997345233,0.0449111755299335
4,0.5,-0.13008963319441075,0.06051443255609018
4,0.5833333333333333,-0.11922894668920615,0.05161491017278513
4,0.6666666666666666,-0.12482772117089738,0.038902845941174644
4,0.75,-0.13094919257403406,0.03800072829797696
4,0.8333333333333333,-0.1329740831633462,0.036186557008865916
4,0.9166666666666666,-0.13428995648667535,0.02716415126330933
4,1.0,-0.13066611521904026,0.027564570916201674
4,1.0833333333333333,-0.1267879035118948,0.04133503470449806
4,1.1666666666666665,-0.1259812224625068,0.038825166335167915
4,1.25,-0.11664200513117265,0.017793547508404797
4,1.3333333333333333,-0.11532687594857104,0.03737927210724958
4,1.4166666666666665,-0.12033073278466967,0.03744059420866232
4,1.5,-0.13092813532145764,0.0554974333841388
4,1.5833333333333333,-0.13504729570603216,0.047047605623558836
4,1.6666666666666665,-0.14818854354749075,0.028793120983573083
4,1.75,-0.14811293627075955,0.05540650777403261
4,1.8333333333333333,-0.1531198508662429,0.03452324574259569
4,1.9166666666666665,-0.16412747674639294,0.05404872716227872
4,2.0,-0.16180340075508054,0.037108686079540584
5,0.0,-0.15258236391857283,0.08796828221927909
5,0.08333333333333333,-0.16712478280139811,0.060290226782491366
5,0.16666666666666666,-0.18512008378374994,0.043638063929195316
5,0.25,-0.1611187837674034,0.04764891678789307
5,0.3333333333333333,-0.15760908672665333,0.028955895275465025
5,0.41666666666666663,-0.1838760679169758,0.046027331250672425
5,0.5,-0.17071503158711648,0.04183472698172894
5,0.5833333333333333,-0.14511970909979482,0.05909887869791892
5,0.6666666666666666,-0.15208319842445958,0.035665022523730966
5,0.75,-0.16064989513142866,0.032383540377061926
5,0.8333333333333333,-0.17216232188402097,0.022179816478237066
5,0.9166666666666666,-0.15035188184878862,0.03727503983475741
5,1.0,-0.15751245848902423,0.048607897915263265
5,1.0833333333333333,-0.15043727499789647,0.06251052077336892
5,1.1666666666666665,-0.15404089166081456,0.04399799566372749
5,1.25,-0.14408433839949866,0.014777325478773314
5,1.3333333333333333,-0.14680506279389446,0.03833111052467217
5,1.4166666666666665,-0.15515214850486295,0.04815464229765949
5,1.5,-0.14511178859068627,0.0569439432788863
5,1.5833333333333333,-0.1616207000977688,0.03250902127654738
5,1.6666666666666665,-0.1528030341961639,0.04595338281556513
5,1.75,-0.14680415022398877,0.0494420023190912
5,1.8333333333333333,-0.14962993544987796,0.021576295047205235
5,1.9166666666666665,-0.158663355273816,0.044276441769151624
5,2.0,-0.1547052729767798,0.03958194211353822
6,0.0,-0.15258236391857283,0.08796828221927909
6,0.08333333333333333,-0.16427920684055716,0.06645608888378082
6,0.16666666666666666,-0.16980660991161106,0.03883926045383054
6,0.25,-0.15986427994314392,0.05395839041328292
6,0.3333333333333333,-0.15288911212138026,0.06283513500867392
6,0.41666666666666663,-0.14662426409166926,0.03546288313546969
6,0.5,-0.14552245437685307,0.0202014198057797
6,0.5833333333333333,-0.13381202179675813,0.034093514240522454
6,0.6666666666666666,-0.11996008618812772,0.04272853487423747
6,0.75,-0.12267168818992714,0.05124522397698576
6,0.8333333333333333,-0.11856374762024147,0.052212286712070344
6,0.9166666666666666,-0.12240192174439231,0.031174987745227187
6,1.0,-0.12081469001717463,0.013386172514250942
6,1.0833333333333333,-0.12067737302720798,0.012858459038757833
6,1.1666666666666665,-0.11048096917614672,0.03641438733053861
6,1.25,-0.10430361193355736,0.017050262035093633
6,1.3333333333333333,-0.07053766998398446,0.00065057261437192
6,1.4166666666666665,-0.06480980526393809,0.006378164021084023
6,1.5,-0.07635706272296425,0.008154060981958101
6,1.5833333333333333,-0.0726266366690124,0.023553777772986943
6,1.6666666666666665,-0.06009052402623654,0.03362646587461253
6,1.75,-0.06271870860851954,0.02239535678991591
6,1.8333333333333333,-0.07966132404384911,0.008340879388295188
6,1.9166666666666665,-0.0690023557877043,0.02380523294773698
6,2.0,-0.07070191156358838,0.026965328840199143
7,0.0,-0.15258236391857283,0.08796828221927909
7,0.08333333333333333,-0.17227422796117126,0.058449337570040685
7,0.16666666666666666,-0.14500390096847113,0.019532044835659103
7,0.25,-0.11998526242443804,0.013284344517133097
7,0.3333333333333333,-0.11087572439110896,0.02818055708545558
7,0.41666666666666663,-0.1137671091055394,0.05069114563839811
7,0.5,-0.11189751725273007,0.022024769343906347
7,0.5833333333333333,-0.11127027794807844,0.04036896959726728
7,0.6666666666666666,-0.10406125226696922,0.04039666303113635
7,0.75,-0.10319614864180324,0.015509578395534403
7,0.8333333333333333,-0.09640856982111272,0.05271072534334743
7,0.9166666666666666,-0.09079399662649487,0.014455608685340748
7,1.0,-0.08312722727607927,0.030825752689193082
7,1.0833333333333333,-0.08385970240217851,0.03373182679656603
7,1.1666666666666665,-0.07940913572570893,-0.0022592810883309104
7,1.25,-0.07786216992578165,0.014499368733724578
7,1.3333333333333333,-0.06910943710404087,-0.01512343462405498
7,1.4166666666666665,-0.05670487583010902,0.016275406120641
7,1.5,-0.04056291290474154,0.0007221255701116425
7,1.5833333333333333,-0.029009013815306735,0.004920529537795782
7,1.6666666666666665,-0.04503339842870559,-0.006605060482144935
7,1.75,-0.039298047474970815,-0.0021783357941768285
7,1.8333333333333333,-0.04358890592930452,0.022916406715890722
7,1.9166666666666665,-0.04332551112791582,-0.002168007843123331
7,2.0,-0.05249768135434601,-0.020769553752192926
8,0.0,-0.15258236391857283,0.08796828221927909
8,0.08333333333333333,-0.17506748409191938,0.05272784496577155
8,0.16666666666666666,-0.18680181202679091,0.022921566120941282
8,0.25,-0.15954234359589375,0.05591366973490875
8,0.3333333333333333,-0.16665541292539807,0.05544508226477431
8,0.41666666666666663,-0.15345382184829578,0.04849640328759296
8,0.5,-0.1584749200494687,0.0522170114809013
8,0.5833333333333333,-0.15871201593499337,0.038582488661942436
8,0.6666666666666666,-0.15278720726057582,0.06105678990048458
8,0.75,-0.15543942121568116,0.029019385422419754
8,0.8333333333333333,-0.1578251750794648,0.06279896744059123
8,0.9166666666666666,-0.1840916682069447,0.06860000540968725
8,1.0,-0.19312883381290344,0.06369770031570073
8,1.0833333333333333,-0.18863899810460055,0.05778275141567928
8,1.1666666666666665,-0.17832937065296012,0.0843916168604737
8,1.25,-0.1897920069087505,0.04340196325477971
8,1.3333333333333333,-0.20458695871636706,0.04669321939432954
8,1.4166666666666665,-0.20301309401697618,0.0653614019074414
8,1.5,-0.20641201079677762,0.04892062623794868
8,1.5833333333333333,-0.21947389407511747,0.06678163987923025
8,1.6666666666666665,-0.22742991038490756,0.061096271680149944
8,1.75,-0.24282364795616476,0.05491337021142839
8,1.8333333333333333,-0.24264544327625756,0.06589684128370998
8,1.9166666666666665,-0.23861341619560866,0.05850249121298104
8,2.0,-0.23546600481468044,0.06752722462543856
9,0.0,-0.15258236391857283,0.08796828221927909
9,0.08333333333333333,-0.17907057608641364,0.06779365016973023
9,0.16666666666666666,-0.1767308621404366,0.04763180028919937
9,0.25,-0.18266183124656882,0.0480098560505591
9,0.3333333333333333,-0.18201906648914745,0.04717897144983682
9,0.41666666666666663,-0.1850283880393544,0.056900976730200635
9,0.5,-0.19896993977582605,0.06279386682670621
9,0.5833333333333333,-0.20998463844771217,0.06270194097918337
9,0.6666666666666666,-0.20865305758684732,0.06866025376440091
9,0.75,-0.21479880633953619,0.0665950711162819
9,0.8333333333333333,-0.2221541765979762,0.05236439748976711
9,0.9166666666666666,-0.23027877557118479,0.060904887149271746
9,1.0,-0.23228565043625,0.08110865348174076
9,1.0833333333333333,-0.23294937954703238,0.06798538829351099
9,1.1666666666666665,-0.2369794093314436,0.07832891147121546
9,1.25,-0.23280672195631644,0.046977661443454596
9,1.3333333333333333,-0.23201844920230433,0.07859958662822354
9,1.4166666666666665,-0.2310446713477845,0.06047470376837189
9,1.5,-0.21658081484586353,0.07091495885328054
9,1.5833333333333333,-0.2249095205339125,0.06879706864957104
9,1.6666666666666665,-0.2255068206399481,0.06153458607356031
9,1.75,-0.22394461639427712,0.053103565955496465
9,1.8333333333333333,-0.1992478859783596,0.08280307875549717
9,1.9166666666666665,-0.21388479207893754,0.07217693328357588
9,2.0,-0.21150264164005966,0.08432330087274323
10,0.0,-0.15258236391857283,0.08796828221927909
10,0.08333333333333333,-0.1596345312837197,0.0591631404043697
10,0.16666666666666666,-0.16390227491183992,0.0532839444174737
10,0.25,-0.18874834894363812,0.03786132535829341
10,0.3333333333333333,-0.1988642070036544,0.07432303108599334
10,0.41666666666666663,-0.1980634122041489,0.04415833936112849
10,0.5,-0.20258639518146143,0.05001143465852981
10,0.5833333333333333,-0.1848058229745644,0.04556702216400429
10,0.6666666666666666,-0.18101083675929852,0.06450267181379021
10,0.75,-0.18492042811481627,0.052648095479121505
10,0.8333333333333333,-0.19308847850945915,0.051817193704198766
10,0.9166666666666666,-0.20061797192754427,0.040139802560405474
10,1.0,-0.20140944992992973,0.07369313907940193
10,1.0833333333333333,-0.20636374340667213,0.07555744524575211
10,1.1666666666666665,-0.19954176670578183,0.07342308761217756
10,1.25,-0.2079561431092458,0.05467325488184205
10,1.3333333333333333,-0.19599331976284376,0.04546535708032209
10,1.4166666666666665,-0.18833101611032083,0.060737057717132385
10,1.5,-0.1972236135451616,0.042773739150789136
10,1.5833333333333333,-0.17809627201976622,0.0736419609729833
10,1.6666666666666665,-0.19205441078545243,0.07650320599759501
10,1.75,-0.20062990023858038,0.03899067520375267
10,1.8333333333333333,-0.1921718759222883,0.0639357826278636
10,1.9166666666666665,-0.1978547532558715,0.03128819873200671
10,2.0,-0.1922288692944592,0.06009592632081685
11,0.0,-0.15258236391857283,0.08796828221927909
11,0.08333333333333333,-0.17520103203622583,0.07041290692551837
11,0.16666666666666666,-0.19321009115771298,0.07314315597514759
11,0.25,-0.20151359605773955,0.0607907880798485
11,0.3333333333333333,-0.21446324891002444,0.08379728189727106
11,0.41666666666666663,-0.23785340132882307,0.07094650665138172
11,0.5,-0.2584436041421544,0.07339341077780781
11,0.5833333333333333,-0.25848303949703005,0.06398117510346799
11,0.6666666666666666,-0.2506073417492693,0.08288472716284699
11,0.75,-0.25564629413669304,0.03534594939122556
11,0.8333333333333333,-0.25511600356382924,0.06978987927343482
11,0.9166666666666666,-0.2677009716928695,0.08365554014373917
11,1.0,-0.2654389365321651,0.1059287242527455
11,1.0833333333333333,-0.2568693644988943,0.07580966702155521
11,1.1666666666666665,-0.25534681182328706,0.08329885359459964
11,1.25,-0.242783253587396,0.08155547052441275
11,1.3333333333333333,-0.2526335848291858,0.06827261287361322
11,1.4166666666666665,-0.2540045025969219,0.08984373104838149
11,1.5,-0.24843284740556362,0.06280526762513573
11,1.5833333333333333,-0.26343662046849603,0.09386256458565151
11,1.6666666666666665,-0.26060356665666623,0.06445433344729194
11,1.75,-0.27732246986451004,0.07852610969379872
11,1.8333333333333333,-0.28039046084078295,0.0687910766309559
11,1.9166666666666665,-0.27855106230450466,0.08214152480666771
11,2.0,-0.27367218738776933,0.07808033279763898
12,0.0,-0.15258236391857283,0.08796828221927909
12,0.08333333333333333,-0.17029995868222933,0.03942843055506761
12,0.16666666666666666,-0.16305650306106437,0.05706213250994105
12,0.25,-0.16611099738401794,0.05467537471160764
12,0.3333333333333333,-0.17651176924267944,0.053566231486252135
12,0.41666666666666663,-0.180018464796069,0.07236824276691653
12,0.5,-0.18633592811338248,0.052448937972114563
12,0.5833333333333333,-0.19487189968187188,0.040960832899598766
12,0.6666666666666666,-0.18369983895294353,0.04326372608392987
12,0.75,-0.20699903957419452,0.07426970304706705
12,0.8333333333333333,-0.1940838009255485,0.068360616883008
12,0.9166666666666666,-0.19812965108282404,0.06094418797308675
12,1.0,-0.19656284335975058,0.07701742990192458
12,1.0833333333333333,-0.18925518357153012,0.07759709336936879
12,1.1666666666666665,-0.19397749264305497,0.039706495184155435
12,1.25,-0.18682678260517363,0.05333629893878184
12,1.3333333333333333,-0.18518364119643274,0.06907000822067157
12,1.4166666666666665,-0.18153142812258813,0.05483601011493277
12,1.5,-0.18997523282780182,0.05327775001081973
12,1.5833333333333333,-0.18034891197459144,0.0547109180895647
12,1.6666666666666665,-0.1926322545276706,0.05219236053673897
12,1.75,-0.18810417041931904,0.044424375473716374
12,1.8333333333333333,-0.19196359206725586,0.013024454270235734
12,1.9166666666666665,-0.18481400460312966,0.04922702809873196
12,2.0,-0.19619439524366064,0.06188101162023588
13,0.0,-0.15258236391857283,0.08796828221927909
13,0.08333333333333333,-0.17127308791657625,0.04071181685782241
13,0.16666666666666666,-0.14837335135022847,0.0370354887971828
13,0.25,-0.13837414329460068,0.029986714313061956
13,0.3333333333333333,-0.14960468852196326,0.0001451877619491268
13,0.41666666666666663,-0.13287444856742403,0.03368608782622266
13,0.5,-0.13289648282842642,0.02839485409812852
13,0.5833333333333333,-0.13926557551788454,0.03042783187541717
13,0.6666666666666666,-0.14514931672062945,0.03624001426328567
13,0.75,-0.14363052015281105,0.055196238078274076
13,0.8333333333333333,-0.14949639537855955,0.05038071131221748
13,0.9166666666666666,-0.14137676740958663,0.07050247906585526
13,1.0,-0.15128093295017142,0.04157377806738247
13,1.0833333333333333,-0.1546355592464488,0.04336504688893568
13,1.1666666666666665,-0.15646799554451954,0.04626767858306411
13,1.25,-0.15117184176500809,0.060954831387141695
13,1.3333333333333333,-0.14517671942014032,0.01873522932303772
13,1.4166666666666665,-0.14541802385513386,0.03420348506099261
13,1.5,-0.15501660217988877,0.05584774579279913
13,1.5833333333333333,-0.1542890377326091,0.05585870122463393
13,1.6666666666666665,-0.14228102136448986,0.07183117446928976
13,1.75,-0.1470326677632521,0.045839398484568875
13,1.8333333333333333,-0.1551930953763909,0.05449099518569504
13,1.9166666666666665,-0.17717632769946598,0.051591276537109175
13,2.0,-0.171241287497881,0.05978407176136621
14,0.0,-0.15258236391857283,0.08796828221927909
14,0.08333333333333333,-0.15754171314441082,0.03677409706775485
14,0.16666666666666666,-0.17451032574114644,0.0430946730103068
14,0.25,-0.1709841874418189,0.03812544165363145
14,0.3333333333333333,-0.17537954828496888,0.03456422424441882
14,0.41666666666666663,-0.17341709945666522,0.042002896760093986
14,0.5,-0.1611467297611573,0.04015905881262548
14,0.5833333333333333,-0.16457004819597038,0.047383537490771795
14,0.6666666666666666,-0.1886432437560155,0.04823767315695747
14,0.75,-0.1927376405550577,0.055549983782447625
14,0.8333333333333333,-0.18324006292665596,0.06817110949332779
14,0.9166666666666666,-0.19294437943004084,0.057561679233599686
14,1.0,-0.18762672963700416,0.05039304614020742
14,1.0833333333333333,-0.18213909689560953,0.038247795013134606
14,1.1666666666666665,-0.16650421801957305,0.01791923798511346
14,1.25,-0.16381386929339364,0.03346569143291965
14,1.3333333333333333,-0.15311533921400095,0.04405992478398902
14,1.4166666666666665,-0.14706372170911888,0.03480523147555731
14,1.5,-0.13434804582791457,0.03403164755335837
14,1.5833333333333333,-0.12186238356498909,0.02287844456629956
14,1.6666666666666665,-0.11309249567546101,0.031216456807076354
14,1.75,-0.11862044688578156,0.03596851804512624
14,1.8333333333333333,-0.11690098250898352,0.030933655614193735
14,1.9166666666666665,-0.1231120928281366,0.03800931267285527
14,2.0,-0.11441915688903934,0.0329391443282248
15,0.0,-0.15258236391857283,0.08796828221927909
15,0.08333333333333333,-0.177515204641561,0.0685658061132397
15,0.16666666666666666,-0.18280324006039697,0.05099717608865047
15,0.25,-0.1763774355767565,0.051680176475903596
15,0.3333333333333333,-0.1810643101521108,0.07293177494610943
15,0.41666666666666663,-0.17835621935770857,0.06054151819167083
15,0.5,-0.16390529300176565,0.05770679260999941
15,0.5833333333333333,-0.1612149337175631,0.045790696078771086
15,0.6666666666666666,-0.17241750413075801,0.04470033087570582
15,0.75,-0.1743065200047521,0.026939156699735914
15,0.8333333333333333,-0.18045263295700684,0.05339503299610145
15,0.9166666666666666,-0.18046469797783224,0.05822368835213591
15,1.0,-0.18269847337072156,0.06687966366795381
15,1.0833333333333333,-0.2004037870017823,0.054301108199652906
15,1.1666666666666665,-0.1891159423035006,0.0376745517793423
15,1.25,-0.18721690048761017,0.020609116984824344
15,1.3333333333333333,-0.18356580038189302,0.040632361215289896
15,1.4166666666666665,-0.17387047354998778,0.03908416711379627
15,1.5,-0.1744073565475952,0.03379676419363727
15,1.5833333333333333,-0.16748815949831874,0.059141451370468695
15,1.6666666666666665,-0.18412731794098133,0.04451400056106443
15,1.75,-0.1734043793081551,0.06603199863064872
15,1.8333333333333333,-0.19160828212891842,0.06752143601095689
15,1.9166666666666665,-0.1854573529685018,0.07673112584925479
15,2.0,-0.189767384263846,0.06389521422084182
16,0.0,-0.15258236391857283,0.08796828221927909
16,0.08333333333333333,-0.1645711824313464,0.0666995862023762
16,0.16666666666666666,-0.16158812296317837,0.04535554229584595
16,0.25,-0.15870856944062356,0.06031830929215218
16,0.3333333333333333,-0.15902230392730765,0.07529780102074503
16,0.41666666666666663,-0.15786450359325424,0.04943078857133461
16,0.5,-0.15312806886338443,0.07008826944939495
16,0.5833333333333333,-0.16897538533066297,0.036916196446224445
16,0.6666666666666666,-0.16033312834298033,0.04982218038986924
16,0.75,-0.15745343133411807,0.04560793707996574
16,0.8333333333333333,-0.16163884575362789,0.05638847818342751
16,0.9166666666666666,-0.1868072030130652,0.05565740650931025
16,1.0,-0.17285238361632668,0.05073821511471069
16,1.0833333333333333,-0.17354718300205824,0.055726603778700146
16,1.1666666666666665,-0.19647337897764974,0.044497652420280524
16,1.25,-0.21228995575928775,0.05272268324959268
16,1.3333333333333333,-0.2049361207327267,0.04463233430832616
16,1.4166666666666665,-0.21729446764469712,0.05606597084455993
16,1.5,-0.2004370355565461,0.053137055217756426
16,1.5833333333333333,-0.19476888599860182,0.06132032922789384
16,1.6666666666666665,-0.20050950399973172,0.048004844364693086
16,1.75,-0.18088668517920073,0.062149291729940596
16,1.8333333333333333,-0.1734509135527029,0.055450493435777896
16,1.9166666666666665,-0.17522806666063048,0.05470405197939145
16,2.0,-0.17964875166673405,0.0357663699479054
17,0.0,-0.15258236391857283,0.08796828221927909
17,0.08333333333333333,-0.16277577976294771,0.045435018311897835
17,0.16666666666666666,-0.1679499969936967,0.03739097549374278
17,0.25,-0.187871439816581,0.04276554668579606
17,0.3333333333333333,-0.20484853406391973,0.03611913570687178
17,0.41666666666666663,-0.19769959727286177,0.06836237407046604
17,0.5,-0.2006282531543832,0.06728214249906651
17,0.5833333333333333,-0.216015490545074,0.04818676196989452
17,0.6666666666666666,-0.2156186336825176,0.05223872670899976
17,0.75,-0.20429050133111576,0.08025487285360325
17,0.8333333333333333,-0.20495708193239107,0.048298005498485695
17,0.9166666666666666,-0.2071899886037724,0.050503338485980105
17,1.0,-0.2188980540455556,0.044951772578825204
17,1.0833333333333333,-0.2063120272169262,0.03808503060128442
17,1.1666666666666665,-0.1899743389456593,0.04293009202279362
17,1.25,-0.19776881913513727,0.04543434312012519
17,1.3333333333333333,-0.19489419603552696,0.05408119644923384
17,1.4166666666666665,-0.20086829906623635,0.058621640759874145
17,1.5,-0.20573782790746228,0.06998209140938605
17,1.5833333333333333,-0.2153049257349034,0.07311247501491278
17,1.6666666666666665,-0.21564760572101369,0.07753693752408748
17,1.75,-0.21834343501156345,0.07958756006708544
17,1.8333333333333333,-0.22520469614050803,0.07760084354681247
17,1.9166666666666665,-0.2466332985616293,0.05729722901282526
17,2.0,-0.2381146088135594,0.08814956862017355
18,0.0,-0.15258236391857283,0.08796828221927909
18,0.08333333333333333,-0.1803170467240594,0.04813031353334232
18,0.16666666666666666,-0.15921999080554622,0.07438468472436466
18,0.25,-0.18429527234594506,0.05924155384197621
18,0.3333333333333333,-0.2006611484169433,0.04545693202726571
18,0.41666666666666663,-0.1852935440475049,0.05100718512992922
18,0.5,-0.18248629820566883,0.047718198142326904
18,0.5833333333333333,-0.18567007377625283,0.04683067201165777
18,0.6666666666666666,-0.1946382276392743,0.06911486548860166
18,0.75,-0.19110148776979818,0.06699491436476619
18,0.8333333333333333,-0.20101347584596713,0.04173731182522844
18,0.9166666666666666,-0.20161101780586171,0.044448413946226464
18,1.0,-0.1920562102050434,0.055469351161726695
18,1.0833333333333333,-0.20114155523227564,0.0497159299163132
18,1.1666666666666665,-0.20423818437672578,0.06967236462502616
18,1.25,-0.19788651175359434,0.04841728553076441
18,1.3333333333333333,-0.18830317780146566,0.045175828085850515
18,1.4166666666666665,-0.1858383987861029,0.04571710585075284
18,1.5,-0.17791252303684885,0.06018914787995545
18,1.5833333333333333,-0.18115073250856153,0.07596789299725906
18,1.6666666666666665,-0.18493995888246803,0.07387934268322092
18,1.75,-0.17907076645007122,0.03458957556626129
18,1.8333333333333333,-0.18331456429554152,0.054230156732588575
18,1.9166666666666665,-0.17307185281244228,0.048223729322432324
18,2.0,-0.16221318748100844,0.04009606309422693
19,0.0,-0.15258236391857283,0.08796828221927909
19,0.08333333333333333,-0.17659244477873243,0.05763437285946525
19,0.16666666666666666,-0.18182725301066271,0.02122959024858824
19,0.25,-0.16263586780853262,0.04804754182071428
19,0.3333333333333333,-0.1608494375642861,0.03955174334768469
19,0.41666666666666663,-0.16744218127663246,0.05045780837061649
19,0.5,-0.17775732846723524,0.04965051179591096
19,0.5833333333333333,-0.16611727469351048,0.06883215617695303
19,0.6666666666666666,-0.15626976362588935,0.06384783943819464
19,0.75,-0.16276132595015685,0.06614505044359267
19,0.8333333333333333,-0.15926067250931897,0.06944745285536774
19,0.9166666666666666,-0.1789176329812263,0.02397528636310818
19,1.0,-0.14906509604083917,0.08033791179927642
19,1.0833333333333333,-0.16348743641461774,0.053996253605674234
19,1.1666666666666665,-0.15656303785366077,0.04793876152911855
19,1.25,-0.16758524270863168,0.06053410105905163
19,1.3333333333333333,-0.1651861659253288,0.0686759711662542
19,1.4166666666666665,-0.17430140567602445,0.046737208369856766
19,1.5,-0.16560350033228752,0.04397063933727761
19,1.5833333333333333,-0.1689793247877138,0.04992196606084618
19,1.6666666666666665,-0.1703838221467845,0.0352804394048511
19,1.75,-0.14527092820146148,0.04755918264784129
19,1.8333333333333333,-0.13847817042142915,0.05986964942964319
19,1.9166666666666665,-0.14171819593959967,0.04348818059051923
19,2.0,-0.15077801797754864,0.042915859828388664
20,0.0,-0.15258236391857283,0.08796828221927909
20,0.08333333333333333,-0.1643112252492178,0.05574519905913939
20,0.16666666666666666,-0.15272964264283556,0.05437018765607468
20,0.25,-0.15150215219288116,0.042743151284796464
20,0.3333333333333333,-0.15679578616143164,0.03905826577908408
20,0.41666666666666663,-0.15834362280088027,0.042603900114396534
20,0.5,-0.1537107449396794,0.021679233726294215
20,0.5833333333333333,-0.14887875418199223,0.0487621267544137
20,0.6666666666666666,-0.1703660866211932,0.04761998932965147
20,0.75,-0.16253292532048463,0.05739677528116528
20,0.8333333333333333,-0.17115023530388676,0.04704743731127586
20,0.9166666666666666,-0.17315950816314624,0.024953098157089224
20,1.0,-0.16380965556549817,0.06444075063202781
20,1.0833333333333333,-0.16682161684065375,0.06559327102616778
20,1.1666666666666665,-0.15867624326791657,0.039735463304948426
20,1.25,-0.17386525623382573,0.029983805125171195
20,1.3333333333333333,-0.16009517978631851,0.02778114615431168
20,1.4166666666666665,-0.15002410808878533,0.023394963557918598
20,1.5,-0.13934818873379187,0.04216757579653821
20,1.5833333333333333,-0.13449254551338577,0.05672973061220128
20,1.6666666666666665,-0.15042299703275977,0.058613901688183694
20,1.75,-0.14954886905510603,0.05214091770722486
20,1.8333333333333333,-0.1537787650730483,0.038151518922519036
20,1.9166666666666665,-0.1380678454617007,0.05186063821343702
20,2.0,-0.14843017723970303,0.06051277498759932
21,0.0,-0.15258236391857283,0.08796828221927909
21,0.08333333333333333,-0.15177736477339893,0.048806658887252635
21,0.16666666666666666,-0.17107080815624967,0.025682560867840872
21,0.25,-0.16350593609219777,0.03386941739775366
21,0.3333333333333333,-0.1610829857087145,0.014331197163845347
21,0.41666666666666663,-0.15940542457834794,0.028950241982872868
21,0.5,-0.16178817312541732,0.06351524852097956
21,0.5833333333333333,-0.16486652246663303,0.042993927932156284
21,0.6666666666666666,-0.15205850150066624,0.030182013858287185
21,0.75,-0.13904101536076557,0.057187413862500834
21,0.8333333333333333,-0.1279322947937839,0.03414988893304818
21,0.9166666666666666,-0.12236672844573628,0.014309371922756078
21,1.0,-0.11415298383129915,0.04094627555112886
21,1.0833333333333333,-0.10888186985668523,0.019915879741269227
21,1.1666666666666665,-0.11094456872119966,0.04128346387286033
21,1.25,-0.10248226239160749,0.052099894610129094
21,1.3333333333333333,-0.11951086519906329,0.03141043911207807
21,1.4166666666666665,-0.13075589708514904,0.034840239509168765
21,1.5,-0.13210924177577266,0.033612206753300206
21,1.5833333333333333,-0.1453889807015542,0.022727305968567535
21,1.6666666666666665,-0.1589503775518136,0.03590578879327557
21,1.75,-0.15406698411381617,0.02952836409675591
21,1.8333333333333333,-0.1413990688171925,0.06424666630238066
21,1.9166666666666665,-0.14064717014377223,0.04848031120295274
21,2.0,-0.13820551264422928,0.03580863169900915
22,0.0,-0.15258236391857283,0.08796828221927909
22,0.08333333333333333,-0.1732571946070192,0.03768013029657405
22,0.16666666666666666,-0.1793360315007816,0.044207647206244725
22,0.25,-0.1922687002957707,0.07099721111232869
22,0.3333333333333333,-0.19778133922636784,0.058340388378200755
22,0.41666666666666663,-0.20277704589471907,0.041035924300949364
22,0.5,-0.1977419781071444,0.07430197442866941
22,0.5833333333333333,-0.20192027244728541,0.08143913422959002
22,0.6666666666666666,-0.20501534188373313,0.04815344313739032
22,0.75,-0.20299720621793418,0.06890386746612576
22,0.8333333333333333,-0.20925224363976927,0.07549661537769692
22,0.9166666666666666,-0.21475614810602628,0.06033556808119344
22,1.0,-0.20254303256838477,0.06721250318668676
22,1.0833333333333333,-0.2169734435107842,0.08424189729815106
22,1.1666666666666665,-0.20391506366604872,0.05731863911100167
22,1.25,-0.20542855201874588,0.0742004536429123
22,1.3333333333333333,-0.20460882752613171,0.06860147361811281
22,1.4166666666666665,-0.21950939081405443,0.05994698028792616
22,1.5,-0.20969257967836,0.06122700643520072
22,1.5833333333333333,-0.20767312746060712,0.059944133337772244
22,1.6666666666666665,-0.1972606735563453,0.0631994666201881
22,1.75,-0.1998731255629001,0.058334456968415264
22,1.8333333333333333,-0.18239378956959745,0.06285523204629484
22,1.9166666666666665,-0.18680041577691267,0.05757876548115389
22,2.0,-0.1865697035233716,0.05571316097939005
23,0.0,-0.15258236391857283,0.08796828221927909
23,0.08333333333333333,-0.16765342615278225,0.03899248488007545
23,0.16666666666666666,-0.15413912249205705,0.03189562391955683
23,0.25,-0.14734161637267967,0.04808833950306924
23,0.3333333333333333,-0.1429845932769395,0.04699169418195906
23,0.41666666666666663,-0.1467391376060796,0.037401811663516235
23,0.5,-0.14469288308040418,0.030412394780252844
23,0.5833333333333333,-0.14146915480317396,0.045226651412640706
23,0.6666666666666666,-0.144429175799361,0.028274463765168442
23,0.75,-0.13780886828331623,0.009669691978621803
23,0.8333333333333333,-0.14013308021077703,0.008290423728529624
23,0.9166666666666666,-0.1304019342736223,0.020857343299165464
23,1.0,-0.12460883335336237,0.05055311440755096
23,1.0833333333333333,-0.1221628864346642,0.0411893692009854
23,1.1666666666666665,-0.12171205402329512,0.06395896197505185
23,1.25,-0.1169386834576508,0.017674818046417566
23,1.3333333333333333,-0.12600123566439214,0.043216085148182745
23,1.4166666666666665,-0.13307850369268118,0.04550674870929464
23,1.5,-0.1478469320425464,0.0350838958228309
23,1.5833333333333333,-0.154297568593103,0.02824757949457391
23,1.6666666666666665,-0.1642381222514698,0.042702059488774854
23,1.75,-0.17487162181767377,0.06308550636954786
23,1.8333333333333333,-0.17241098009896344,0.05544808976504157
23,1.9166666666666665,-0.1796222601415605,0.07322508088741368
23,2.0,-0.19327334957253609,0.02084663528918449
24,0.0,-0.15258236391857283,0.08796828221927909
24,0.08333333333333333,-0.17193362328390183,0.049436618887460294
24,0.16666666666666666,-0.17240902087888346,0.032895125722563534
24,0.25,-0.1813301467197563,0.04676223673812496
24,0.3333333333333333,-0.17152068910816465,0.06800300255315703
24,0.41666666666666663,-0.1700222916197015,0.05750542675053377
24,0.5,-0.1748254764881989,0.04403144399470378
24,0.5833333333333333,-0.18237172126120138,0.06871700014407715
24,0.6666666666666666,-0.18330421881611644,0.06688446440601828
24,0.75,-0.18837140613724937,0.043200901066931016
24,0.8333333333333333,-0.1888851661551802,0.053630437630223224
24,0.9166666666666666,-0.17388075380942028,0.04117653981927456
24,1.0,-0.18754401381828179,0.052104430659251424
24,1.0833333333333333,-0.17529654857059793,0.0409166044496
24,1.1666666666666665,-0.17471052837660708,0.03321701592592412
24,1.25,-0.16731113839903183,0.04948084990458987
24,1.3333333333333333,-0.1604788867257514,0.05726900855234182
24,1.4166666666666665,-0.16190306669618715,0.05513346061999299
24,1.5,-0.17450493306033069,0.040271210802609876
24,1.5833333333333333,-0.18301781613210605,0.0654686523536181
24,1.6666666666666665,-0.18977884964364775,0.04656304991949811
24,1.75,-0.16492212072052373,0.06934057935463031
24,1.8333333333333333,-0.1762090128611674,0.022984712219198043
24,1.9166666666666665,-0.1712350858241516,0.053076206588352624
24,2.0,-0.1828290918985515,0.02577760656840831
25,0.0,-0.15258236391857283,0.08796828221927909
25,0.08333333333333333,-0.15756109204006283,0.05857368772793549
25,0.16666666666666666,-0.1625219171350908,0.055901709748813845
25,0.25,-0.15968537430811375,0.044047530304572195
25,0.3333333333333333,-0.1500958463476008,0.036823680420449416
25,0.41666666666666663,-0.15093352353597644,0.04952323741181789
25,0.5,-0.1554180506374915,0.05507139276173805
25,0.5833333333333333,-0.17193185454032087,0.028742558480857938
25,0.6666666666666666,-0.1681271060692849,0.03995307972579983
25,0.75,-0.1605469585721336,0.04314196504450218
25,0.8333333333333333,-0.15888242291214322,0.03069066277972158
25,0.9166666666666666,-0.14084032942711475,0.029645221515111512
25,1.0,-0.1322075401549293,0.005066674345762842
25,1.0833333333333333,-0.10411054320873221,0.012486534060261123
25,1.1666666666666665,-0.0937683928336201,-0.0022376115364614244
25,1.25,-0.10594835560923677,0.003687318389057094
25,1.3333333333333333,-0.08732896230544901,0.013718536065476844
25,1.4166666666666665,-0.08959837805972005,0.025724847011292344
25,1.5,-0.10255716816021263,0.01697947656537067
25,1.5833333333333333,-0.10835600935832905,0.02708096991530901
25,1.6666666666666665,-0.11878947892492436,0.04985016430903868
25,1.75,-0.1416775517510042,0.01603253707237916
25,1.8333333333333333,-0.12792076434099442,0.05573862277594881
25,1.9166666666666665,-0.12960705555221053,0.03125882820312949
25,2.0,-0.129093979884913,0.033612452151864564
26,0.0,-0.15258236391857283,0.08796828221927909
26,0.08333333333333333,-0.18120314060360265,0.04662821748199476
26,0.16666666666666666,-0.18938948049133386,0.03771365220159319
26,0.25,-0.21769141397705216,0.06798229846076462
26,0.3333333333333333,-0.20656743932298352,0.06474998343449113
26,0.41666666666666663,-0.2242273887849212,0.06908713214059216
26,0.5,-0.2222546111430322,0.08369202064653117
26,0.5833333333333333,-0.22787258155536835,0.08243134188613455
26,0.6666666666666666,-0.22944490079681484,0.08080103027811104
26,0.75,-0.22387678698145955,0.07763373446515201
26,0.8333333333333333,-0.22863340266813295,0.06619473785816132
26,0.9166666666666666,-0.20943854229628345,0.07055955755640324
26,1.0,-0.20650442533571123,0.045588782140078256
26,1.0833333333333333,-0.20539109870749744,0.03335193315532223
26,1.1666666666666665,-0.20836020764729277,0.0450233303243503
26,1.25,-0.20037903987135713,0.05988501841494498
26,1.3333333333333333,-0.189646629846919,0.06296832389033889
26,1.4166666666666665,-0.19652831262069473,0.05326096966715846
26,1.5,-0.20623747713432344,0.07635181303820318
26,1.5833333333333333,-0.20500249102505808,0.06000468743298911
26,1.6666666666666665,-0.2152481663328409,0.07135621146663472
26,1.75,-0.22976409853632443,0.0552025499305641
26,1.8333333333333333,-0.2080320115551295,0.04468593308617856
26,1.9166666666666665,-0.21884857524218418,0.08800638284498472
26,2.0,-0.21855069237515146,0.08129557407775208
27,0.0,-0.15258236391857283,0.08796828221927909
27,0.08333333333333333,-0.15775029507677074,0.06070835490081294
27,0.16666666666666666,-0.17084894004598683,0.04299612160414428
27,0.25,-0.16004528899821147,0.051349721709087665
27,0.3333333333333333,-0.16267672181049386,0.04843502606214571
27,0.41666666666666663,-0.1675997605950341,0.03165330953860385
27,0.5,-0.15477860956749784,0.02247797633480328
27,0.5833333333333333,-0.15733710742538906,0.027978696994055308
27,0.6666666666666666,-0.1476685846134339,0.0555154611173172
27,0.75,-0.14720084715978976,0.01781102082362927
27,0.8333333333333333,-0.14558695737797636,0.06231302414100916
27,0.9166666666666666,-0.14701728487985607,0.05317684871573
27,1.0,-0.14171025330938203,0.02312516496287383
27,1.0833333333333333,-0.1401837411086609,0.030774181495954657
27,1.1666666666666665,-0.12421263413149625,0.0408680969559832
27,1.25,-0.12337637919626149,0.02840391395122388
27,1.3333333333333333,-0.11645938010972529,0.041620378562596025
27,1.4166666666666665,-0.11293002530910559,0.0390095734711362
27,1.5,-0.09935786260322244,0.031305404532768914
27,1.5833333333333333,-0.11542856027497017,0.03525221364025704
27,1.6666666666666665,-0.10909886253838419,0.020763542016058668
27,1.75,-0.09982439784052476,0.01501528261753696
27,1.8333333333333333,-0.10802485273800695,0.024639059060980788
27,1.9166666666666665,-0.11007275004155684,0.034772093046371015
27,2.0,-0.1315330137960669,0.024961817525905046
28,0.0,-0.15258236391857283,0.08796828221927909
28,0.08333333333333333,-0.15960734388391729,0.0643547010710032
28,0.16666666666666666,-0.15476829833254524,0.031024266939358634
28,0.25,-0.14436292792127955,0.035238630608541
28,0.3333333333333333,-0.1567065889887773,0.052359258340937874
28,0.41666666666666663,-0.15883939486653315,0.06505099421911835
28,0.5,-0.1577354202427278,0.05708196907640283
28,0.5833333333333333,-0.16315347930073804,0.04646957912670872
28,0.6666666666666666,-0.16993627618903165,0.034424861774810085
28,0.75,-0.15694802749828146,0.03394899200836996
28,0.8333333333333333,-0.14764392229643888,0.034159630531623186
28,0.9166666666666666,-0.14896234485818324,0.03655823565160545
28,1.0,-0.14625431233889494,0.038451585112330836
28,1.0833333333333333,-0.13089219929990023,0.03622347640805186
28,1.1666666666666665,-0.11926390007742159,0.04093372243474439
28,1.25,-0.13702753235236897,0.04113617279292196
28,1.3333333333333333,-0.12121024239795544,0.02772905282606479
28,1.4166666666666665,-0.12083835479009146,0.03862874266828006
28,1.5,-0.1183436678188257,0.026784842008125545
28,1.5833333333333333,-0.12479475903762167,0.038064932792850906
28,1.6666666666666665,-0.1233592234413644,0.03182414907193181
28,1.75,-0.1192108692719647,0.035302617409427826
28,1.8333333333333333,-0.11742185140377445,0.027924723122560943
28,1.9166666666666665,-0.12439764707216752,0.05556840486221862
28,2.0,-0.13909003874986955,0.058470500678376
29,0.0,-0.15258236391857283,0.08796828221927909
29,0.08333333333333333,-0.1617510608645815,0.06375997021300898
29,0.16666666666666666,-0.15381746840634844,0.06984709689218842
29,0.25,-0.15721721572017158,0.04285279312119016
29,0.3333333333333333,-0.1501688111364869,0.045676691470810916
29,0.41666666666666663,-0.1385660952556998,0.03965039735073355
29,0.5,-0.13901620940094755,0.03014499290600254
29,0.5833333333333333,-0.1315082913975898,0.025031488952266596
29,0.6666666666666666,-0.12581615017287973,0.047205067350901235
29,0.75,-0.11875460010900636,0.034041269669311806
29,0.8333333333333333,-0.11979997465002327,0.004776284021773276
29,0.9166666666666666,-0.1060028611067336,0.025305655039883395
29,1.0,-0.09375000963150047,0.022490506937822702
29,1.0833333333333333,-0.10316220067859755,0.010812420998436234
29,1.1666666666666665,-0.10551941639509337,0.01895442437231592
29,1.25,-0.10546464296910432,0.026981329176209348
29,1.3333333333333333,-0.10377982608348323,0.004111388483809604
29,1.4166666666666665,-0.08781392733891283,0.014826377196722706
29,1.5,-0.07954028080634365,0.02267622373166709
29,1.5833333333333333,-0.09032697344401724,0.0017018046913755865
29,1.6666666666666665,-0.09426705925794468,0.0067974034509892065
29,1.75,-0.09040111888106166,0.01882265864770427
29,1.8333333333333333,-0.0878590398904938,0.023994877165434476
29,1.9166666666666665,-0.08956582163800479,0.026582612788173473
29,2.0,-0.09169559386512488,0.03954187974982763
30,0.0,-0.15258236391857283,0.08796828221927909
30,0.08333333333333333,-0.15975794097483176,0.060444404810503755
30,0.16666666666666666,-0.18166665923865974,0.07444269081373814
30,0.25,-0.18548905117668676,0.07131841512027892
30,0.3333333333333333,-0.17692680993207982,0.0457704402735331
30,0.41666666666666663,-0.18537591027317035,0.044841584104399784
30,0.5,-0.2026987547720105,0.05810739707269232
30,0.5833333333333333,-0.2006120991283609,0.06393530000435016
30,0.6666666666666666,-0.198358566268149,0.0707167292955771
30,0.75,-0.2118883557708959,0.04928443522842945
30,0.8333333333333333,-0.21079717014455546,0.04296126733788022
30,0.9166666666666666,-0.21522900935327208,0.05043889276085387
30,1.0,-0.2013481705930662,0.06381118575047746
30,1.0833333333333333,-0.19119089696025854,0.043007979544905206
30,1.1666666666666665,-0.19745101453270664,0.05699668850624063
30,1.25,-0.19994580357336533,0.0858331647253576
30,1.3333333333333333,-0.22229951239853665,0.08094946789719465
30,1.4166666666666665,-0.2398504887897785,0.07079680047940191
30,1.5,-0.236607299718779,0.0840142325014199
30,1.5833333333333333,-0.24078672246357752,0.07380759627280849
30,1.6666666666666665,-0.2402600274849282,0.07768748564337
30,1.75,-0.23628870299279875,0.06898341398391131
30,1.8333333333333333,-0.21849544392828468,0.060100733152254206
30,1.9166666666666665,-0.2279599099348729,0.049729977315403504
30,2.0,-0.23055582482063744,0.07864728414460838
31,0.0,-0.15258236391857283,0.08796828221927909
31,0.08333333333333333,-0.18179409811510638,0.07016672142905152
31,0.16666666666666666,-0.18066897806503243,0.06559836913263165
31,0.25,-0.20521770264348274,0.029957150420869112
31,0.3333333333333333,-0.20068246944896162,0.04558501245702084
31,0.41666666666666663,-0.19863746714676192,0.06177160609021763
31,0.5,-0.1924768235836725,0.07955205560946735
31,0.5833333333333333,-0.18329487130125646,0.06507469014256234
31,0.6666666666666666,-0.1825355743168445,0.059069816213128484
31,0.75,-0.19679172630353128,0.04072553940757003
31,0.8333333333333333,-0.19877510184635375,0.05746783189501435
31,0.9166666666666666,-0.19548027845251598,0.06477298729987122
31,1.0,-0.18633750391491213,0.09032327117367409
31,1.0833333333333333,-0.20471325113436606,0.06314973368724236
31,1.1666666666666665,-0.20625040515516876,0.04628803147693807
31,1.25,-0.19226766959646976,0.059256977459866474
31,1.3333333333333333,-0.19076074685741778,0.0286470745403621
31,1.4166666666666665,-0.17035938374724505,0.04061659542842277
31,1.5,-0.1645597012754078,0.04683612317840054
31,1.5833333333333333,-0.17798470986311188,0.05204213690951751
31,1.6666666666666665,-0.17140549629081903,0.044280280562544856
31,1.75,-0.17119129245664036,0.05589482815605012
31,1.8333333333333333,-0.16926135157713437,0.02781462301501232
31,1.9166666666666665,-0.15726840901141326,0.014548003534803282
31,2.0,-0.12584224438988856,0.038703263612857086
32,0.0,-0.15258236391857283,0.08796828221927909
32,0.08333333333333333,-0.17709847021246003,0.06737358874942108
32,0.16666666666666666,-0.1699561774414895,0.07287548383205569
32,0.25,-0.16885480804208472,0.0551623324440555
32,0.3333333333333333,-0.1679651948094462,0.03437166713877003
32,0.41666666666666663,-0.17459884879435222,0.06255143726684848
32,0.5,-0.1779603381108455,0.06816204145099246
32,0.5833333333333333,-0.19023098568629138,0.05004305262784654
32,0.6666666666666666,-0.1938207149410803,0.050622315871963246
32,0.75,-0.20731441376747536,0.04627696662207271
32,0.8333333333333333,-0.19502776962409987,0.05441249356174164
32,0.9166666666666666,-0.19195249970029887,0.053152988248223496
32,1.0,-0.18123342827454803,0.03180650383369475
32,1.0833333333333333,-0.1912613619017307,0.04476449481388836
32,1.1666666666666665,-0.19407502623370038,0.0353777166780765
32,1.25,-0.2020582043536436,0.047061961104991105
32,1.3333333333333333,-0.18354272841211283,0.05390589783249057
32,1.4166666666666665,-0.16839880824861134,0.05617236164243023
32,1.5,-0.1764770216359978,0.07165686570718596
32,1.5833333333333333,-0.1797807719436043,0.05829651334591416
32,1.6666666666666665,-0.16885524501826799,0.08386905394122027
32,1.75,-0.18619969921290486,0.06257970678908065
32,1.8333333333333333,-0.18157291482729615,0.08075489670958647
32,1.9166666666666665,-0.2113426515261794,0.03908569930327066
32,2.0,-0.2043853461386063,0.06265228585258037
33,0.0,-0.15258236391857283,0.08796828221927909
33,0.08333333333333333,-0.17770057557171273,0.05421065382160837
33,0.16666666666666666,-0.18709986774765314,0.05037590682155459
33,0.25,-0.19024675695002718,0.052802427614676774
33,0.3333333333333333,-0.1778718082805325,0.04440658928270649
33,0.41666666666666663,-0.17847849741258648,0.035503248470544216
33,0.5,-0.1816649467689015,0.06869008868076007
33,0.5833333333333333,-0.17401342744809092,0.05275698085822424
33,0.6666666666666666,-0.1906805973563003,0.051329838140792144
33,0.75,-0.18456738039792736,0.05498505270493482
33,0.8333333333333333,-0.17624447524816847,0.0741673354257972
33,0.9166666666666666,-0.17954833538726267,0.07336789353460056
33,1.0,-0.19386225743063365,0.03222914165089259
33,1.0833333333333333,-0.18819925458623074,0.050636213712472886
33,1.1666666666666665,-0.18200855224212079,0.05041365492646584
33,1.25,-0.19118638181390468,0.036568202640370195
33,1.3333333333333333,-0.1879949285022758,0.039643874668522455
33,1.4166666666666665,-0.16870292532036768,0.039725235551126316
33,1.5,-0.1657124668592257,0.04163797789815378
33,1.5833333333333333,-0.15793660228156978,0.04597593321118741
33,1.6666666666666665,-0.15725153682603343,0.012654710505395406
33,1.75,-0.1537115884611341,0.044029481022263464
33,1.8333333333333333,-0.14618690588966862,0.028490741629299342
33,1.9166666666666665,-0.15049371952264795,0.017258494315786785
33,2.0,-0.15100139526360887,0.04184398763355685
34,0.0,-0.15258236391857283,0.08796828221927909
34,0.08333333333333333,-0.14379309537603538,0.04191774746636398
34,0.16666666666666666,-0.13851561056082,0.028221377819930782
34,0.25,-0.12707008677535686,0.050546240265865516
34,0.3333333333333333,-0.1382050859124018,0.02674669910774198
34,0.41666666666666663,-0.145058675357594,0.04271787902035138
34,0.5,-0.14708856905741363,0.028559858862940914
34,0.5833333333333333,-0.12601685593853187,0.04644331011267679
34,0.6666666666666666,-0.13106505470364255,0.034502093239394314
34,0.75,-0.11982296041846788,0.04027668529632159
34,0.8333333333333333,-0.12424623558535075,0.027245550435124867
34,0.9166666666666666,-0.12276606392102765,0.02229373307101272
34,1.0,-0.11427044719595303,0.022474637005649938
34,1.0833333333333333,-0.10726025861884435,0.027798142469634045
34,1.1666666666666665,-0.10502582834371202,0.018262142193933212
34,1.25,-0.10713314643808576,0.03904164640638959
34,1.3333333333333333,-0.10201533193950105,0.03390575466736239
34,1.4166666666666665,-0.12053717400775778,0.03457903057291879
34,1.5,-0.11156500839313765,0.05678010867235907
34,1.5833333333333333,-0.10537985983427597,0.034081784088737896
34,1.6666666666666665,-0.1072880323606238,0.0035247315429888237
34,1.75,-0.11146848347981524,0.014480672684767576
34,1.8333333333333333,-0.10214835985616973,0.01951524273915997
34,1.9166666666666665,-0.09209607748632266,0.01783616950062527
34,2.0,-0.09901592478321859,0.032239664539635934
35,0.0,-0.15258236391857283,0.08796828221927909
35,0.08333333333333333,-0.16623479848479697,0.038691637903909414
35,0.16666666666666666,-0.1594903465888332,0.02228679192813097
35,0.25,-0.16700497370034895,0.037846222750497815
35,0.3333333333333333,-0.1568303610255432,0.02395333277707721
35,0.41666666666666663,-0.1478094782552594,0.05458569627422426
35,0.5,-0.1647778032229803,0.02812360003315699
35,0.5833333333333333,-0.1566383904067544,0.033425796301408094
35,0.6666666666666666,-0.1585227705640185,0.0485306770473788
35,0.75,-0.14937404580972521,0.03778939395333431
35,0.8333333333333333,-0.16339334712326845,0.04306437352405331
35,0.9166666666666666,-0.16172293238802238,0.04091584838154037
35,1.0,-0.15134309503176102,0.03614915063150586
35,1.0833333333333333,-0.13845788911013865,0.05300283255472374
35,1.1666666666666665,-0.1437386683843249,0.05658073113873241
35,1.25,-0.14465755564645547,0.03354399253180178
35,1.3333333333333333,-0.15031939506440256,0.03264648806282945
35,1.4166666666666665,-0.15318014134080132,0.04058971078281039
35,1.5,-0.15258907645123257,0.035803002652868045
35,1.5833333333333333,-0.1464770703168984,0.06348472430531535
35,1.6666666666666665,-0.1530304259380796,0.05200793151699016
35,1.75,-0.15028808257916476,0.045312242592329806
35,1.8333333333333333,-0.14613389327607737,0.03576863689587498
35,1.9166666666666665,-0.14836399832152428,0.03753214840323493
35,2.0,-0.13679760381108003,0.05359179929825793
36,0.0,-0.15258236391857283,0.08796828221927909
36,0.08333333333333333,-0.17241127142744145,0.0730414723802617
36,0.16666666666666666,-0.1766760095756403,0.04899785218570467
36,0.25,-0.19662597127483877,0.06929921779903558
36,0.3333333333333333,-0.2020352533677411,0.056675156256780795
36,0.41666666666666663,-0.1981317036903214,0.06760557285627526
36,0.5,-0.2140713857348488,0.0787646974092509
36,0.5833333333333333,-0.2210831596004948,0.04589260499795879
36,0.6666666666666666,-0.20249984154076733,0.043603721712688434
36,0.75,-0.19932275025957844,0.06831272368968352
36,0.8333333333333333,-0.20425667491701963,0.06324388827214451
36,0.9166666666666666,-0.19738339756759138,0.047670822707737606
36,1.0,-0.19242912509026994,0.06968204366351327
36,1.0833333333333333,-0.2074235587233899,0.06459197290048807
36,1.1666666666666665,-0.21332057726851714,0.0813478984720338
36,1.25,-0.23294139186320587,0.040854713029313705
36,1.3333333333333333,-0.2208844962798624,0.05024029643747037
36,1.4166666666666665,-0.22025085401463879,0.037846755348014356
36,1.5,-0.19912012389844244,0.04439287810474838
36,1.5833333333333333,-0.19971689191216513,0.03111818212567796
36,1.6666666666666665,-0.1932338057651122,0.049349062828763224
36,1.75,-0.1959867803218613,0.060927821852382984
36,1.8333333333333333,-0.21986130921817504,0.06268987534533477
36,1.9166666666666665,-0.21568576768432807,0.05448586280995539
36,2.0,-0.21956165873291802,0.07006745976945022
37,0.0,-0.15258236391857283,0.08796828221927909
37,0.08333333333333333,-0.16021160021028566,0.0608747437317358
37,0.16666666666666666,-0.15800194287396996,0.06738557792859094
37,0.25,-0.15133812038034006,0.032329560538718306
37,0.3333333333333333,-0.14318456369280397,0.030164327135171545
37,0.41666666666666663,-0.16155670103374575,0.043128380193678637
37,0.5,-0.15125530544608365,0.04744432183281748
37,0.5833333333333333,-0.15685240152930088,0.04240057528712304
37,0.6666666666666666,-0.1617023144586876,0.03897872986727291
37,0.75,-0.1521587743762171,0.05232844066274667
37,0.8333333333333333,-0.15854303724150168,0.04806203610131751
37,0.9166666666666666,-0.1650407026623639,0.03285315401647462
37,1.0,-0.1579017446855873,0.009726616451520398
37,1.0833333333333333,-0.14134716377137568,0.05871098712323812
37,1.1666666666666665,-0.11945584851616903,0.03368553226472912
37,1.25,-0.1109742821218512,0.01451170629898494
37,1.3333333333333333,-0.1022277597346505,0.011410149104018486
37,1.4166666666666665,-0.10222484791458636,0.010446068394917733
37,1.5,-0.08681697278985011,0.02115248365703322
37,1.5833333333333333,-0.07514963201094851,0.025401413573183138
37,1.6666666666666665,-0.08514074530570503,0.008494059032270275
37,1.75,-0.07729305591131844,0.02773325230827915
37,1.8333333333333333,-0.08910828256618494,0.04192147479685857
37,1.9166666666666665,-0.08592049946621075,0.021568829081523244
37,2.0,-0.09640735532235507,0.01856749222663619
38,0.0,-0.15258236391857283,0.08796828221927909
38,0.08333333333333333,-0.15448205733091533,0.04569324175579545
38,0.16666666666666666,-0.14112400098193303,0.03892971955740659
38,0.25,-0.15073557595370926,0.05413022892022262
38,0.3333333333333333,-0.15501380253258976,0.04283337804030141
38,0.41666666666666663,-0.12943873134932082,0.05129568167461095
38,0.5,-0.14610252607190957,0.03562278302630711
38,0.5833333333333333,-0.14578831682236135,0.052430449916011965
38,0.6666666666666666,-0.13821866689198906,0.02640658400865078
38,0.75,-0.11731397711687633,0.05466886297510256
38,0.8333333333333333,-0.11223399592401746,0.060973894710501506
38,0.9166666666666666,-0.10292183901780866,0.013593419813465759
38,1.0,-0.09473048834807694,0.0192923286715583
38,1.0833333333333333,-0.11137075745219446,0.00709158128622869
38,1.1666666666666665,-0.10551495056061913,0.028521600654813455
38,1.25,-0.11160470246730197,0.027544403488778534
38,1.3333333333333333,-0.09794872394678114,0.040041460189412494
38,1.4166666666666665,-0.09686815929778642,0.046030777029389486
38,1.5,-0.09707152127759619,0.03539999751946999
38,1.5833333333333333,-0.08942221851468891,0.06245608437964594
38,1.6666666666666665,-0.079832432126624,0.032484205357566444
38,1.75,-0.1000168819418649,0.02667245082123217
38,1.8333333333333333,-0.1018315242330572,0.014598586122917994
38,1.9166666666666665,-0.10412192399789122,0.04134949412690592
38,2.0,-0.10403870316253182,0.03286786199707516
39,0.0,-0.15258236391857283,0.08796828221927909
39,0.08333333333333333,-0.14257479267450468,0.05066178225809135
39,0.16666666666666666,-0.14170988530241885,0.02858327940314405
39,0.25,-0.155510225430507,0.05838836125140401
39,0.3333333333333333,-0.16934299379232937,0.015015989187737541
39,0.41666666666666663,-0.15835734965892434,0.03831379775032622
39,0.5,-0.1610511147892225,0.04600504064928737
39,0.5833333333333333,-0.14977450191064381,0.07164664432065858
39,0.6666666666666666,-0.15542857850217381,0.0372703463806658
39,0.75,-0.17519972491768424,0.05361020216113876
39,0.8333333333333333,-0.1755420332249126,0.046377489953749094
39,0.9166666666666666,-0.1711128016694425,0.05921280906553884
39,1.0,-0.1659151656362693,0.0789900178517539
39,1.0833333333333333,-0.17187432761823213,0.04646478135363404
39,1.1666666666666665,-0.17070326790558443,0.03518433544371254
39,1.25,-0.17424686567220665,0.062468949410631434
39,1.3333333333333333,-0.1832459369972176,0.06842009881857504
39,1.4166666666666665,-0.19562740127699388,0.02823561417993934
39,1.5,-0.17490367100232074,0.05716321587317214
39,1.5833333333333333,-0.17850751942477633,0.05222413462265903
39,1.6666666666666665,-0.18757852674639408,0.05075297579679101
39,1.75,-0.1851633021747381,0.049125191368637695
39,1.8333333333333333,-0.19235770314235867,0.04636618486070654
39,1.9166666666666665,-0.19044370065461963,0.056673548516215685
39,2.0,-0.1952451381086338,0.007045959257271993
40,0.0,-0.15258236391857283,0.08796828221927909
40,0.08333333333333333,-0.17376961459049467,0.05539249661575218
40,0.16666666666666666,-0.1916787976227024,0.0326641510836828
40,0.25,-0.19447578988197095,0.05026897788934379
40,0.3333333333333333,-0.19790283381650553,0.043432918473058565
40,0.41666666666666663,-0.19381236805342775,0.05509854726210795
40,0.5,-0.21849896244613798,0.04373740325846162
40,0.5833333333333333,-0.21650004445646806,0.02833843781895308
40,0.6666666666666666,-0.21382788487717744,0.050177352832033284
40,0.75,-0.21078074922156706,0.06283595955047336
40,0.8333333333333333,-0.2162293087191301,0.05220751336230431
40,0.9166666666666666,-0.21995190704315093,0.031036595381954225
40,1.0,-0.19260732552724216,0.0571013937350163
40,1.0833333333333333,-0.20974923460176523,0.032694940331648416
40,1.1666666666666665,-0.20014159411485827,0.053032467369502935
40,1.25,-0.2019705029874037,0.08072473211676358
40,1.3333333333333333,-0.1888137450119717,0.09749046430842057
40,1.4166666666666665,-0.21129026548358373,0.0898678872911763
40,1.5,-0.20947764568044866,0.06212615358593572
40,1.5833333333333333,-0.22560608917402858,0.06901952093208866
40,1.6666666666666665,-0.21848022916949772,0.07954124532949827
40,1.75,-0.2168126293615724,0.07292877867662918
40,1.8333333333333333,-0.23145567963985308,0.039369549248006286
40,1.9166666666666665,-0.23198466752893093,0.06333033288454902
40,2.0,-0.23775026614863068,0.08138811415283824
41,0.0,-0.15258236391857283,0.08796828221927909
41,0.08333333333333333,-0.16796154766932028,0.04651983080873444
41,0.16666666666666666,-0.16010938046253367,0.0442065497537313
41,0.25,-0.1690028965828471,0.029918383004952795
41,0.3333333333333333,-0.1683532180333909,0.03573487864328011
41,0.41666666666666663,-0.17192297217426586,0.04978279918767719
41,0.5,-0.183144226653763,0.04971241213830286
41,0.5833333333333333,-0.18050640190403708,0.015457201566225078
41,0.6666666666666666,-0.16975757100488648,0.052022188038504794
41,0.75,-0.19038610712675905,0.056221015388153134
41,0.8333333333333333,-0.1738546024262844,0.0393783979733483
41,0.9166666666666666,-0.14731483187643243,0.04660267468022365
41,1.0,-0.14217869260973234,0.07349974496608164
41,1.0833333333333333,-0.16013860029986754,0.04216458279690535
41,1.1666666666666665,-0.16809459673603874,0.05074302125725805
41,1.25,-0.1532496261782731,0.04346700198481989
41,1.3333333333333333,-0.1422558824432557,0.014766576204680654
41,1.4166666666666665,-0.13692760777984453,0.033371088140486616
41,1.5,-0.12591693042381386,0.030528322151514936
41,1.5833333333333333,-0.11605917788780831,0.030195686308571987
41,1.6666666666666665,-0.11567758611918078,0.04307593416448712
41,1.75,-0.11638004999052526,0.033852670871009086
41,1.8333333333333333,-0.10603949390451108,0.021890727976732242
41,1.9166666666666665,-0.11318098344961582,0.05002990848870889
41,2.0,-0.10828241885166785,-0.0003211344045686501
42,0.0,-0.15258236391857283,0.08796828221927909
42,0.08333333333333333,-0.14040123530210757,0.05584617610288331
42,0.16666666666666666,-0.16692654624576492,0.05415961297225118
42,0.25,-0.1668090188935634,0.03978982329426666
42,0.3333333333333333,-0.16153593299211008,0.05892105471976403
42,0.41666666666666663,-0.15794963309339052,0.024947057974141252
42,0.5,-0.14062058261321816,0.023496712725862758
42,0.5833333333333333,-0.136949646947534,0.05460462561262693
42,0.6666666666666666,-0.14688279022435663,0.029535650299059815
42,0.75,-0.13709842111811818,0.05474570145130251
42,0.8333333333333333,-0.1477801638191686,0.046247974018196365
42,0.9166666666666666,-0.1486656692155372,0.034465133699115205
42,1.0,-0.14722508440148582,0.03198064714485687
42,1.0833333333333333,-0.1369804814043573,0.032571428717071194
42,1.1666666666666665,-0.12386248448655304,0.04768827648465382
42,1.25,-0.11753971505629371,0.04734083603217359
42,1.3333333333333333,-0.13281980487242775,0.022890327421427138
42,1.4166666666666665,-0.12460915103483493,0.04194002738687793
42,1.5,-0.12473576701479897,0.0191547754939549
42,1.5833333333333333,-0.11647353721534802,0.03019535442845855
42,1.6666666666666665,-0.11133636961456449,0.0220128379428774
42,1.75,-0.13075796142511292,0.03367848633332392
42,1.8333333333333333,-0.12223174313963824,0.007940881084024864
42,1.9166666666666665,-0.10822606759334123,0.010179185124343505
42,2.0,-0.09752320159883321,0.032042536088540186
43,0.0,-0.15258236391857283,0.08796828221927909
43,0.08333333333333333,-0.17245667873650503,0.0639569536042406
43,0.16666666666666666,-0.1894918637996649,0.05813378033620438
43,0.25,-0.17957202606116726,0.08405824495288133
43,0.3333333333333333,-0.19162377253764457,0.030301089455254723
43,0.41666666666666663,-0.1950080673004165,0.0137418356966802
43,0.5,-0.17892710545828439,0.04454247249899634
43,0.5833333333333333,-0.18440222296291678,0.028215301494667177
43,0.6666666666666666,-0.16679701161377228,0.06225614647654197
43,0.75,-0.17457228546515047,0.052983021098784736
43,0.8333333333333333,-0.17869294914335063,0.06177012339850228
43,0.9166666666666666,-0.18733677878113103,0.06991185133361588
43,1.0,-0.19247124534729673,0.038948444278554775
43,1.0833333333333333,-0.19197362507936527,0.054528121860699
43,1.1666666666666665,-0.1910878628237376,0.051141613386267055
43,1.25,-0.2050952605963293,0.03402627596523443
43,1.3333333333333333,-0.1932067451853282,0.06669016119293397
43,1.4166666666666665,-0.19383924232806968,0.050798210962000295
43,1.5,-0.21020088485944335,0.06379855947711748
43,1.5833333333333333,-0.21134346657184996,0.09260396676413755
43,1.6666666666666665,-0.23783440878207163,0.07608985330876707
43,1.75,-0.24064711514432982,0.0752307161629546
43,1.8333333333333333,-0.2353825882427021,0.06977680945727968
43,1.9166666666666665,-0.23713454314146823,0.07163456586596999
43,2.0,-0.24127918156016878,0.07414159057614617
44,0.0,-0.15258236391857283,0.08796828221927909
44,0.08333333333333333,-0.1516282344740734,0.06358038802928123
44,0.16666666666666666,-0.1540510799976705,0.04992297674565044
44,0.25,-0.15652305011501036,0.041423681734675005
44,0.3333333333333333,-0.14903153264389232,0.027759095311206506
44,0.41666666666666663,-0.14233844401186524,0.02581870733615351
44,0.5,-0.12546258319163722,0.027199903286702676
44,0.5833333333333333,-0.13145010046848266,0.04226061661462855
44,0.6666666666666666,-0.14418312011260637,0.019973683331937272
44,0.75,-0.13577105603159587,0.022617602690250094
44,0.8333333333333333,-0.1400306892967147,0.024928615925169394
44,0.9166666666666666,-0.12627413779373955,0.020019724270605888
44,1.0,-0.12860459512438382,0.047422111461150496
44,1.0833333333333333,-0.14665812319531074,0.04103807217963572
44,1.1666666666666665,-0.14274180957654184,0.02167010662427776
44,1.25,-0.11842000949608834,0.041876912454464885
44,1.3333333333333333,-0.13540686876936436,0.05076323383233212
44,1.4166666666666665,-0.14161939471106144,0.045967183271753705
44,1.5,-0.15089707524289045,0.042449017305757876
44,1.5833333333333333,-0.14892853504919987,0.03867132605838189
44,1.6666666666666665,-0.13933808817476884,0.0531929372207659
44,1.75,-0.1396484955855987,0.03550928687922663
44,1.8333333333333333,-0.13334679215358403,0.04907426591023018
44,1.9166666666666665,-0.14545451660048775,0.02435391758357651
44,2.0,-0.14753976001787425,0.01515374353132697
45,0.0,-0.15258236391857283,0.08796828221927909
45,0.08333333333333333,-0.16645252822645856,0.05538598353876807
45,0.16666666666666666,-0.17348761558603173,0.04177424611497503
45,0.25,-0.1601024791330974,0.06720606059762091
45,0.3333333333333333,-0.17046167492769362,0.05232889178455353
45,0.41666666666666663,-0.18631738089860916,0.037227410518345015
45,0.5,-0.19485431439752474,0.055458468349668145
45,0.5833333333333333,-0.18915228266306747,0.042142144749960565
45,0.6666666666666666,-0.17983639119230538,0.047101089768507
45,0.75,-0.19508264611263842,0.041147546504438956
45,0.8333333333333333,-0.18670849174391047,0.0296275890785762
45,0.9166666666666666,-0.1779610701553149,0.05830078239502666
45,1.0,-0.1805808798233718,0.04093671403068804
45,1.0833333333333333,-0.17272436167515484,0.05923708772502836
45,1.1666666666666665,-0.17137576091053272,0.05891423237564646
45,1.25,-0.17797960409629446,0.04881076527159507
45,1.3333333333333333,-0.18025271937085757,0.042176985695880354
45,1.4166666666666665,-0.18184118354774606,0.06169085492033394
45,1.5,-0.1969468390910529,0.061948794174901366
45,1.5833333333333333,-0.20342443468386381,0.06188497688756204
45,1.6666666666666665,-0.2001718765077757,0.03737265486815443
45,1.75,-0.1915801993917839,0.06878549089849725
45,1.8333333333333333,-0.20162880573130143,0.06514377775670092
45,1.9166666666666665,-0.2053046606378338,0.07255353443960742
45,2.0,-0.19430934571941216,0.04668389789080393
46,0.0,-0.15258236391857283,0.08796828221927909
46,0.08333333333333333,-0.1767847552664223,0.05839950727581799
46,0.16666666666666666,-0.17569228547598423,0.0652212063812175
46,0.25,-0.16612890795956894,0.0538140362957032
46,0.3333333333333333,-0.16949010815680332,0.05144754097061538
46,0.41666666666666663,-0.17688598769301017,0.04125070974403823
46,0.5,-0.17025747883691028,0.056373953389984764
46,0.5833333333333333,-0.16758621945494967,0.041337223933265305
46,0.6666666666666666,-0.17703198178192595,0.05042663777995374
46,0.75,-0.17838354542786725,0.04012881970778593
46,0.8333333333333333,-0.1691411726287017,0.05219718425907852
46,0.9166666666666666,-0.1542055243749691,0.05050851858037985
46,1.0,-0.16143251870615966,0.05678658484118424
46,1.0833333333333333,-0.1617962677412705,0.04773837855983791
46,1.1666666666666665,-0.16241336476758172,0.06749168986850707
46,1.25,-0.16483549251949692,0.04656255997802435
46,1.3333333333333333,-0.17189035904734576,0.05481932378788676
46,1.4166666666666665,-0.17556773319588737,0.05120458922456366
46,1.5,-0.181057386997352,0.042580273698566415
46,1.5833333333333333,-0.1690498570756195,0.05828273766355341
46,1.6666666666666665,-0.16152881250532095,0.038742036423447396
46,1.75,-0.16324441765332887,0.03978107353665096
46,1.8333333333333333,-0.1656360243788501,0.03616720029795794
46,1.9166666666666665,-0.1763338625100401,0.04951661679129205
46,2.0,-0.17182187205041238,0.060146346409970776
47,0.0,-0.15258236391857283,0.08796828221927909
47,0.08333333333333333,-0.17050354542011917,0.04573068052631978
47,0.16666666666666666,-0.14102311750821953,0.035940401296318876
47,0.25,-0.1439143393996557,0.022385353926971975
47,0.3333333333333333,-0.1430734528008294,0.04714198716030509
47,0.41666666666666663,-0.13677068782087193,0.044753297765721005
47,0.5,-0.1187440036757906,0.03991749091896933
47,0.5833333333333333,-0.12447616716875641,0.04670539307486822
47,0.6666666666666666,-0.12860652273187176,0.038371200644927245
47,0.75,-0.13725593905914818,0.05025486148313174
47,0.8333333333333333,-0.14427289217279773,0.04872581283753581
47,0.9166666666666666,-0.15847331334090167,0.041357360659857526
47,1.0,-0.1679049144745797,0.033207291584824605
47,1.0833333333333333,-0.16840867771900533,0.04348955831082572
47,1.1666666666666665,-0.16136034136353247,0.05687615370314821
47,1.25,-0.1769195466207886,0.04102069215221072
47,1.3333333333333333,-0.1731222954476565,0.040396712188406604
47,1.4166666666666665,-0.1622676358057969,0.06683291043629262
47,1.5,-0.18211020030339745,0.06806261331029928
47,1.5833333333333333,-0.1856407498897086,0.012677017436280413
47,1.6666666666666665,-0.16832568078024598,0.056706983396787994
47,1.75,-0.18620226504315562,0.046085284686359966
47,1.8333333333333333,-0.1845821202908251,0.08768590805361245
47,1.9166666666666665,-0.18631507554442722,0.061424233310015515
47,2.0,-0.18389232808049835,0.06711106649961984
48,0.0,-0.15258236391857283,0.08796828221927909
48,0.08333333333333333,-0.1542039246674546,0.05872846636246782
48,0.16666666666666666,-0.16141094165266703,0.05094159147785746
48,0.25,-0.15470926096323184,0.026911802868437047
48,0.3333333333333333,-0.14222243436240123,0.045624349549328494
48,0.41666666666666663,-0.14993680266966725,0.03921338339205564
48,0.5,-0.16451952900245317,0.026791414634067565
48,0.5833333333333333,-0.14683880463597498,0.03856933427600655
48,0.6666666666666666,-0.14847042878037495,0.05263354720222216
48,0.75,-0.1456540139090289,0.05354499976331537
48,0.8333333333333333,-0.16359527713201766,0.06566812794978241
48,0.9166666666666666,-0.16178659907796197,0.0438776829368998
48,1.0,-0.14179901054187566,0.051023275579440815
48,1.0833333333333333,-0.15133990718893206,0.017478248068282583
48,1.1666666666666665,-0.14402348132494222,0.03642557701300223
48,1.25,-0.15691233832570228,0.02577759785427804
48,1.3333333333333333,-0.1495757532479023,0.04149659599118611
48,1.4166666666666665,-0.1449463645367134,0.04146788710890021
48,1.5,-0.14107053558244065,0.04411534162258738
48,1.5833333333333333,-0.15079775394104658,0.01735924647579488
48,1.6666666666666665,-0.14431064010017566,0.029402825497601683
48,1.75,-0.13026411006558622,0.05527771679806408
48,1.8333333333333333,-0.13241004476664556,0.05219085152830862
48,1.9166666666666665,-0.13019590839418782,0.029816186006913836
48,2.0,-0.11535499149538438,0.03847990819637634
49,0.0,-0.15258236391857283,0.08796828221927909
49,0.08333333333333333,-0.16359494104583655,0.0636886974412943
49,0.16666666666666666,-0.14699162002042107,0.04850922867736521
49,0.25,-0.15462508108846107,0.03499439526921297
49,0.3333333333333333,-0.16277398361774972,0.0331117697755525
49,0.41666666666666663,-0.15945184640546484,0.04892839824151065
49,0.5,-0.15895782278538503,0.03393942621341506
49,0.5833333333333333,-0.15993558185849005,0.03723906950412454
49,0.6666666666666666,-0.14179286832843027,0.03358543863340826
49,0.75,-0.13070114488661203,0.021264568625023503
49,0.8333333333333333,-0.11447697906141642,0.028171733864216533
49,0.9166666666666666,-0.1069305397392918,0.02173005904346248
49,1.0,-0.11299746633371807,0.0219372673656326
49,1.0833333333333333,-0.13250292014369686,0.031124254124448462
49,1.1666666666666665,-0.1545185850154481,0.035130571892236624
49,1.25,-0.16017631041591865,0.04160151745044872
49,1.3333333333333333,-0.15695621964795767,0.04256677029135727
49,1.4166666666666665,-0.1792296176426147,0.036427978602050645
49,1.5,-0.18498776957362983,0.03800816621490412
49,1.5833333333333333,-0.17528523651723868,0.04494980049398215
49,1.6666666666666665,-0.17163636081865988,0.027878362272546184
49,1.75,-0.17849705276757236,0.05301534822028649
49,1.8333333333333333,-0.1477793771792723,0.047946221418290795
49,1.9166666666666665,-0.129779828535032,0.04073344600959654
49,2.0,-0.14156010850969242,0.01722956526680475
