as_of_date,ccy,z_1,z_2
2010-01-29,AUD,0.13100441,-0.21959247
2010-02-26,AUD,0.12802589,-0.22051266
2010-03-31,AUD,0.14093429,-0.22627027
2010-04-30,AUD,0.14423,-0.22469549
2010-05-31,AUD,0.13557214,-0.21238326
2010-06-30,AUD,0.1331475,-0.20392583
2010-07-30,AUD,0.13286304,-0.20560351
2010-08-31,AUD,0.12804766,-0.19084778
2010-09-30,AUD,0.14571653,-0.20276166
2010-10-29,AUD,0.14193898,-0.2077557
2010-11-30,AUD,0.14495014,-0.21724741
2010-12-31,AUD,0.14578892,-0.22244334
2011-01-31,AUD,0.14519215,-0.2195682
2011-02-28,AUD,0.14659198,-0.22030155
2011-03-31,AUD,0.14246465,-0.21935847
2011-04-29,AUD,0.14524141,-0.21872844
2011-05-31,AUD,0.14343567,-0.21070786
2011-06-30,AUD,0.13851696,-0.21633138
2011-07-29,AUD,0.13182145,-0.20621318
2011-08-31,AUD,0.11524317,-0.19416317
2011-09-30,AUD,0.11226147,-0.17929077
2011-10-31,AUD,0.116829745,-0.18976004
2011-11-30,AUD,0.10305435,-0.17886381
2011-12-30,AUD,0.106713064,-0.1724763
2012-01-31,AUD,0.105095126,-0.17171046
2012-02-29,AUD,0.115701295,-0.18140398
2012-03-30,AUD,0.10705366,-0.17911586
2012-04-30,AUD,0.09923303,-0.16797231
2012-05-31,AUD,0.07756349,-0.14320496
2012-06-29,AUD,0.085628465,-0.15016837
2012-07-31,AUD,0.084957555,-0.1463332
2012-08-31,AUD,0.081417225,-0.14641461
2012-09-28,AUD,0.074691765,-0.14215568
2012-10-31,AUD,0.07133301,-0.14555408
2012-11-30,AUD,0.07271103,-0.14784239
2012-12-31,AUD,0.062298145,-0.15273985
2013-01-31,AUD,0.06283221,-0.16089961
2013-02-28,AUD,0.062346622,-0.1586537
2013-03-29,AUD,0.07190263,-0.15961613
2013-04-30,AUD,0.062407993,-0.1506085
2013-05-31,AUD,0.05746865,-0.15807244
2013-06-28,AUD,0.059328392,-0.16678654
2013-07-31,AUD,0.052346975,-0.16122167
2013-08-30,AUD,0.052834205,-0.1723925
2013-09-30,AUD,0.05427854,-0.16956976
2013-10-31,AUD,0.05769387,-0.17449537
2013-11-29,AUD,0.05470254,-0.1804819
2013-12-31,AUD,0.056658864,-0.17987391
2014-01-31,AUD,0.055310577,-0.17361821
2014-02-28,AUD,0.05488098,-0.17327991
2014-03-31,AUD,0.05973525,-0.17405598
2014-04-30,AUD,0.059759192,-0.16605999
2014-05-30,AUD,0.058564626,-0.15887533
2014-06-30,AUD,0.058009624,-0.15570211
2014-07-31,AUD,0.058130555,-0.15403515
2014-08-29,AUD,0.05921038,-0.14640735
2014-09-30,AUD,0.061815202,-0.15309204
2014-10-31,AUD,0.060260728,-0.14889932
2014-11-28,AUD,0.06022376,-0.13990632
2014-12-31,AUD,0.056870013,-0.12758493
2015-01-30,AUD,0.055498905,-0.10838185
2015-02-27,AUD,0.046178423,-0.113051005
2015-03-31,AUD,0.043666534,-0.10731654
2015-04-30,AUD,0.047763273,-0.11714739
2015-05-29,AUD,0.044287357,-0.121965796
2015-06-30,AUD,0.04556634,-0.13376871
2015-07-31,AUD,0.04525702,-0.1231537
2015-08-31,AUD,0.0403071,-0.122336306
2015-09-30,AUD,0.043471955,-0.11522447
2015-10-30,AUD,0.041230265,-0.11691825
2015-11-30,AUD,0.05038688,-0.119535804
2015-12-31,AUD,0.050463434,-0.1238322
2016-01-29,AUD,0.04940689,-0.11090929
2016-02-29,AUD,0.05089825,-0.10187434
2016-03-31,AUD,0.05391513,-0.105371505
2016-04-29,AUD,0.05150585,-0.10555562
2016-05-31,AUD,0.04710543,-0.09761546
2016-06-30,AUD,0.048989743,-0.086906366
2016-07-29,AUD,0.04802614,-0.08226984
2016-08-31,AUD,0.042944197,-0.08272042
2016-09-30,AUD,0.043775175,-0.08697917
2016-10-31,AUD,0.045526743,-0.097958915
2016-11-30,AUD,0.04550019,-0.114958
2016-12-30,AUD,0.048074383,-0.11894623
2017-01-31,AUD,0.044392314,-0.11820107
2017-02-28,AUD,0.044303995,-0.12061762
2017-03-31,AUD,0.043540217,-0.11902121
2017-04-28,AUD,0.04180062,-0.11467102
2017-05-31,AUD,0.03702655,-0.10765684
2017-06-30,AUD,0.04149231,-0.116478495
2017-07-31,AUD,0.039210007,-0.115867026
2017-08-31,AUD,0.044967826,-0.11283534
2017-09-29,AUD,0.046045505,-0.118944265
2017-10-31,AUD,0.042381916,-0.11411197
2017-11-30,AUD,0.04373663,-0.1091664
2017-12-29,AUD,0.048691593,-0.111039646
2018-01-31,AUD,0.04692498,-0.11674321
2018-02-28,AUD,0.04770525,-0.115493275
2018-03-30,AUD,0.051656734,-0.109960355
2018-04-30,AUD,0.052604288,-0.11370854
2018-05-31,AUD,0.05082836,-0.112122804
2018-06-29,AUD,0.051895734,-0.11021142
2018-07-31,AUD,0.052932,-0.10988975
2018-08-31,AUD,0.050935045,-0.10469634
2018-09-28,AUD,0.050120417,-0.110808216
2018-10-31,AUD,0.048816707,-0.109451704
2018-11-30,AUD,0.05080808,-0.10882757
2018-12-31,AUD,0.048933208,-0.10016661
2019-01-31,AUD,0.048301537,-0.09646915
2019-02-28,AUD,0.04277109,-0.095827535
2019-03-29,AUD,0.035704106,-0.08300295
2019-04-30,AUD,0.029485514,-0.08402161
2019-05-31,AUD,0.024210103,-0.07339585
2019-06-28,AUD,0.017080914,-0.067635216
2019-07-31,AUD,0.01254333,-0.061689902
2019-08-30,AUD,0.012692691,-0.048855644
2019-09-30,AUD,0.014800824,-0.051649276
2019-10-31,AUD,0.016831752,-0.055427402
2019-11-29,AUD,0.0120591195,-0.05313025
2019-12-31,AUD,0.014608373,-0.06548256
2020-01-31,AUD,0.0106218755,-0.0486431
2020-02-28,AUD,0.009262538,-0.04045111
2020-03-31,AUD,0.004486724,-0.035243396
2020-04-30,AUD,-0.0059860516,-0.040313337
2020-05-29,AUD,-0.006033538,-0.03936087
2020-06-30,AUD,-0.008265277,-0.04038391
2020-07-31,AUD,-0.008203054,-0.036748823
2020-08-31,AUD,-0.01231199,-0.04308478
2020-09-30,AUD,-0.012789922,-0.039114453
2020-10-30,AUD,-0.016404297,-0.04051719
2020-11-30,AUD,-0.018734073,-0.046938032
2020-12-31,AUD,-0.019549334,-0.04935225
2021-01-29,AUD,-0.021909885,-0.05652046
2021-02-26,AUD,-0.022373794,-0.07771117
2021-03-31,AUD,-0.024400925,-0.08143481
2021-04-30,AUD,-0.023579685,-0.07821236
2021-05-31,AUD,-0.022224225,-0.07677077
2021-06-30,AUD,-0.015802654,-0.06907059
2021-07-30,AUD,-0.015307468,-0.058604587
2021-08-31,AUD,-0.014385301,-0.05985866
2021-09-30,AUD,-0.014391178,-0.069450386
2021-10-29,AUD,0.011120815,-0.084511235
2021-11-30,AUD,0.008713091,-0.07871208
2021-12-31,AUD,0.010678645,-0.0772743
2022-01-31,AUD,0.019352349,-0.08268192
2022-02-28,AUD,0.022163022,-0.09032086
2022-03-31,AUD,0.04956459,-0.11364395
2022-04-29,AUD,0.07239978,-0.13139507
2022-05-31,AUD,0.080331415,-0.13539435
2022-06-30,AUD,0.09528102,-0.14771387
2022-07-29,AUD,0.08456669,-0.13027713
2022-08-31,AUD,0.10194087,-0.1497484
2022-09-30,AUD,0.11673548,-0.15876989
2022-10-31,AUD,0.11506054,-0.16659513
2022-11-30,AUD,0.10346285,-0.14861216
2022-12-30,AUD,0.11469643,-0.16522853
2023-01-31,AUD,0.103484005,-0.15113637
2023-02-28,AUD,0.12061656,-0.16434848
2023-03-31,AUD,0.09872617,-0.14270535
2023-04-28,AUD,0.1004852,-0.14188205
2023-05-31,AUD,0.11312789,-0.15204728
2023-06-30,AUD,0.1350348,-0.16077295
2023-07-31,AUD,0.12817508,-0.16229887
2023-08-31,AUD,0.11928491,-0.16153264
2023-09-29,AUD,0.123072125,-0.17652255
2023-10-31,AUD,0.13179696,-0.19559146
2023-11-30,AUD,0.12392286,-0.17830995
2023-12-29,AUD,0.1148185,-0.15601847
2024-01-31,AUD,0.11050728,-0.1584136
2024-02-29,AUD,0.11637379,-0.16490868
2010-01-29,CAD,-0.0058134818,-0.15303865
2010-02-26,CAD,-0.005291013,-0.15336102
2010-03-31,CAD,0.01483951,-0.15418085
2010-04-30,CAD,0.024907479,-0.15675558
2010-05-31,CAD,0.02363542,-0.14941101
2010-06-30,CAD,0.0074682226,-0.14497843
2010-07-30,CAD,0.007669383,-0.1430967
2010-08-31,CAD,0.0022140187,-0.12814608
2010-09-30,CAD,0.012369501,-0.12371338
2010-10-29,CAD,0.00937847,-0.12744895
2010-11-30,CAD,0.019691234,-0.13487184
2010-12-31,CAD,0.020174647,-0.14010763
2011-01-31,CAD,0.01621936,-0.14653133
2011-02-28,CAD,0.024182834,-0.14894654
2011-03-31,CAD,0.023568152,-0.15301707
2011-04-29,CAD,0.020773135,-0.14778449
2011-05-31,CAD,0.016849238,-0.13921206
2011-06-30,CAD,0.015854688,-0.14211974
2011-07-29,CAD,0.012841932,-0.13044694
2011-08-31,CAD,0.0038584855,-0.116084665
2011-09-30,CAD,-0.0010828641,-0.10513944
2011-10-31,CAD,0.0014307917,-0.11265651
2011-11-30,CAD,0.007647629,-0.10114271
2011-12-30,CAD,0.008388553,-0.0952957
2012-01-31,CAD,0.009441618,-0.09529955
2012-02-29,CAD,0.011954804,-0.10349096
2012-03-30,CAD,0.014766351,-0.10863764
2012-04-30,CAD,0.022572877,-0.1073832
2012-05-31,CAD,0.017332343,-0.087714575
2012-06-29,CAD,0.013847977,-0.093884245
2012-07-31,CAD,0.018226862,-0.09124477
2012-08-31,CAD,0.021568488,-0.091595575
2012-09-28,CAD,0.017902374,-0.09128422
2012-10-31,CAD,0.016389394,-0.09407356
2012-11-30,CAD,0.017818669,-0.091558196
2012-12-31,CAD,0.01949091,-0.09514847
2013-01-31,CAD,0.017453384,-0.10263249
2013-02-28,CAD,0.011519503,-0.09945108
2013-03-29,CAD,0.013829426,-0.09997885
2013-04-30,CAD,0.014543947,-0.09394704
2013-05-31,CAD,0.016783157,-0.106382795
2013-06-28,CAD,0.018253803,-0.12027989
2013-07-31,CAD,0.01596684,-0.12157229
2013-08-30,CAD,0.014672531,-0.12693104
2013-09-30,CAD,0.012203797,-0.12665983
2013-10-31,CAD,0.009936343,-0.122865975
2013-11-29,CAD,0.0070493817,-0.12548809
2013-12-31,CAD,0.008236855,-0.13226233
2014-01-31,CAD,0.0054906467,-0.11898486
2014-02-28,CAD,0.00797479,-0.11840173
2014-03-31,CAD,0.010548427,-0.119646154
2014-04-30,CAD,0.011845218,-0.11765274
2014-05-30,CAD,0.012130204,-0.112168714
2014-06-30,CAD,0.013654472,-0.11328519
2014-07-31,CAD,0.014920793,-0.11021151
2014-08-29,CAD,0.017092744,-0.105010934
2014-09-30,CAD,0.017230656,-0.10910806
2014-10-31,CAD,0.017371276,-0.10522959
2014-11-28,CAD,0.018364182,-0.09916396
2014-12-31,CAD,0.020991879,-0.09603878
2015-01-30,CAD,0.0024409029,-0.07410895
2015-02-27,CAD,0.0024481872,-0.07885306
2015-03-31,CAD,0.0025828646,-0.0811171
2015-04-30,CAD,0.0074116094,-0.08820036
2015-05-29,CAD,0.004013215,-0.0894785
2015-06-30,CAD,-0.0016400188,-0.09475425
2015-07-31,CAD,-0.0064164214,-0.08713776
2015-08-31,CAD,-0.0074662683,-0.08795111
2015-09-30,CAD,-0.0021965003,-0.08315613
2015-10-30,CAD,-0.0007431708,-0.085691154
2015-11-30,CAD,0.0007470836,-0.08430238
2015-12-31,CAD,-0.0017775977,-0.08526924
2016-01-29,CAD,-0.0035568115,-0.074692816
2016-02-29,CAD,0.0040872144,-0.06433718
2016-03-31,CAD,0.005040989,-0.06950248
2016-04-29,CAD,0.009539266,-0.07690705
2016-05-31,CAD,0.009576076,-0.071184754
2016-06-30,CAD,0.008730657,-0.060448106
2016-07-29,CAD,0.011912592,-0.05808777
2016-08-31,CAD,0.014046973,-0.055854134
2016-09-30,CAD,0.012256141,-0.05648325
2016-10-31,CAD,0.009579631,-0.06470126
2016-11-30,CAD,0.009998573,-0.07836334
2016-12-30,CAD,0.011880511,-0.08283128
2017-01-31,CAD,0.010608636,-0.08566948
2017-02-28,CAD,0.011718656,-0.08170994
2017-03-31,CAD,0.011832624,-0.08305651
2017-04-28,CAD,0.011493352,-0.07892588
2017-05-31,CAD,0.0111764055,-0.07689119
2017-06-30,CAD,0.024395289,-0.086829714
2017-07-31,CAD,0.030375913,-0.09482423
2017-08-31,CAD,0.03226292,-0.088073544
2017-09-29,CAD,0.04031215,-0.09523656
2017-10-31,CAD,0.03684396,-0.092142075
2017-11-30,CAD,0.038281187,-0.08977025
2017-12-29,CAD,0.046294097,-0.09373408
2018-07-31,CAD,0.061412543,-0.10238928
2018-08-31,CAD,0.062498767,-0.09970113
2018-09-28,CAD,0.066021,-0.106430456
2018-10-31,CAD,0.07008402,-0.11028785
2018-11-30,CAD,0.065117136,-0.10491773
2018-12-31,CAD,0.05721046,-0.09629138
2019-01-31,CAD,0.055014886,-0.09411097
2019-02-28,CAD,0.053378116,-0.095215775
2019-03-29,CAD,0.047781672,-0.083109245
2019-04-30,CAD,0.0455051,-0.087266415
2019-05-31,CAD,0.04370557,-0.078782
2019-06-28,CAD,0.04566185,-0.07444739
2019-07-31,CAD,0.047698576,-0.075314015
2019-08-30,CAD,0.044426393,-0.06323046
2019-09-30,CAD,0.05171317,-0.068048455
2019-10-31,CAD,0.04820762,-0.07225241
2019-11-29,CAD,0.050051365,-0.07379721
2019-12-31,CAD,0.05265271,-0.08368847
2020-01-31,CAD,0.045356914,-0.06830236
2020-02-28,CAD,0.036281954,-0.06116981
2020-03-31,CAD,0.011873016,-0.04906533
2020-04-30,CAD,0.005177024,-0.046771422
2020-05-29,CAD,0.0036648947,-0.04635366
2020-06-30,CAD,0.0041839667,-0.046509087
2020-07-31,CAD,0.0040351837,-0.04315434
2020-08-31,CAD,0.0014225554,-0.050111685
2020-09-30,CAD,0.0016210859,-0.048977204
2020-10-30,CAD,-0.00094785367,-0.053376578
2020-11-30,CAD,0.0003109795,-0.05412139
2020-12-31,CAD,-0.002475143,-0.05566027
2021-01-29,CAD,-0.0057168547,-0.06326886
2021-02-26,CAD,-0.00261197,-0.07744264
2021-03-31,CAD,-0.006823548,-0.088251635
2021-04-30,CAD,-0.0059422646,-0.08544852
2021-05-31,CAD,-0.0040925946,-0.082618795
2021-06-30,CAD,0.00343301,-0.07790992
2021-07-30,CAD,0.0023814354,-0.0725118
2021-08-31,CAD,0.0033982513,-0.073241234
2021-09-30,CAD,0.0063650296,-0.08244333
2021-10-29,CAD,0.028212177,-0.08732549
2021-11-30,CAD,0.029413193,-0.079859145
2021-12-31,CAD,0.03061557,-0.07762453
2022-01-31,CAD,0.037838496,-0.0909801
2022-02-28,CAD,0.04194531,-0.09247959
2022-03-31,CAD,0.06667689,-0.10993504
2022-04-29,CAD,0.079286404,-0.12552826
2022-05-31,CAD,0.07943021,-0.12572399
2022-06-30,CAD,0.09593168,-0.13680285
2022-07-29,CAD,0.095788464,-0.11973092
2022-08-31,CAD,0.11974639,-0.13490438
2022-09-30,CAD,0.12548128,-0.13665016
2022-10-31,CAD,0.13005744,-0.1400059
2022-11-30,CAD,0.13240147,-0.12802234
2022-12-30,CAD,0.13475902,-0.14036292
2023-01-31,CAD,0.12960854,-0.12659344
2023-02-28,CAD,0.14031543,-0.13953519
2023-03-31,CAD,0.12896815,-0.12546407
2023-04-28,CAD,0.13002312,-0.124470115
2023-05-31,CAD,0.14704834,-0.13624471
2023-06-30,CAD,0.16182427,-0.1377366
2023-07-31,CAD,0.16401245,-0.14598392
2023-08-31,CAD,0.16197348,-0.14882751
2023-09-29,CAD,0.16402788,-0.16353512
2023-10-31,CAD,0.15283015,-0.16513285
2023-11-30,CAD,0.14090069,-0.14389926
2023-12-29,CAD,0.13098218,-0.12614
2024-01-31,CAD,0.13648425,-0.13651398
2024-02-29,CAD,0.1405023,-0.142592
2010-01-29,DKK,0.035683088,-0.14577314
2010-02-26,DKK,0.029508706,-0.14313643
2010-03-31,DKK,0.027572656,-0.14157052
2010-04-30,DKK,0.026904384,-0.13683733
2010-05-31,DKK,0.023995802,-0.124082625
2010-06-30,DKK,0.024047917,-0.12225267
2010-07-30,DKK,0.023812376,-0.12702034
2010-08-31,DKK,0.02734959,-0.10017794
2010-09-30,DKK,0.032405972,-0.11048351
2010-10-29,DKK,0.035402253,-0.11709855
2010-11-30,DKK,0.03132905,-0.1267348
2010-12-31,DKK,0.031458046,-0.13760422
2011-01-31,DKK,0.039977644,-0.14149044
2011-02-28,DKK,0.041635346,-0.14098464
2011-03-31,DKK,0.050629765,-0.14867672
2011-04-29,DKK,0.049311124,-0.14615762
2011-05-31,DKK,0.043185063,-0.13815995
2011-06-30,DKK,0.042937204,-0.14352274
2011-08-31,DKK,0.02541989,-0.12039942
2011-09-30,DKK,0.023933075,-0.10060889
2011-10-31,DKK,0.02493318,-0.10562859
2011-11-30,DKK,0.018660221,-0.100945055
2011-12-30,DKK,0.012649815,-0.08965897
2012-01-31,DKK,0.011141017,-0.090380765
2012-02-29,DKK,0.012701664,-0.094611086
2012-03-30,DKK,0.012439177,-0.09628092
2012-04-30,DKK,0.007753202,-0.094167836
2012-05-31,DKK,0.009058703,-0.0667541
2012-06-29,DKK,-0.00024813483,-0.08233267
2012-07-31,DKK,-0.009425562,-0.076915875
2012-08-31,DKK,-0.008366855,-0.076864645
2012-09-28,DKK,-0.0073886723,-0.0815868
2012-10-31,DKK,-0.005318822,-0.083342224
2012-11-30,DKK,-0.011396171,-0.07915277
2012-12-31,DKK,-0.011408867,-0.076824255
2013-01-31,DKK,0.00033938081,-0.087978035
2013-02-28,DKK,-0.008887773,-0.084369674
2013-03-29,DKK,-0.00891326,-0.081154354
2013-04-30,DKK,-0.009718826,-0.07390871
2013-05-31,DKK,-0.010719996,-0.08412401
2013-06-28,DKK,-0.0045766872,-0.092619605
2013-07-31,DKK,-0.006871444,-0.09269118
2013-08-30,DKK,-0.0031499385,-0.101468764
2013-09-30,DKK,-0.0053443485,-0.09865383
2013-10-31,DKK,-0.0089056045,-0.09544093
2013-11-29,DKK,-0.013836311,-0.09587582
2013-12-31,DKK,-0.010734584,-0.102029525
2014-01-31,DKK,-0.011977823,-0.09449521
2014-02-28,DKK,-0.011427814,-0.093320034
2014-03-31,DKK,-0.010732924,-0.09150976
2014-04-30,DKK,-0.011042801,-0.08837843
2014-05-30,DKK,-0.013445926,-0.08382185
2014-06-30,DKK,-0.012015717,-0.08155972
2014-07-31,DKK,-0.009166873,-0.07847949
2014-08-29,DKK,-0.0075297495,-0.067723945
2014-09-30,DKK,-0.012936362,-0.07095649
2014-10-31,DKK,-0.010584536,-0.06696628
2014-11-28,DKK,-0.007833434,-0.060205698
2014-12-31,DKK,-0.0067274007,-0.054670613
2015-01-30,DKK,-0.015015185,-0.042097
2015-02-27,DKK,-0.015729055,-0.04149922
2015-03-31,DKK,-0.008606527,-0.035695475
2015-04-30,DKK,-0.013193187,-0.042353246
2015-05-29,DKK,-0.014586512,-0.05212793
2015-06-30,DKK,-0.018728998,-0.0672596
2015-07-31,DKK,-0.015366928,-0.06105005
2015-08-31,DKK,-0.014731389,-0.065845616
2015-09-30,DKK,-0.014530116,-0.061693292
2015-10-30,DKK,-0.018356653,-0.06008291
2015-11-30,DKK,-0.023348423,-0.058417045
2015-12-31,DKK,-0.019828938,-0.06364331
2016-01-29,DKK,-0.01914308,-0.05201326
2016-02-29,DKK,-0.017161243,-0.043710157
2016-03-31,DKK,-0.016478647,-0.045267593
2016-04-29,DKK,-0.01972148,-0.051849607
2016-06-30,DKK,-0.018048484,-0.035497047
2016-07-29,DKK,-0.017291047,-0.03227502
2016-08-31,DKK,-0.017231572,-0.032725714
2016-09-30,DKK,-0.017486379,-0.032300383
2016-10-31,DKK,-0.018105322,-0.040576577
2016-11-30,DKK,-0.020780975,-0.04828257
2016-12-30,DKK,-0.021518052,-0.048015557
2017-01-31,DKK,-0.023904145,-0.05509341
2017-02-28,DKK,-0.024759324,-0.04858709
2017-03-31,DKK,-0.023473436,-0.052224465
2017-04-28,DKK,-0.023379454,-0.053017255
2017-05-31,DKK,-0.024696533,-0.053414326
2017-06-30,DKK,-0.023400517,-0.05687128
2017-07-31,DKK,-0.025436588,-0.059016325
2017-08-31,DKK,-0.026629442,-0.05252551
2017-09-29,DKK,-0.027574757,-0.056395985
2017-10-31,DKK,-0.027920246,-0.054100167
2017-11-30,DKK,-0.026247399,-0.05246043
2017-12-29,DKK,-0.02506639,-0.053092074
2018-01-31,DKK,-0.0235189,-0.056538813
2018-02-28,DKK,-0.024473837,-0.059100766
2018-03-30,DKK,-0.024065945,-0.054293573
2018-04-30,DKK,-0.023837278,-0.05573136
2018-05-31,DKK,-0.023974545,-0.052050214
2018-06-29,DKK,-0.025113652,-0.051175866
2018-07-31,DKK,-0.024359347,-0.053138703
2018-08-31,DKK,-0.024002457,-0.050895646
2018-09-28,DKK,-0.022428334,-0.053846616
2018-10-31,DKK,-0.023248803,-0.052953303
2018-11-30,DKK,-0.02412427,-0.050975863
2018-12-31,DKK,-0.023563165,-0.048852097
2019-01-31,DKK,-0.022614352,-0.04299543
2019-02-28,DKK,-0.022938637,-0.04388152
2019-03-29,DKK,-0.02241598,-0.03497562
2019-04-30,DKK,-0.02358672,-0.036642857
2019-05-31,DKK,-0.024173347,-0.030487042
2019-06-28,DKK,-0.025270801,-0.021973114
2019-07-31,DKK,-0.024841167,-0.016447851
2019-08-30,DKK,-0.02282617,-0.0014538704
2019-09-30,DKK,-0.021212308,-0.0063881893
2019-10-31,DKK,-0.020197267,-0.013705972
2019-11-29,DKK,-0.018488249,-0.015020118
2019-12-31,DKK,-0.018330008,-0.021356482
2020-01-31,DKK,-0.018075796,-0.010536619
2020-02-28,DKK,-0.017640816,-0.0049898066
2020-03-31,DKK,-0.0087797325,-0.013446489
2020-04-30,DKK,-0.008715789,-0.0054907473
2020-05-29,DKK,-0.00836674,-0.0069723385
2020-06-30,DKK,-0.0101363165,-0.0063366503
2020-07-31,DKK,-0.010064633,-0.004063342
2020-08-31,DKK,-0.012183667,-0.009181554
2020-09-30,DKK,-0.011572362,-0.0047744345
2020-10-30,DKK,-0.012983424,-0.0033915474
2020-11-30,DKK,-0.011490471,-0.004496842
2020-12-31,DKK,-0.011078215,-0.004435062
2021-01-29,DKK,-0.013404479,-0.008762284
2021-02-26,DKK,-0.013795426,-0.01856768
2021-03-31,DKK,-0.017497702,-0.021438215
2021-04-30,DKK,-0.018150195,-0.024949001
2021-05-31,DKK,-0.017342195,-0.024968108
2021-06-30,DKK,-0.016293932,-0.024003657
2021-07-30,DKK,-0.015106007,-0.016949747
2021-08-31,DKK,-0.014884196,-0.01801293
2021-09-30,DKK,-0.016203409,-0.024544194
2021-10-29,DKK,-0.007915845,-0.023025604
2021-11-30,DKK,-0.011775101,-0.018389119
2021-12-31,DKK,-0.012194453,-0.024828495
2022-01-31,DKK,-0.0060849446,-0.028384684
2022-02-28,DKK,-0.003761651,-0.042224538
2022-03-31,DKK,0.01082749,-0.053542763
2022-04-29,DKK,0.01977865,-0.07321239
2022-05-31,DKK,0.022961287,-0.08029899
2022-06-30,DKK,0.032031473,-0.09326994
2022-07-29,DKK,0.030637011,-0.07242605
2022-08-31,DKK,0.06612441,-0.095974475
2022-09-30,DKK,0.087877154,-0.11579994
2022-10-31,DKK,0.08785168,-0.11294379
2022-11-30,DKK,0.0910592,-0.096544616
2022-12-30,DKK,0.10830032,-0.11346247
2023-01-31,DKK,0.106400855,-0.10468007
2023-02-28,DKK,0.119186975,-0.1172566
2023-03-31,DKK,0.11195095,-0.110881634
2023-04-28,DKK,0.111131094,-0.11048525
2023-05-31,DKK,0.112539105,-0.11012166
2023-06-30,DKK,0.12752403,-0.109754786
2023-07-31,DKK,0.120235756,-0.11408002
2023-08-31,DKK,0.117455445,-0.11409096
2023-09-29,DKK,0.11994485,-0.12684019
2023-10-31,DKK,0.111292705,-0.12808195
2023-11-30,DKK,0.106943354,-0.11485691
2023-12-29,DKK,0.0929807,-0.09734079
2024-01-31,DKK,0.094024956,-0.10013962
2024-02-29,DKK,0.10573017,-0.10516973
2010-01-29,EUR,0.014329791,-0.13801913
2010-02-26,EUR,0.008433597,-0.13548167
2010-03-31,EUR,0.007983232,-0.1338189
2010-04-30,EUR,0.009362547,-0.12955952
2010-05-31,EUR,0.010418784,-0.11844241
2010-06-30,EUR,0.0107185505,-0.11793361
2010-07-30,EUR,0.0112959035,-0.12162978
2010-08-31,EUR,0.014766546,-0.09460475
2010-09-30,EUR,0.019639645,-0.10473706
2010-10-29,EUR,0.023224097,-0.11134469
2010-11-30,EUR,0.01890421,-0.121479
2010-12-31,EUR,0.016484207,-0.13128355
2011-01-31,EUR,0.031251684,-0.13675113
2011-02-28,EUR,0.034306083,-0.13539381
2011-03-31,EUR,0.041942365,-0.14387693
2011-04-29,EUR,0.04340502,-0.14001678
2011-05-31,EUR,0.038514283,-0.13362168
2011-06-30,EUR,0.03794488,-0.13792937
2011-07-29,EUR,0.0326572,-0.12595415
2011-08-31,EUR,0.022864196,-0.11656225
2011-09-30,EUR,0.026853586,-0.10060021
2011-10-31,EUR,0.025223218,-0.10043584
2011-11-30,EUR,0.022050593,-0.107685864
2011-12-30,EUR,0.019967219,-0.09501156
2012-01-31,EUR,0.013139682,-0.09108971
2012-02-29,EUR,0.011228189,-0.09220259
2012-03-30,EUR,0.008762213,-0.09407819
2012-04-30,EUR,0.0032836746,-0.09104171
2012-05-31,EUR,0.009923019,-0.068316326
2012-06-29,EUR,0.0043230765,-0.0816676
2012-07-31,EUR,-0.0056925477,-0.07643394
2012-08-31,EUR,-0.010071264,-0.07514603
2012-09-28,EUR,-0.014137175,-0.07883353
2012-10-31,EUR,-0.014319205,-0.07981118
2012-11-30,EUR,-0.016463038,-0.07699859
2012-12-31,EUR,-0.017243195,-0.0739498
2013-01-31,EUR,-0.0066208374,-0.08353007
2013-02-28,EUR,-0.016602814,-0.08048515
2013-03-29,EUR,-0.013309728,-0.07742403
2013-04-30,EUR,-0.015569559,-0.07055546
2013-05-31,EUR,-0.01658558,-0.07998041
2013-06-28,EUR,-0.010680108,-0.086886644
2013-07-31,EUR,-0.012714004,-0.08604134
2013-08-30,EUR,-0.0120219,-0.094708234
2013-09-30,EUR,-0.013908604,-0.09025288
2013-10-31,EUR,-0.016716776,-0.08863582
2013-11-29,EUR,-0.019137166,-0.08882253
2013-12-31,EUR,-0.01572389,-0.09432491
2014-01-31,EUR,-0.017579455,-0.08537412
2014-02-28,EUR,-0.01623567,-0.08383335
2014-03-31,EUR,-0.015267464,-0.08205575
2014-04-30,EUR,-0.015139171,-0.07905716
2014-05-30,EUR,-0.017519346,-0.07437007
2014-06-30,EUR,-0.019287575,-0.070582904
2014-07-31,EUR,-0.016750865,-0.067183554
2014-08-29,EUR,-0.014754864,-0.055242002
2014-09-30,EUR,-0.020695793,-0.05968841
2014-10-31,EUR,-0.018088879,-0.05605527
2014-11-28,EUR,-0.015544982,-0.049416278
2014-12-31,EUR,-0.013899334,-0.04419422
2015-01-30,EUR,-0.010699699,-0.03562957
2015-02-27,EUR,-0.01346973,-0.036665175
2015-03-31,EUR,-0.008181905,-0.02653636
2015-04-30,EUR,-0.010682811,-0.03234924
2015-05-29,EUR,-0.014908807,-0.04189474
2015-06-30,EUR,-0.019526947,-0.055521075
2015-07-31,EUR,-0.018450586,-0.04876868
2015-08-31,EUR,-0.019977983,-0.05452688
2015-09-30,EUR,-0.021084914,-0.049446955
2015-10-30,EUR,-0.023506645,-0.047721025
2015-11-30,EUR,-0.02778191,-0.047037046
2015-12-31,EUR,-0.02545575,-0.05201193
2016-01-29,EUR,-0.026583942,-0.039131522
2016-02-29,EUR,-0.02487838,-0.030708821
2016-03-31,EUR,-0.022876823,-0.03221907
2016-04-29,EUR,-0.025533183,-0.038662262
2016-05-31,EUR,-0.024977328,-0.03413153
2016-06-30,EUR,-0.023361096,-0.02675537
2016-07-29,EUR,-0.021903863,-0.0211663
2016-08-31,EUR,-0.02181082,-0.022149231
2016-09-30,EUR,-0.022662798,-0.02233317
2016-10-31,EUR,-0.023350473,-0.03101791
2016-11-30,EUR,-0.026158838,-0.038460456
2016-12-30,EUR,-0.02647761,-0.038376275
2017-01-31,EUR,-0.02838829,-0.045075323
2017-02-28,EUR,-0.027712712,-0.039819755
2017-03-31,EUR,-0.027007177,-0.042983264
2017-04-28,EUR,-0.027639318,-0.043942243
2017-05-31,EUR,-0.029177625,-0.044572048
2017-06-30,EUR,-0.028370019,-0.04820668
2017-07-31,EUR,-0.030324155,-0.050598763
2017-08-31,EUR,-0.030285275,-0.045091156
2017-09-29,EUR,-0.03069904,-0.049515896
2017-10-31,EUR,-0.031086205,-0.047067225
2017-11-30,EUR,-0.029469937,-0.046066877
2017-12-29,EUR,-0.027834818,-0.047146264
2018-01-31,EUR,-0.02672442,-0.051331665
2018-02-28,EUR,-0.027612261,-0.052721024
2018-03-30,EUR,-0.027651774,-0.04837494
2018-04-30,EUR,-0.027578767,-0.049477316
2018-05-31,EUR,-0.027204461,-0.046793573
2018-06-29,EUR,-0.028412078,-0.046041172
2018-07-31,EUR,-0.028023949,-0.048513737
2018-08-31,EUR,-0.02787629,-0.046284027
2018-09-28,EUR,-0.026733527,-0.049684223
2018-10-31,EUR,-0.027127495,-0.0486974
2018-11-30,EUR,-0.027875569,-0.046390254
2018-12-31,EUR,-0.02805603,-0.043704916
2019-01-31,EUR,-0.026026752,-0.038161375
2019-02-28,EUR,-0.025724383,-0.04016109
2019-03-29,EUR,-0.025063086,-0.031358853
2019-04-30,EUR,-0.025320942,-0.03283327
2019-05-31,EUR,-0.026009524,-0.025967762
2019-06-28,EUR,-0.027794199,-0.019405598
2019-07-31,EUR,-0.02790386,-0.012505618
2019-08-30,EUR,-0.026198454,0.0012060867
2019-09-30,EUR,-0.023983048,-0.0036497046
2019-10-31,EUR,-0.023063151,-0.0108927665
2019-11-29,EUR,-0.02236171,-0.01197078
2019-12-31,EUR,-0.022696361,-0.018281436
2020-01-31,EUR,-0.022140874,-0.0076812203
2020-02-28,EUR,-0.02162682,-0.0013642344
2020-03-31,EUR,-0.018107137,-0.005751838
2020-04-30,EUR,-0.015644321,0.0010150869
2020-05-29,EUR,-0.014710914,-0.00073850673
2020-06-30,EUR,-0.018772736,-0.00010174636
2020-07-31,EUR,-0.019635882,0.002513383
2020-08-31,EUR,-0.021941742,-0.0019784956
2020-09-30,EUR,-0.022585427,0.0016867461
2020-10-30,EUR,-0.02443956,0.003372232
2020-11-30,EUR,-0.023958052,0.0020748859
2020-12-31,EUR,-0.02391785,0.0025288132
2021-01-29,EUR,-0.026339503,-0.0013162496
2021-02-26,EUR,-0.026687998,-0.0101446025
2021-03-31,EUR,-0.029656468,-0.013161425
2021-04-30,EUR,-0.029759062,-0.015716746
2021-05-31,EUR,-0.028831583,-0.014642575
2021-06-30,EUR,-0.028059617,-0.013716825
2021-07-30,EUR,-0.026841404,-0.0066138078
2021-08-31,EUR,-0.0268053,-0.008170551
2021-09-30,EUR,-0.02690249,-0.014937428
2021-10-29,EUR,-0.016612183,-0.013651977
2021-11-30,EUR,-0.021004535,-0.01001214
2021-12-31,EUR,-0.02163812,-0.017585915
2022-01-31,EUR,-0.015161931,-0.021076052
2022-02-28,EUR,-0.014170266,-0.03279877
2022-03-31,EUR,0.0012517764,-0.044978652
2022-04-29,EUR,0.010828529,-0.06454834
2022-05-31,EUR,0.013462057,-0.070530206
2022-06-30,EUR,0.022036143,-0.08211475
2022-07-29,EUR,0.021717917,-0.06299704
2022-08-31,EUR,0.0558557,-0.08705773
2022-09-30,EUR,0.078354254,-0.10651913
2022-10-31,EUR,0.08061049,-0.106685266
2022-11-30,EUR,0.08592158,-0.091553666
2022-12-30,EUR,0.10245913,-0.10940231
2023-01-31,EUR,0.1013765,-0.09990208
2023-02-28,EUR,0.11521672,-0.11303711
2023-03-31,EUR,0.10601002,-0.103968024
2023-04-28,EUR,0.10874927,-0.10581278
2023-05-31,EUR,0.11012383,-0.10483092
2023-06-30,EUR,0.12468955,-0.10445997
2023-07-31,EUR,0.11715919,-0.10870583
2023-08-31,EUR,0.11404083,-0.10855904
2023-09-29,EUR,0.11664687,-0.122273244
2023-10-31,EUR,0.108125485,-0.12247816
2023-11-30,EUR,0.10323699,-0.107271455
2023-12-29,EUR,0.089132406,-0.091047496
2024-01-31,EUR,0.09029806,-0.0937389
2024-02-29,EUR,0.10298525,-0.09952865
2010-01-29,JPY,-0.021283934,-0.056037683
2010-02-26,JPY,-0.022608854,-0.05771866
2010-03-31,JPY,-0.024024153,-0.061333112
2010-04-30,JPY,-0.02338699,-0.05821514
2010-05-31,JPY,-0.022233088,-0.055667307
2010-06-30,JPY,-0.020080887,-0.0478522
2010-07-30,JPY,-0.019187234,-0.045419656
2010-08-31,JPY,-0.020010829,-0.044530272
2010-09-30,JPY,-0.021208337,-0.04468383
2010-10-29,JPY,-0.021619497,-0.046177976
2010-11-30,JPY,-0.02080609,-0.052185
2010-12-31,JPY,-0.019246818,-0.04826016
2011-01-31,JPY,-0.020115701,-0.05147131
2011-02-28,JPY,-0.019542372,-0.052946806
2011-03-31,JPY,-0.021999214,-0.052503787
2011-04-29,JPY,-0.021669993,-0.050022665
2011-05-31,JPY,-0.020464752,-0.047797043
2011-06-30,JPY,-0.020602014,-0.047465187
2011-07-29,JPY,-0.019617893,-0.043688133
2011-08-31,JPY,-0.020139745,-0.04294566
2011-09-30,JPY,-0.018864023,-0.041763335
2011-10-31,JPY,-0.019743156,-0.04279079
2011-11-30,JPY,-0.019805884,-0.04228768
2011-12-30,JPY,-0.018342102,-0.038040765
2012-01-31,JPY,-0.018613094,-0.039129306
2012-02-29,JPY,-0.01924431,-0.04049622
2012-03-30,JPY,-0.019807871,-0.042989478
2012-04-30,JPY,-0.018872863,-0.03907476
2012-05-31,JPY,-0.016569152,-0.03445069
2012-06-29,JPY,-0.018061318,-0.036755282
2012-07-31,JPY,-0.017918665,-0.035513774
2012-08-31,JPY,-0.018303946,-0.037160445
2012-09-28,JPY,-0.018702272,-0.03804288
2012-10-31,JPY,-0.02110074,-0.041985825
2012-11-30,JPY,-0.02171362,-0.04169441
2012-12-31,JPY,-0.02364516,-0.046480924
2013-01-31,JPY,-0.024095504,-0.045878954
2013-02-28,JPY,-0.02177562,-0.04207971
2013-03-29,JPY,-0.019301632,-0.038636994
2013-04-30,JPY,-0.01840214,-0.0403614
2013-05-31,JPY,-0.01912982,-0.04590231
2013-06-28,JPY,-0.019822251,-0.046154704
2013-07-31,JPY,-0.020181134,-0.045450475
2013-08-30,JPY,-0.019440487,-0.043161776
2013-09-30,JPY,-0.019403012,-0.042141914
2013-10-31,JPY,-0.018334404,-0.03813072
2013-11-29,JPY,-0.019340215,-0.039705385
2013-12-31,JPY,-0.020554356,-0.04477304
2014-01-31,JPY,-0.019259447,-0.03981718
2014-02-28,JPY,-0.019756407,-0.040123243
2014-03-31,JPY,-0.020361526,-0.0417688
2014-04-30,JPY,-0.01920336,-0.03933366
2014-05-30,JPY,-0.018684423,-0.037320673
2014-06-30,JPY,-0.018781113,-0.036503386
2014-07-31,JPY,-0.018550476,-0.035590682
2014-08-29,JPY,-0.01757435,-0.03392637
2014-09-30,JPY,-0.01809345,-0.03556136
2014-10-31,JPY,-0.017277533,-0.0324246
2014-11-28,JPY,-0.016065778,-0.031391572
2014-12-31,JPY,-0.013658726,-0.027677417
2015-01-30,JPY,-0.013402578,-0.026881335
2015-02-27,JPY,-0.015397024,-0.030598871
2015-03-31,JPY,-0.013806537,-0.031154357
2015-04-30,JPY,-0.014400835,-0.03040077
2015-05-29,JPY,-0.016120208,-0.032924037
2015-06-30,JPY,-0.01610816,-0.034846075
2015-07-31,JPY,-0.016046239,-0.03327755
2015-08-31,JPY,-0.016084203,-0.033014346
2015-09-30,JPY,-0.015908696,-0.031296678
2015-10-30,JPY,-0.015528055,-0.029901387
2015-11-30,JPY,-0.015321976,-0.028811835
2015-12-31,JPY,-0.013886333,-0.027110659
2016-01-29,JPY,-0.016456312,-0.022896837
2016-02-29,JPY,-0.02191869,-0.012813036
2016-03-31,JPY,-0.016027959,-0.011343467
2016-04-29,JPY,-0.016045203,-0.009260325
2016-05-31,JPY,-0.015990121,-0.006888203
2016-06-30,JPY,-0.0125356335,0.0031807085
2016-07-29,JPY,-0.011131288,-0.0006483277
2016-08-31,JPY,-0.012979697,-0.004545942
2016-09-30,JPY,-0.013264732,-0.0034633428
2016-10-31,JPY,-0.010151358,-0.004866164
2016-11-30,JPY,-0.009044152,-0.007910125
2016-12-30,JPY,-0.010142342,-0.010488056
2017-01-31,JPY,-0.009529762,-0.0129955
2017-02-28,JPY,-0.009545872,-0.01263606
2017-03-31,JPY,-0.009720622,-0.013364497
2017-04-28,JPY,-0.009905954,-0.010370166
2017-05-31,JPY,-0.009273673,-0.010695068
2017-06-30,JPY,-0.009493994,-0.011492916
2017-07-31,JPY,-0.009676481,-0.011976095
2017-08-31,JPY,-0.010088287,-0.011276517
2017-09-29,JPY,-0.01040105,-0.01349911
2017-10-31,JPY,-0.010059687,-0.015251316
2017-11-30,JPY,-0.01016816,-0.015389853
2017-12-29,JPY,-0.010152755,-0.015252685
2018-01-31,JPY,-0.009930283,-0.016032705
2018-02-28,JPY,-0.009341883,-0.0144079365
2018-03-30,JPY,-0.009435629,-0.014345966
2018-04-30,JPY,-0.009738038,-0.014985104
2018-05-31,JPY,-0.009879091,-0.014552078
2018-06-29,JPY,-0.009996237,-0.014317257
2018-07-31,JPY,-0.011165517,-0.016373135
2018-08-31,JPY,-0.0114337625,-0.01800284
2018-09-28,JPY,-0.01164959,-0.019035874
2018-10-31,JPY,-0.012231999,-0.019288167
2018-11-30,JPY,-0.012153766,-0.01693238
2018-12-31,JPY,-0.01153132,-0.013738395
2019-01-31,JPY,-0.011792524,-0.011731342
2019-02-28,JPY,-0.012409539,-0.012102832
2019-03-29,JPY,-0.0112844715,-0.008917595
2019-04-30,JPY,-0.011455585,-0.010133968
2019-05-31,JPY,-0.0110114515,-0.00774345
2019-06-28,JPY,-0.012573302,-0.0052682282
2019-07-31,JPY,-0.0115076685,-0.0042783753
2019-08-30,JPY,-0.01022194,0.0011998679
2019-09-30,JPY,-0.013174431,-0.004141016
2019-10-31,JPY,-0.01075105,-0.0035849814
2019-11-29,JPY,-0.009137233,-0.005792488
2019-12-31,JPY,-0.0074209007,-0.0075271954
2020-01-31,JPY,-0.0077712615,-0.0036300102
2020-02-28,JPY,-0.009180918,-0.0001811577
2020-03-31,JPY,-0.0064777383,-0.003696583
2020-04-30,JPY,-0.008335721,-0.0026472677
2020-05-29,JPY,-0.0077765803,-0.003587208
2020-06-30,JPY,-0.007539928,-0.0049499716
2020-07-31,JPY,-0.00670881,-0.00324206
2020-08-31,JPY,-0.0076910974,-0.0066917813
2020-09-30,JPY,-0.008174257,-0.0052805194
2020-10-30,JPY,-0.008197063,-0.0070306244
2020-11-30,JPY,-0.007516976,-0.0060457033
2020-12-31,JPY,-0.008195275,-0.0070909797
2021-01-29,JPY,-0.009584449,-0.008749726
2021-02-26,JPY,-0.009870485,-0.0127740335
2021-03-31,JPY,-0.009221528,-0.011494209
2021-04-30,JPY,-0.008943541,-0.010491241
2021-05-31,JPY,-0.0086178,-0.010031645
2021-06-30,JPY,-0.008022592,-0.008267549
2021-07-30,JPY,-0.007527938,-0.0061936597
2021-08-31,JPY,-0.0073733306,-0.0065913596
2021-09-30,JPY,-0.007260049,-0.009255101
2021-10-29,JPY,-0.006819898,-0.01000618
2021-11-30,JPY,-0.007535962,-0.008591693
2021-12-31,JPY,-0.007818574,-0.010095267
2022-01-31,JPY,-0.007606225,-0.013388472
2022-02-28,JPY,-0.00889808,-0.01657262
2022-03-31,JPY,-0.008275623,-0.017300053
2022-04-29,JPY,-0.009364886,-0.021394456
2022-05-31,JPY,-0.0106658,-0.022418698
2022-06-30,JPY,-0.011910996,-0.026987506
2022-07-29,JPY,-0.013166159,-0.024344426
2022-08-31,JPY,-0.011489801,-0.025848227
2022-09-30,JPY,-0.011490757,-0.030347649
2022-10-31,JPY,-0.013535188,-0.03284843
2022-11-30,JPY,-0.01242097,-0.034707874
2022-12-30,JPY,-0.008616888,-0.04219421
2023-01-31,JPY,-0.013027826,-0.043297306
2023-02-28,JPY,-0.010519843,-0.039120417
2023-03-31,JPY,-0.010968515,-0.032795604
2023-04-28,JPY,-0.012084034,-0.030470684
2023-05-31,JPY,-0.012919053,-0.032322172
2023-06-30,JPY,-0.013143943,-0.031060927
2023-07-31,JPY,-0.015321294,-0.039437626
2023-08-31,JPY,-0.015462707,-0.043221768
2023-09-29,JPY,-0.013541668,-0.04759813
2023-10-31,JPY,-0.013651674,-0.055436246
2023-11-30,JPY,-0.013533925,-0.0473318
2023-12-29,JPY,-0.013609933,-0.044853583
2024-01-31,JPY,-0.013369878,-0.047540277
2024-02-29,JPY,-0.010577423,-0.04518123
2010-01-29,NOK,0.07656827,-0.17421058
2010-02-26,NOK,0.068933256,-0.16820803
2010-03-31,NOK,0.069573164,-0.1708269
2010-04-30,NOK,0.069520794,-0.16839732
2010-05-31,NOK,0.06959731,-0.1635067
2010-06-30,NOK,0.07133952,-0.15765879
2010-07-30,NOK,0.06775491,-0.1574848
2010-08-31,NOK,0.067633614,-0.14266784
2010-09-30,NOK,0.06874535,-0.15500565
2010-10-29,NOK,0.060941543,-0.15667143
2010-11-30,NOK,0.060505383,-0.15985751
2010-12-31,NOK,0.065701626,-0.17080736
2011-01-31,NOK,0.074984714,-0.17140074
2011-02-28,NOK,0.07943383,-0.17522913
2011-03-31,NOK,0.08269092,-0.17932117
2011-04-29,NOK,0.08311825,-0.17506437
2011-05-31,NOK,0.082305044,-0.16896738
2011-06-30,NOK,0.084099196,-0.17060444
2011-07-29,NOK,0.07865975,-0.16263694
2011-08-31,NOK,0.0783961,-0.15149763
2011-10-31,NOK,0.07822729,-0.14213005
2011-11-30,NOK,0.07298149,-0.14124475
2011-12-30,NOK,0.069857955,-0.13250975
2012-01-31,NOK,0.06233703,-0.13600084
2012-02-29,NOK,0.06799581,-0.13583373
2012-03-30,NOK,0.0644632,-0.13856138
2012-04-30,NOK,0.06751702,-0.13595599
2012-05-31,NOK,0.06729066,-0.12085994
2012-06-29,NOK,0.061978392,-0.12757
2012-07-31,NOK,0.052222166,-0.11859353
2012-08-31,NOK,0.051571023,-0.120468505
2012-09-28,NOK,0.04535332,-0.12218979
2012-10-31,NOK,0.04476843,-0.12386667
2012-11-30,NOK,0.044378206,-0.120640256
2012-12-31,NOK,0.041915957,-0.1209025
2013-01-31,NOK,0.04610488,-0.13237609
2013-02-28,NOK,0.041811563,-0.12708472
2013-03-29,NOK,0.03752266,-0.123199634
2013-04-30,NOK,0.034566835,-0.11469283
2013-05-31,NOK,0.036765322,-0.12135065
2013-06-28,NOK,0.036808036,-0.12549317
2013-07-31,NOK,0.035285063,-0.12800598
2013-08-30,NOK,0.040580094,-0.13314246
2013-09-30,NOK,0.040868837,-0.12807743
2013-10-31,NOK,0.038396843,-0.12443841
2013-11-29,NOK,0.033416886,-0.12219389
2013-12-31,NOK,0.032143455,-0.13021581
2014-01-31,NOK,0.031170564,-0.12053495
2014-02-28,NOK,0.035134435,-0.124149285
2014-03-31,NOK,0.037322007,-0.12232236
2014-04-30,NOK,0.037940573,-0.12099277
2014-05-30,NOK,0.039074447,-0.1165933
2014-06-30,NOK,0.032244515,-0.11095885
2014-07-31,NOK,0.031157617,-0.105650134
2014-08-29,NOK,0.03810319,-0.10319711
2014-09-30,NOK,0.034776308,-0.10283977
2014-10-31,NOK,0.026814777,-0.09551209
2014-11-28,NOK,0.027000934,-0.08911461
2014-12-31,NOK,0.018003084,-0.07954454
2015-01-30,NOK,0.01250966,-0.070281826
2015-02-27,NOK,0.016424881,-0.077890575
2015-03-31,NOK,0.021244593,-0.0759855
2015-04-30,NOK,0.026001219,-0.084141776
2015-05-29,NOK,0.02432722,-0.08300769
2015-06-30,NOK,0.019613935,-0.093511574
2015-07-31,NOK,0.016834036,-0.083824
2015-08-31,NOK,0.011497722,-0.079470955
2015-09-30,NOK,0.009454631,-0.07789529
2015-10-30,NOK,0.009565161,-0.077089675
2015-11-30,NOK,0.009225643,-0.07324469
2015-12-31,NOK,0.0088001015,-0.076361276
2016-01-29,NOK,0.011088873,-0.06702159
2016-02-29,NOK,0.011129206,-0.06323137
2016-03-31,NOK,0.010984639,-0.058261447
2016-04-29,NOK,0.015132133,-0.06865228
2016-05-31,NOK,0.016763743,-0.06599278
2016-06-30,NOK,0.015465625,-0.055267837
2016-07-29,NOK,0.018477045,-0.054734573
2016-08-31,NOK,0.025124956,-0.05581787
2016-09-30,NOK,0.027100304,-0.060312036
2016-10-31,NOK,0.025384903,-0.065871604
2016-11-30,NOK,0.02563974,-0.07647312
2016-12-30,NOK,0.024682678,-0.07763906
2017-01-31,NOK,0.022922685,-0.08056161
2017-02-28,NOK,0.024469847,-0.077088624
2017-03-31,NOK,0.020220706,-0.0757144
2017-04-28,NOK,0.021167593,-0.076215796
2017-05-31,NOK,0.018380206,-0.0729637
2017-06-30,NOK,0.017517911,-0.07747055
2017-07-31,NOK,0.016775243,-0.08008197
2017-08-31,NOK,0.015559713,-0.07476075
2017-09-29,NOK,0.014922724,-0.07831028
2017-10-31,NOK,0.014817565,-0.07737907
2017-11-30,NOK,0.014346898,-0.07399884
2017-12-29,NOK,0.017314695,-0.07801686
2018-01-31,NOK,0.018992882,-0.086127564
2018-02-28,NOK,0.023837179,-0.09218663
2018-03-30,NOK,0.0299558,-0.087394334
2018-04-30,NOK,0.028890511,-0.08831446
2018-05-31,NOK,0.025582865,-0.0837394
2018-06-29,NOK,0.028631095,-0.083959356
2018-07-31,NOK,0.0309212,-0.08803818
2018-08-31,NOK,0.029212523,-0.08395756
2018-09-28,NOK,0.031173525,-0.089641385
2018-10-31,NOK,0.032807477,-0.08926408
2018-11-30,NOK,0.032166384,-0.085148886
2018-12-31,NOK,0.033115365,-0.081787884
2019-01-31,NOK,0.035958774,-0.08013996
2019-02-28,NOK,0.035586607,-0.08163768
2019-03-29,NOK,0.040655784,-0.07644206
2019-04-30,NOK,0.0426395,-0.08152328
2019-05-31,NOK,0.046327844,-0.07567149
2019-06-28,NOK,0.047018282,-0.07211108
2019-07-31,NOK,0.04904303,-0.06985916
2019-08-30,NOK,0.04782523,-0.058806956
2019-09-30,NOK,0.05381071,-0.06408623
2019-10-31,NOK,0.055439405,-0.06957842
2019-11-29,NOK,0.055976328,-0.07088907
2019-12-31,NOK,0.054747004,-0.07765852
2020-01-31,NOK,0.051044747,-0.06461709
2020-02-28,NOK,0.04420069,-0.057445727
2020-03-31,NOK,0.015950179,-0.041213535
2020-04-30,NOK,0.0102975005,-0.03553728
2020-05-29,NOK,0.0027739764,-0.033819426
2020-06-30,NOK,0.0054696817,-0.037318416
2020-07-31,NOK,0.0035993417,-0.035278305
2020-08-31,NOK,0.0020527535,-0.044398494
2020-09-30,NOK,0.002614772,-0.03744357
2020-10-30,NOK,0.004390514,-0.04018889
2020-11-30,NOK,0.0029736313,-0.04574516
2020-12-31,NOK,0.0052176337,-0.05197654
2021-01-29,NOK,0.0064019035,-0.055143833
2021-02-26,NOK,0.0059477896,-0.071338505
2021-03-31,NOK,0.0090598725,-0.07263757
2021-04-30,NOK,0.008534503,-0.06960423
2021-05-31,NOK,0.010867857,-0.06983351
2021-06-30,NOK,0.01822104,-0.06393251
2021-07-30,NOK,0.01970405,-0.05659747
2021-08-31,NOK,0.025325663,-0.056813296
2021-09-30,NOK,0.030316938,-0.06806702
2021-10-29,NOK,0.040359545,-0.06851308
2021-11-30,NOK,0.037300427,-0.059780084
2021-12-31,NOK,0.043142356,-0.06686434
2022-01-31,NOK,0.050142933,-0.07839447
2022-02-28,NOK,0.05209996,-0.08327643
2022-03-31,NOK,0.06927785,-0.096808836
2022-04-29,NOK,0.06875949,-0.10317632
2022-05-31,NOK,0.069203585,-0.10292915
2022-06-30,NOK,0.093041524,-0.11242448
2022-07-29,NOK,0.09540735,-0.10229206
2022-08-31,NOK,0.11951845,-0.12352331
2022-09-30,NOK,0.11077332,-0.120026134
2022-10-31,NOK,0.12180936,-0.12399995
2022-11-30,NOK,0.12617223,-0.109999806
2022-12-30,NOK,0.106318496,-0.113856666
2023-01-31,NOK,0.10425227,-0.105312906
2023-02-28,NOK,0.12346784,-0.1214429
2023-03-31,NOK,0.11680928,-0.10596335
2023-04-28,NOK,0.1256597,-0.11088995
2023-05-31,NOK,0.13576005,-0.117539786
2023-06-30,NOK,0.15798436,-0.13072868
2023-07-31,NOK,0.1622263,-0.136875
2023-08-31,NOK,0.16055308,-0.13476835
2023-09-29,NOK,0.1563464,-0.14273624
2023-10-31,NOK,0.15296316,-0.14528668
2023-11-30,NOK,0.1409058,-0.12479575
2023-12-29,NOK,0.1308072,-0.11428069
2024-01-31,NOK,0.13523412,-0.123016156
2024-02-29,NOK,0.14634272,-0.13335095
2010-01-29,SEK,0.010817097,-0.13993888
2010-02-26,SEK,0.013121098,-0.13551158
2010-03-31,SEK,0.01560854,-0.13185228
2010-04-30,SEK,0.014872469,-0.12514178
2010-05-31,SEK,0.015780417,-0.11905855
2010-06-30,SEK,0.022837538,-0.12135403
2010-07-30,SEK,0.025841923,-0.12413207
2010-08-31,SEK,0.030029578,-0.100946985
2010-09-30,SEK,0.03830987,-0.113999076
2010-10-29,SEK,0.041140802,-0.12144831
2010-11-30,SEK,0.04639039,-0.12801287
2010-12-31,SEK,0.054874577,-0.14069194
2011-01-31,SEK,0.06703085,-0.1435649
2011-02-28,SEK,0.07708242,-0.14232704
2011-03-31,SEK,0.080711864,-0.14373243
2011-04-29,SEK,0.081168905,-0.14294814
2011-05-31,SEK,0.07801386,-0.1350497
2011-06-30,SEK,0.07483814,-0.13308783
2011-07-29,SEK,0.07253029,-0.11892901
2011-08-31,SEK,0.060268287,-0.10431051
2011-09-30,SEK,0.053071603,-0.09075657
2011-10-31,SEK,0.061483268,-0.09451229
2011-11-30,SEK,0.049522202,-0.08468031
2011-12-30,SEK,0.04977843,-0.084241025
2012-01-31,SEK,0.047249522,-0.08629541
2012-02-29,SEK,0.0478211,-0.096917704
2012-03-30,SEK,0.05289663,-0.09962113
2012-04-30,SEK,0.05136338,-0.09312758
2012-05-31,SEK,0.048100796,-0.07638381
2012-06-29,SEK,0.048220485,-0.08851496
2012-07-31,SEK,0.046077445,-0.08477752
2012-08-31,SEK,0.040387645,-0.083468355
2012-09-28,SEK,0.029335698,-0.08101804
2012-10-31,SEK,0.025872784,-0.081985064
2012-11-30,SEK,0.022055484,-0.08340878
2012-12-31,SEK,0.018849682,-0.08281132
2013-01-31,SEK,0.019665955,-0.09766154
2013-02-28,SEK,0.01920365,-0.09737061
2013-03-29,SEK,0.021685243,-0.09482199
2013-04-30,SEK,0.017467292,-0.086329676
2013-05-31,SEK,0.017306283,-0.09750033
2013-06-28,SEK,0.023539526,-0.10789773
2013-07-31,SEK,0.02077332,-0.10617211
2013-08-30,SEK,0.027404359,-0.11358058
2013-09-30,SEK,0.023929272,-0.11062485
2013-10-31,SEK,0.021232499,-0.10595108
2013-11-29,SEK,0.014154074,-0.1054456
2013-12-31,SEK,0.010926958,-0.11460886
2014-01-31,SEK,0.011167368,-0.104769185
2014-02-28,SEK,0.009094709,-0.10409059
2014-03-31,SEK,0.0070551033,-0.10062823
2014-04-30,SEK,0.0028288302,-0.096188866
2014-05-30,SEK,0.0008368515,-0.091545135
2014-06-30,SEK,-0.002874148,-0.08893329
2014-07-31,SEK,-0.008131009,-0.08405276
2014-08-29,SEK,-0.007699551,-0.07351545
2014-09-30,SEK,-0.009719253,-0.07827315
2014-10-31,SEK,-0.016348606,-0.069148146
2014-11-28,SEK,-0.016490256,-0.064977154
2014-12-31,SEK,-0.015515289,-0.060972054
2015-01-30,SEK,-0.017960977,-0.04893185
2015-02-27,SEK,-0.018696316,-0.055345193
2015-03-31,SEK,-0.021833524,-0.046381727
2015-04-30,SEK,-0.025096277,-0.050108027
2015-05-29,SEK,-0.030644102,-0.059787925
2015-06-30,SEK,-0.032456707,-0.07380222
2015-07-31,SEK,-0.03401971,-0.065614544
2015-08-31,SEK,-0.035764582,-0.064366154
2015-09-30,SEK,-0.03678702,-0.06726701
2015-10-30,SEK,-0.039838303,-0.0681285
2015-11-30,SEK,-0.043471895,-0.07011188
2015-12-31,SEK,-0.038669743,-0.07898246
2016-01-29,SEK,-0.041271023,-0.06519405
2016-02-29,SEK,-0.044696447,-0.058341384
2016-03-31,SEK,-0.042874955,-0.061350398
2016-04-29,SEK,-0.04154259,-0.06464141
2016-05-31,SEK,-0.041835003,-0.059870068
2016-06-30,SEK,-0.04149623,-0.045048036
2016-07-29,SEK,-0.041912507,-0.04184561
2016-08-31,SEK,-0.040992714,-0.04061399
2016-09-30,SEK,-0.040826548,-0.042182773
2016-10-31,SEK,-0.044180714,-0.048013248
2016-11-30,SEK,-0.04516382,-0.05767084
2016-12-30,SEK,-0.04285168,-0.0601434
2017-01-31,SEK,-0.042064417,-0.066678666
2017-02-28,SEK,-0.04193002,-0.05924101
2017-03-31,SEK,-0.039025493,-0.059382252
2017-04-28,SEK,-0.03945883,-0.058134343
2017-05-31,SEK,-0.04044647,-0.055725623
2017-06-30,SEK,-0.039357062,-0.063590884
2017-07-31,SEK,-0.038701702,-0.06507643
2017-08-31,SEK,-0.037114404,-0.05956848
2017-09-29,SEK,-0.037099544,-0.06361393
2017-10-31,SEK,-0.03809633,-0.059890904
2017-11-30,SEK,-0.03754522,-0.0584643
2017-12-29,SEK,-0.034091696,-0.061302323
2018-01-31,SEK,-0.03218406,-0.06612211
2018-02-28,SEK,-0.03510954,-0.0634885
2018-03-30,SEK,-0.03213341,-0.058788873
2018-04-30,SEK,-0.032537706,-0.059860993
2018-05-31,SEK,-0.032052763,-0.05648985
2018-06-29,SEK,-0.031631898,-0.05570181
2018-07-31,SEK,-0.029909747,-0.05888686
2018-08-31,SEK,-0.030270979,-0.05596721
2018-09-28,SEK,-0.026888445,-0.0597318
2018-10-31,SEK,-0.02610153,-0.05929494
2018-11-30,SEK,-0.025693668,-0.055062875
2018-12-31,SEK,-0.02200332,-0.054387093
2019-01-31,SEK,-0.020408874,-0.04973486
2019-02-28,SEK,-0.01905985,-0.05047128
2019-03-29,SEK,-0.016701628,-0.043530148
2019-04-30,SEK,-0.018946668,-0.04400412
2019-05-31,SEK,-0.01728793,-0.037913233
2019-06-28,SEK,-0.02012373,-0.032726213
2019-07-31,SEK,-0.020979378,-0.026534526
2019-08-30,SEK,-0.017120825,-0.01498853
2019-09-30,SEK,-0.014321496,-0.018441344
2019-10-31,SEK,-0.006839722,-0.024360156
2019-11-29,SEK,-0.005059955,-0.0288085
2019-12-31,SEK,-0.005326231,-0.032855045
2020-01-31,SEK,-0.004384923,-0.023579022
2020-02-28,SEK,-0.005917371,-0.016340567
2020-03-31,SEK,-0.0029183386,-0.019494854
2020-04-30,SEK,-0.0047835694,-0.017081952
2020-05-29,SEK,-0.0056847543,-0.019257978
2020-06-30,SEK,-0.008557418,-0.01728718
2020-07-31,SEK,-0.007935272,-0.017346984
2020-08-31,SEK,-0.01139563,-0.021962665
2020-09-30,SEK,-0.010660254,-0.017601082
2020-10-30,SEK,-0.011244221,-0.017351514
2020-11-30,SEK,-0.011428164,-0.019877989
2020-12-31,SEK,-0.010948884,-0.02124824
2021-01-29,SEK,-0.0137168495,-0.024127161
2021-02-26,SEK,-0.015712705,-0.039117403
2021-03-31,SEK,-0.016661849,-0.038701862
2021-04-30,SEK,-0.016955422,-0.039972037
2021-05-31,SEK,-0.016865334,-0.041803367
2021-06-30,SEK,-0.014069982,-0.037633706
2021-07-30,SEK,-0.01316002,-0.029630287
2021-08-31,SEK,-0.011516547,-0.031204512
2021-09-30,SEK,-0.012333014,-0.04144221
2021-10-29,SEK,-0.0013516839,-0.042357113
2021-11-30,SEK,-0.006360583,-0.0364253
2021-12-31,SEK,-0.004671281,-0.041811958
2022-01-31,SEK,-0.00070712884,-0.04670755
2022-02-28,SEK,0.0030781026,-0.054759447
2022-03-31,SEK,0.026644258,-0.07061298
2022-04-29,SEK,0.04119446,-0.08651871
2022-05-31,SEK,0.04679173,-0.09395401
2022-06-30,SEK,0.0638789,-0.1010692
2022-07-29,SEK,0.06587154,-0.08462064
2022-08-31,SEK,0.08662162,-0.10095836
2022-09-30,SEK,0.09541342,-0.110435866
2022-10-31,SEK,0.09481972,-0.1076303
2022-11-30,SEK,0.09917147,-0.09347271
2022-12-30,SEK,0.10765504,-0.10856875
2023-01-31,SEK,0.09707692,-0.09485824
2023-02-28,SEK,0.118638664,-0.115975365
2023-03-31,SEK,0.11180889,-0.100062944
2023-04-28,SEK,0.11166885,-0.099504255
2023-05-31,SEK,0.11556585,-0.103189036
2023-06-30,SEK,0.12998305,-0.10669099
2023-07-31,SEK,0.12445746,-0.10704271
2023-08-31,SEK,0.12602505,-0.11142097
2023-09-29,SEK,0.12508075,-0.12223688
2023-10-31,SEK,0.12009043,-0.12059579
2023-11-30,SEK,0.11069006,-0.10411699
2023-12-29,SEK,0.09539022,-0.08403763
2024-01-31,SEK,0.09598535,-0.092142604
2024-02-29,SEK,0.10647699,-0.10191819
2011-05-31,GBP,0.011405504,-0.13892287
2011-06-30,GBP,0.0059871697,-0.14395936
2011-07-29,GBP,0.002394191,-0.13170107
2011-08-31,GBP,0.0024257263,-0.12550718
2011-09-30,GBP,0.008406976,-0.11152603
2011-10-31,GBP,0.00942369,-0.11330431
2011-11-30,GBP,0.015854055,-0.104736276
2011-12-30,GBP,0.01401108,-0.099016294
2012-01-31,GBP,0.010136638,-0.09778755
2012-02-29,GBP,0.008453729,-0.10393144
2012-03-30,GBP,0.0068096947,-0.10739651
2012-04-30,GBP,0.011835068,-0.10686999
2012-05-31,GBP,0.009922442,-0.09254198
2012-06-29,GBP,-0.00025505794,-0.095804036
2012-07-31,GBP,-0.0076723406,-0.09101564
2012-08-31,GBP,-0.008541349,-0.09044054
2012-09-28,GBP,-0.011884934,-0.09199906
2012-10-31,GBP,-0.013370201,-0.09389078
2012-11-30,GBP,-0.011118576,-0.091228634
2012-12-31,GBP,-0.013733905,-0.09267948
2013-01-31,GBP,-0.013793605,-0.100739375
2013-02-28,GBP,-0.01898123,-0.09829788
2013-03-29,GBP,-0.017501054,-0.093814544
2013-04-30,GBP,-0.017792309,-0.09093432
2013-05-31,GBP,-0.015705422,-0.09975503
2013-06-28,GBP,-0.01206838,-0.111123405
2013-07-31,GBP,-0.016714066,-0.109818466
2013-08-30,GBP,-0.010127505,-0.11473985
2013-09-30,GBP,-0.00943093,-0.113907956
2013-10-31,GBP,-0.010026614,-0.11103678
2013-11-29,GBP,-0.009886723,-0.115126394
2013-12-31,GBP,-0.0019051537,-0.12127466
2014-01-31,GBP,-0.0028133767,-0.11417627
2014-02-28,GBP,-0.0028602802,-0.11503211
2014-03-31,GBP,0.0003145773,-0.11502
2014-04-30,GBP,0.0019176885,-0.11330656
2014-05-30,GBP,0.0028874723,-0.1106297
2014-06-30,GBP,0.010780898,-0.11369558
2014-07-31,GBP,0.013893305,-0.1094823
2014-08-29,GBP,0.012598864,-0.09782679
2014-09-30,GBP,0.01306308,-0.10111036
2014-10-31,GBP,0.008317896,-0.09573063
2014-11-28,GBP,0.006199328,-0.083475396
2014-12-31,GBP,0.008751349,-0.07700046
2015-01-30,GBP,0.011644457,-0.06008485
2015-02-27,GBP,0.01229522,-0.0764514
2015-03-31,GBP,0.010824034,-0.06852939
2015-04-30,GBP,0.012230162,-0.07669376
2015-05-29,GBP,0.011348971,-0.07673726
2015-06-30,GBP,0.014118672,-0.084294654
2015-07-31,GBP,0.016101401,-0.07985058
2015-08-31,GBP,0.01388873,-0.07976866
2015-09-30,GBP,0.01144845,-0.07353108
2015-10-30,GBP,0.011696897,-0.07708501
2015-11-30,GBP,0.011508426,-0.07285798
2015-12-31,GBP,0.015273743,-0.078905925
2016-01-29,GBP,0.008037377,-0.064543225
2016-02-29,GBP,0.0077294935,-0.05361121
2016-03-31,GBP,0.008955281,-0.05929289
2016-04-29,GBP,0.010497593,-0.06393495
2016-05-31,GBP,0.010376691,-0.06086761
2016-06-30,GBP,0.002910775,-0.042501256
2016-07-29,GBP,0.0045276466,-0.036177672
2016-08-31,GBP,0.004917479,-0.030983774
2016-09-30,GBP,0.0030863953,-0.03535955
2016-10-31,GBP,0.005554919,-0.050039515
2016-11-30,GBP,0.004874398,-0.056730207
2016-12-30,GBP,0.004988703,-0.051270552
2017-01-31,GBP,0.005296785,-0.059369147
2017-02-28,GBP,0.0031648732,-0.049429562
2017-03-31,GBP,0.004923385,-0.050441124
2017-04-28,GBP,0.0030671149,-0.049262155
2017-05-31,GBP,0.0015324419,-0.049008355
2017-06-30,GBP,0.005183223,-0.05694678
2017-07-31,GBP,0.0021537335,-0.055549238
2017-08-31,GBP,0.00167267,-0.049298156
2017-09-29,GBP,0.009658652,-0.058738723
2017-10-31,GBP,0.01212744,-0.056568623
2017-11-30,GBP,0.013363621,-0.056791604
2017-12-29,GBP,0.012318972,-0.0516133
2018-01-31,GBP,0.015637657,-0.0625555
2018-02-28,GBP,0.019763974,-0.061467852
2018-03-30,GBP,0.02527844,-0.056475323
2018-04-30,GBP,0.021364782,-0.060415156
2018-05-31,GBP,0.01745742,-0.057256658
2018-06-29,GBP,0.020272017,-0.05914489
2018-07-31,GBP,0.023708718,-0.0614798
2018-08-31,GBP,0.023531085,-0.059851795
2018-09-28,GBP,0.024069194,-0.063949116
2018-10-31,GBP,0.023763282,-0.062138665
2018-11-30,GBP,0.024003731,-0.06273019
2018-12-31,GBP,0.027119452,-0.055668022
2019-01-31,GBP,0.024643345,-0.05540766
2019-02-28,GBP,0.024029024,-0.05887277
2019-03-29,GBP,0.021225838,-0.048106417
2019-04-30,GBP,0.023270616,-0.053505294
2019-05-31,GBP,0.019358061,-0.04488189
2019-06-28,GBP,0.018107012,-0.04293354
2019-07-31,GBP,0.013450407,-0.036157083
2019-08-30,GBP,0.018638453,-0.024228344
2019-09-30,GBP,0.01824507,-0.025240768
2019-10-31,GBP,0.0196054,-0.032553934
2019-11-29,GBP,0.019355588,-0.036166623
2019-12-31,GBP,0.018773383,-0.04009461
2020-01-31,GBP,0.016951947,-0.029504417
2020-02-28,GBP,0.014013398,-0.025639169
2020-03-31,GBP,0.013317016,-0.02273613
2020-04-30,GBP,0.012742282,-0.017408313
2020-05-29,GBP,0.005424367,-0.015714943
2020-06-30,GBP,0.00196118,-0.01562107
2020-07-31,GBP,-0.0016777758,-0.014305184
2020-08-31,GBP,-0.005005221,-0.021855265
2020-09-30,GBP,-0.005118712,-0.019093815
2020-10-30,GBP,-0.006514017,-0.021044312
2020-11-30,GBP,-0.006142313,-0.022737263
2020-12-31,GBP,-0.006898188,-0.019240825
2021-01-29,GBP,-0.007425492,-0.025107216
2021-02-26,GBP,-0.006010948,-0.042046897
2021-03-31,GBP,-0.0056825504,-0.044464625
2021-04-30,GBP,-0.004280243,-0.044273175
2021-05-31,GBP,-0.0043529687,-0.042800732
2021-06-30,GBP,-0.0012052495,-0.03943306
2021-07-30,GBP,0.0043911543,-0.033129938
2021-08-31,GBP,0.0055771954,-0.03570501
2021-09-30,GBP,0.010958664,-0.04636113
2021-10-29,GBP,0.033434868,-0.043424007
2021-11-30,GBP,0.029868836,-0.036499843
2010-01-29,USD,-0.012268056,-0.15255374
2010-02-26,USD,-0.014278564,-0.15320782
2010-03-31,USD,-0.010479384,-0.15708065
2010-04-30,USD,-0.0067770444,-0.14935347
2010-05-31,USD,-0.0013063286,-0.1391823
2010-06-30,USD,-0.007535334,-0.12615877
2010-07-30,USD,-0.018900102,-0.12470136
2010-08-31,USD,-0.014590121,-0.106221244
2010-09-30,USD,-0.020021616,-0.111997224
2010-10-29,USD,-0.028596163,-0.11962092
2010-11-30,USD,-0.01998182,-0.12801075
2010-12-31,USD,-0.020182325,-0.14116871
2011-01-31,USD,-0.023408892,-0.14670014
2011-02-28,USD,-0.019276207,-0.14741053
2011-03-31,USD,-0.014676904,-0.1481498
2011-04-29,USD,-0.022372773,-0.14210652
2011-05-31,USD,-0.024623794,-0.13477477
2011-06-30,USD,-0.023910886,-0.13874814
2011-07-29,USD,-0.026413947,-0.12733972
2011-08-31,USD,-0.023048598,-0.107007414
2011-09-30,USD,-0.011613405,-0.09093544
2011-10-31,USD,-0.015347377,-0.09811751
2011-11-30,USD,-0.008858338,-0.093568474
2011-12-30,USD,-0.005721085,-0.088065326
2012-01-31,USD,-0.015631448,-0.08657875
2012-02-29,USD,-0.015744656,-0.091971636
2012-03-30,USD,-0.017305402,-0.1010465
2012-04-30,USD,-0.016476467,-0.092548065
2012-05-31,USD,-0.008209394,-0.078582786
2012-06-29,USD,-0.012681693,-0.08153298
2012-07-31,USD,-0.016020246,-0.07479019
2012-08-31,USD,-0.01889526,-0.07896845
2012-09-28,USD,-0.022422886,-0.08263014
2012-10-31,USD,-0.02149988,-0.083376884
2012-11-30,USD,-0.02217561,-0.08158861
2012-12-31,USD,-0.024099078,-0.08841084
2013-01-31,USD,-0.02451475,-0.096916504
2013-02-28,USD,-0.026135504,-0.09413165
2013-03-29,USD,-0.025528623,-0.095916875
2013-04-30,USD,-0.025931355,-0.08939317
2013-05-31,USD,-0.025452109,-0.10517942
2013-06-28,USD,-0.023911314,-0.11656083
2013-07-31,USD,-0.027780779,-0.12104912
2013-08-30,USD,-0.024229132,-0.12663174
2013-09-30,USD,-0.02890915,-0.12158163
2013-10-31,USD,-0.029954888,-0.119296454
2013-11-29,USD,-0.033632956,-0.12435886
2013-12-31,USD,-0.029987508,-0.13276954
2014-01-31,USD,-0.02740996,-0.120804556
2014-02-28,USD,-0.02747934,-0.11990153
2014-03-31,USD,-0.022298861,-0.120600805
2014-04-30,USD,-0.02151614,-0.11708956
2014-05-30,USD,-0.021164302,-0.11148413
2014-06-30,USD,-0.018823802,-0.112669095
2014-07-31,USD,-0.012327047,-0.11312541
2014-08-29,USD,-0.010035667,-0.10491298
2014-09-30,USD,-0.00751643,-0.10961805
2014-10-31,USD,-0.010148295,-0.10413813
2014-11-28,USD,-0.009112344,-0.09747344
2014-12-31,USD,0.0011194674,-0.09349673
2015-01-30,USD,6.3591084e-05,-0.07382321
2015-02-27,USD,0.0031326213,-0.08634065
2015-03-31,USD,0.0016902466,-0.082741715
2015-04-30,USD,0.00047737328,-0.08716098
2015-05-29,USD,-0.0002486083,-0.09124543
2015-06-30,USD,-0.0018223801,-0.10130871
2015-07-31,USD,0.0006574786,-0.09339453
2015-08-31,USD,0.00012710855,-0.0939182
2015-09-30,USD,-0.00316449,-0.08507976
2015-10-30,USD,0.00072888006,-0.08636243
2015-11-30,USD,0.0064940196,-0.08622777
2015-12-31,USD,0.012827498,-0.09010626
2016-01-29,USD,0.0042656492,-0.07638573
2016-02-29,USD,0.005832592,-0.068981074
2016-03-31,USD,0.0056387773,-0.07106459
2016-04-29,USD,0.007640827,-0.07398318
2016-05-31,USD,0.012740558,-0.07274842
2016-06-30,USD,0.0054762578,-0.060141467
2016-07-29,USD,0.012629296,-0.058072638
2016-08-31,USD,0.020436833,-0.05883699
2016-09-30,USD,0.017608365,-0.06068457
2016-10-31,USD,0.017036194,-0.06976908
2016-11-30,USD,0.0216346,-0.08800614
2016-12-30,USD,0.02582548,-0.09217126
2017-01-31,USD,0.026572173,-0.093635015
2017-02-28,USD,0.031225039,-0.09352201
2017-03-31,USD,0.03156238,-0.09400717
2017-04-28,USD,0.031310234,-0.08918538
2017-05-31,USD,0.02997167,-0.085468315
2017-06-30,USD,0.0330799,-0.089935325
2017-07-31,USD,0.03187293,-0.08977533
2017-08-31,USD,0.031495776,-0.083124705
2017-09-29,USD,0.037795134,-0.089942284
2017-10-31,USD,0.040274855,-0.09214339
2017-11-30,USD,0.04631355,-0.09325417
2017-12-29,USD,0.051390633,-0.091864295
2018-01-31,USD,0.058700714,-0.103084505
2018-02-28,USD,0.06528734,-0.10820369
2018-03-30,USD,0.06906736,-0.10396799
2018-04-30,USD,0.073413186,-0.111382626
2018-05-31,USD,0.07221449,-0.10856137
2018-06-29,USD,0.07607936,-0.10874297
2018-07-31,USD,0.07810682,-0.11236151
2018-08-31,USD,0.07682592,-0.10912227
2018-09-28,USD,0.081214994,-0.1158411
2018-10-31,USD,0.08262543,-0.120259725
2018-11-30,USD,0.08087571,-0.11434532
2018-12-31,USD,0.07303554,-0.102752864
2019-01-31,USD,0.07138455,-0.10111228
2019-02-28,USD,0.070171416,-0.10409336
2019-03-29,USD,0.065644465,-0.09254169
2019-04-30,USD,0.064089276,-0.09611344
2019-05-31,USD,0.05403016,-0.08123255
2019-06-28,USD,0.047148943,-0.077721365
2019-07-31,USD,0.051685154,-0.07634428
2019-08-30,USD,0.044173043,-0.054190468
2019-09-30,USD,0.046402343,-0.06071521
2019-10-31,USD,0.041468084,-0.06305737
2019-11-29,USD,0.043260865,-0.06649402
2019-12-31,USD,0.04339284,-0.07415615
2020-01-31,USD,0.035991464,-0.058234088
2020-02-28,USD,0.02491118,-0.045214932
2020-03-31,USD,0.0102203665,-0.02986418
2020-04-30,USD,0.0022197533,-0.028026506
2020-05-29,USD,-0.0025708803,-0.03048209
2020-06-30,USD,-0.003707077,-0.030015197
2020-07-31,USD,-0.0037165962,-0.024979431
2020-08-31,USD,-0.006868954,-0.034857914
2020-09-30,USD,-0.0072697382,-0.035336938
2020-10-30,USD,-0.009115482,-0.042368762
2020-11-30,USD,-0.008481144,-0.040370762
2020-12-31,USD,-0.011761411,-0.04465818
2021-01-29,USD,-0.014382783,-0.05161118
2021-02-26,USD,-0.014424883,-0.0636848
2021-03-31,USD,-0.015504992,-0.07537213
2021-04-30,USD,-0.014619317,-0.06965331
2021-05-31,USD,-0.016348904,-0.067702286
2021-06-30,USD,-0.008711731,-0.060954284
2021-07-30,USD,-0.010602647,-0.055294953
2021-08-31,USD,-0.009036999,-0.056820307
2021-09-30,USD,-0.0071873534,-0.06257164
2021-10-29,USD,0.004139321,-0.06224076
2021-11-30,USD,0.009184895,-0.060060468
2021-12-31,USD,0.013176911,-0.06299051
2022-01-31,USD,0.025772149,-0.0714593
2022-02-28,USD,0.035388805,-0.07315117
2022-03-31,USD,0.06807901,-0.08790041
2022-04-29,USD,0.08252211,-0.1095663
2022-05-31,USD,0.077172354,-0.10902843
2022-06-30,USD,0.09342565,-0.114418216
2022-07-29,USD,0.09191937,-0.10317416
2022-08-31,USD,0.11643302,-0.11845164
2022-09-30,USD,0.1412071,-0.13580135
2022-10-31,USD,0.15052398,-0.14602803
2022-11-30,USD,0.14666969,-0.12856773
2022-12-30,USD,0.14830044,-0.13702893
2023-01-31,USD,0.14333935,-0.12563919
2023-02-28,USD,0.16548128,-0.13906908
2023-03-31,USD,0.14068122,-0.124625
2023-04-28,USD,0.13923982,-0.12477013
2023-05-31,USD,0.14864236,-0.13285613
2023-06-30,USD,0.1665867,-0.13647977
