as_of_date,ccy,z_1,z_2,z_3,z_4
2010-01-29,AUD,-0.021227492,0.2206921,-0.07789423,-0.26294622
2010-02-26,AUD,-0.021480858,0.2175783,-0.07225905,-0.2622911
2010-03-31,AUD,-0.020305507,0.23312685,-0.08719613,-0.27460802
2010-04-30,AUD,-0.018301887,0.23644215,-0.091836914,-0.27544412
2010-05-31,AUD,-0.016588587,0.22357392,-0.086272344,-0.25975806
2010-06-30,AUD,-0.009455064,0.21929495,-0.08574481,-0.25229695
2010-07-30,AUD,-0.008421481,0.21971868,-0.08423179,-0.25386888
2010-08-31,AUD,-0.0064449515,0.209086,-0.0840838,-0.2385515
2010-09-30,AUD,-0.0059739407,0.23129271,-0.10157189,-0.2589832
2010-10-29,AUD,-0.010689236,0.22899699,-0.09518449,-0.26052797
2010-11-30,AUD,-0.011325801,0.2357227,-0.09400201,-0.2705152
2010-12-31,AUD,-0.0151506,0.23792756,-0.0937782,-0.27497682
2011-01-31,AUD,-0.012737802,0.2368517,-0.09476205,-0.27221653
2011-02-28,AUD,-0.013317859,0.23845035,-0.096467495,-0.27349046
2011-03-31,AUD,-0.014659043,0.23358278,-0.091551326,-0.2701948
2011-04-29,AUD,-0.012176421,0.2364704,-0.09485132,-0.27171925
2011-05-31,AUD,-0.007705306,0.23267034,-0.09599697,-0.26425257
2011-06-30,AUD,-0.009743877,0.22987668,-0.087176725,-0.26637438
2011-07-29,AUD,-0.0019570028,0.22110899,-0.08201786,-0.2551085
2011-08-31,AUD,-0.0076644975,0.19822979,-0.066531055,-0.23444477
2011-09-30,AUD,-0.0030533676,0.19011874,-0.06838103,-0.2203169
2011-10-31,AUD,-0.0032230888,0.19875467,-0.07006427,-0.23193704
2011-11-30,AUD,-0.009148558,0.17902464,-0.057110466,-0.21381924
2011-12-30,AUD,-0.0026642755,0.18082891,-0.06325725,-0.21139248
2012-01-31,AUD,-0.0015343854,0.179721,-0.062021278,-0.20987637
2012-02-29,AUD,-0.0016256243,0.19425984,-0.072024085,-0.2243617
2012-03-30,AUD,-0.0044381563,0.184218,-0.06201324,-0.21708907
2012-04-30,AUD,-0.0057763387,0.17125556,-0.057068132,-0.20257819
2012-05-31,AUD,-0.010739098,0.1379901,-0.04046876,-0.16769974
2012-06-29,AUD,-0.0059424993,0.1503097,-0.0472985,-0.17929007
2012-07-31,AUD,-0.0010817713,0.14891842,-0.047380306,-0.17650549
2012-08-31,AUD,-0.0012042217,0.14550766,-0.04277929,-0.17459536
2012-09-28,AUD,-0.0035644607,0.13660364,-0.036414906,-0.1667257
2012-10-31,AUD,-0.0049773944,0.13422607,-0.030699382,-0.16769843
2012-11-30,AUD,-0.0036418447,0.13702126,-0.031152712,-0.1708296
2012-12-31,AUD,-0.006738122,0.12734306,-0.014908211,-0.1690631
2013-01-31,AUD,-0.0069204126,0.13106133,-0.011312392,-0.17668587
2013-02-28,AUD,-0.007363653,0.12997465,-0.012014741,-0.17436537
2013-03-29,AUD,-0.005926774,0.13989547,-0.023861166,-0.18059479
2013-04-30,AUD,-0.0063927476,0.12677665,-0.01574728,-0.16733824
2013-05-31,AUD,-0.010432764,0.12432689,-0.0059586028,-0.17067146
2013-06-28,AUD,-0.018535199,0.1281105,-0.0059288754,-0.17760809
2013-07-31,AUD,-0.017903533,0.119030245,0.00069641677,-0.16900796
2013-08-30,AUD,-0.022061177,0.12332202,0.0044114366,-0.17855048
2013-09-30,AUD,-0.021350335,0.123456664,0.0017638286,-0.1770209
2013-10-31,AUD,-0.021944515,0.12874402,-0.00034158316,-0.18323784
2013-11-29,AUD,-0.023528785,0.12810849,0.0059165694,-0.18664305
2013-12-31,AUD,-0.023470419,0.13008645,0.0022204248,-0.18705869
2014-01-31,AUD,-0.018973237,0.12711143,0.0023762656,-0.18170047
2014-02-28,AUD,-0.01717035,0.12701741,0.00300843,-0.18142751
2014-03-31,AUD,-0.018013196,0.13139066,-0.0029997907,-0.18461986
2014-04-30,AUD,-0.013880164,0.1290314,-0.006133844,-0.17821826
2014-05-30,AUD,-0.010545767,0.12556973,-0.0075015277,-0.17173898
2014-06-30,AUD,-0.009118484,0.12391413,-0.0079150265,-0.16888651
2014-07-31,AUD,-0.009028264,0.12313437,-0.008672061,-0.16752252
2014-08-29,AUD,-0.0068066283,0.12130279,-0.01292685,-0.16185352
2014-09-30,AUD,-0.006159288,0.12685977,-0.013224267,-0.16929857
2014-10-31,AUD,-0.0035321899,0.12415748,-0.012700346,-0.16517322
2014-11-28,AUD,0.0012111722,0.121346205,-0.01620701,-0.15797436
2014-12-31,AUD,0.006090915,0.114140235,-0.016744316,-0.1460207
2015-01-30,AUD,0.0044458043,0.10405967,-0.023351477,-0.12792525
2015-02-27,AUD,-0.00080596755,0.095606856,-0.009780401,-0.12607576
2015-03-31,AUD,-0.0020967948,0.09044776,-0.009192806,-0.11936505
2015-04-30,AUD,-0.0036548213,0.0986455,-0.0106026465,-0.13011281
2015-05-29,AUD,-0.0042161266,0.096837685,-0.0042736502,-0.13228439
2015-06-30,AUD,-0.008308233,0.10215164,-0.0009661152,-0.14266504
2015-07-31,AUD,-0.0042512133,0.09839532,-0.005298447,-0.13374737
2015-08-31,AUD,-0.0047509614,0.093165964,0.00077292044,-0.13026798
2015-09-30,AUD,-0.0023883404,0.09368892,-0.006215849,-0.12608705
2015-10-30,AUD,-0.003434656,0.09213888,-0.0030133636,-0.12614292
2015-11-30,AUD,-0.0009020299,0.10266464,-0.013246481,-0.13399598
2015-12-31,AUD,-0.0007536998,0.10460311,-0.01113289,-0.13792151
2016-01-29,AUD,0.0034794176,0.09900204,-0.0151380235,-0.126574
2016-02-29,AUD,0.0056842817,0.09688556,-0.020671487,-0.1197522
2016-03-31,AUD,0.0054313503,0.101121515,-0.022911161,-0.124477476
2016-04-29,AUD,0.0021019913,0.097803466,-0.019817892,-0.122715935
2016-05-31,AUD,0.0033633995,0.090317,-0.017665952,-0.11342681
2016-06-30,AUD,0.005956364,0.08800819,-0.024551522,-0.10538297
2016-07-29,AUD,0.006302375,0.085176416,-0.025714196,-0.10068168
2016-08-31,AUD,0.005503916,0.080123775,-0.018641459,-0.09829023
2016-09-30,AUD,0.004437064,0.08253477,-0.017625943,-0.10239214
2016-10-31,AUD,-0.000116024195,0.08784914,-0.0156076485,-0.1122961
2016-11-30,AUD,-0.007534693,0.09374258,-0.009056846,-0.12612234
2016-12-30,AUD,-0.008007833,0.0978416,-0.010813721,-0.13100466
2017-01-31,AUD,-0.0069865743,0.094096415,-0.005952089,-0.12848635
2017-02-28,AUD,-0.009054259,0.094697766,-0.0051181256,-0.1302969
2017-03-31,AUD,-0.007248905,0.09366127,-0.0048664995,-0.12870808
2017-04-28,AUD,-0.0061299065,0.09037755,-0.00440989,-0.124086455
2017-05-31,AUD,-0.004341563,0.08300489,-0.00079099345,-0.11551456
2017-06-30,AUD,-0.009315959,0.08988346,-0.003287167,-0.12499894
2017-07-31,AUD,-0.008489294,0.08765739,-0.0005832994,-0.123361334
2017-08-31,AUD,-0.006706706,0.09227731,-0.009323039,-0.12410304
2017-09-29,AUD,-0.009279995,0.09542703,-0.008389048,-0.1296099
2017-10-31,AUD,-0.0077434094,0.090221204,-0.0056488924,-0.12357686
2017-11-30,AUD,-0.005153397,0.08999071,-0.0093294885,-0.12037298
2017-12-29,AUD,-0.0066998014,0.09511784,-0.015076372,-0.12450337
2018-01-31,AUD,-0.011509099,0.095035076,-0.011109171,-0.127705
2018-02-28,AUD,-0.009817804,0.095614776,-0.012426984,-0.12731555
2018-03-30,AUD,-0.006315497,0.09793724,-0.01961253,-0.12513073
2018-04-30,AUD,-0.0077261236,0.100218594,-0.019366559,-0.12871812
2018-05-31,AUD,-0.007757393,0.09785452,-0.017778698,-0.12634319
2018-06-29,AUD,-0.004848133,0.09879761,-0.019719156,-0.12570018
2018-07-31,AUD,-0.0062067714,0.099418305,-0.021697039,-0.12563388
2018-08-31,AUD,-0.0025128901,0.09617156,-0.021053974,-0.12060006
2018-09-28,AUD,-0.0062108664,0.097065985,-0.017577127,-0.12495936
2018-10-31,AUD,-0.0056290203,0.09531517,-0.016330412,-0.123178326
2018-11-30,AUD,-0.004813171,0.09711497,-0.019114794,-0.12386232
2018-12-31,AUD,0.00049371994,0.09298005,-0.019857232,-0.116041414
2019-01-31,AUD,0.0021322956,0.09120947,-0.020730134,-0.11266919
2019-02-28,AUD,0.0007657148,0.08519981,-0.013776024,-0.10892001
2019-03-29,AUD,0.0041184616,0.07345185,-0.00979192,-0.094273195
2019-04-30,AUD,8.0374644e-05,0.06709562,-0.0021719185,-0.09103174
2019-05-31,AUD,0.0027394062,0.057723504,0.0005531228,-0.07923482
2019-06-28,AUD,0.0015888192,0.04775973,0.007481649,-0.07003112
2019-07-31,AUD,0.0024908145,0.040973753,0.010620066,-0.062445644
2019-08-30,AUD,0.0039487965,0.03563282,0.005189011,-0.051322572
2019-09-30,AUD,0.0033302028,0.03905357,0.0030896866,-0.05485836
2019-10-31,AUD,0.0019535155,0.0421645,0.0021510061,-0.059027478
2019-11-29,AUD,0.0008065491,0.036212504,0.0073266607,-0.054186735
2019-12-31,AUD,-0.0020219819,0.043520447,0.00914222,-0.06612513
2020-01-31,AUD,0.0032656987,0.03352896,0.007280507,-0.04984452
2020-02-28,AUD,0.0033156916,0.028517844,0.0052304673,-0.04168266
2020-03-31,AUD,-0.00510691,0.02007213,0.007455684,-0.032732334
2020-04-30,AUD,-0.00805381,0.011249606,0.023182536,-0.031105585
2020-05-29,AUD,-0.0059489813,0.0112347435,0.0230764,-0.030663328
2020-06-30,AUD,-0.004923995,0.0095075555,0.027007705,-0.030579463
2020-07-31,AUD,-0.003086434,0.008554743,0.025384966,-0.0277649
2020-08-31,AUD,-0.0033983411,0.0071227225,0.033735096,-0.031115433
2020-09-30,AUD,-0.0023778148,0.00524178,0.03249959,-0.02748486
2020-10-30,AUD,-0.0026764823,0.0022958207,0.03784503,-0.026741697
2020-11-30,AUD,-0.003650477,0.0026782032,0.04363432,-0.031134438
2020-12-31,AUD,-0.0059147454,0.0024459257,0.04549681,-0.032387137
2021-01-29,AUD,-0.00721907,0.0028942619,0.051810734,-0.03722629
2021-02-26,AUD,-0.018805066,0.0097075775,0.06006623,-0.053748332
2021-03-31,AUD,-0.018273085,0.009478616,0.0642978,-0.05598501
2021-04-30,AUD,-0.017058779,0.009038595,0.062116597,-0.05383959
2021-05-31,AUD,-0.017383527,0.00945879,0.059944976,-0.053355318
2021-06-30,AUD,-0.018722303,0.011716389,0.047941957,-0.04970789
2021-07-30,AUD,-0.014375718,0.008530013,0.043099668,-0.041413464
2021-08-31,AUD,-0.016486567,0.0092668515,0.042671397,-0.042739872
2021-09-30,AUD,-0.021118514,0.012583339,0.046081457,-0.05038659
2021-10-29,AUD,-0.029221466,0.041167337,0.01739542,-0.076053
2021-11-30,AUD,-0.032627277,0.03550701,0.017868888,-0.06902306
2021-12-31,AUD,-0.029199127,0.03755649,0.015710812,-0.069534376
2022-01-31,AUD,-0.03018669,0.047766384,0.0065943953,-0.078784466
2022-02-28,AUD,-0.036252346,0.052243754,0.005253539,-0.08596215
2022-03-31,AUD,-0.03898319,0.08824519,-0.020875568,-0.12112997
2022-04-29,AUD,-0.028823264,0.1213492,-0.04187837,-0.15100944
2022-05-31,AUD,-0.019889174,0.13373512,-0.04971184,-0.16043423
2022-06-30,AUD,-0.015836556,0.1554672,-0.06324424,-0.18022294
2022-07-29,AUD,-0.002968644,0.140796,-0.055049844,-0.16135138
2022-08-31,AUD,-0.011242521,0.16423498,-0.070730835,-0.18647563
2022-09-30,AUD,-0.008207561,0.1838882,-0.08606763,-0.20303294
2022-10-31,AUD,-0.0068704607,0.1859111,-0.080160595,-0.20934224
2022-11-30,AUD,-0.0037437663,0.16748846,-0.07251088,-0.1876483
2022-12-30,AUD,-0.006834199,0.18506238,-0.08042633,-0.2079174
2023-01-31,AUD,-0.00049068365,0.16969122,-0.070728555,-0.19055794
2023-02-28,AUD,0.00043303266,0.19223332,-0.08747726,-0.21174763
2023-03-31,AUD,0.003079342,0.16202053,-0.067240424,-0.18113407
2023-04-28,AUD,0.006599256,0.16442205,-0.06979074,-0.18194567
2023-05-31,AUD,0.009328594,0.18202917,-0.081595816,-0.1984159
2023-06-30,AUD,0.011207015,0.20722628,-0.10603735,-0.21840964
2023-07-31,AUD,0.010726247,0.20109405,-0.09618485,-0.21594775
2023-08-31,AUD,0.007398364,0.19137342,-0.08529605,-0.20988779
2023-09-29,AUD,0.0027513858,0.20033705,-0.08408157,-0.22451037
2023-10-31,AUD,0.0004801021,0.21652995,-0.0868442,-0.2459334
2023-11-30,AUD,0.005827453,0.20264015,-0.08336802,-0.2272348
2023-12-29,AUD,0.011046358,0.1854572,-0.08082017,-0.20334113
2024-01-31,AUD,0.009748336,0.1820793,-0.074222766,-0.20292267
2024-02-29,AUD,0.008117493,0.19005565,-0.07912638,-0.21161212
2010-01-29,CAD,-0.043963324,0.05308048,0.06769619,-0.12578988
2010-02-26,CAD,-0.044110708,0.053460196,0.067637324,-0.12639043
2010-03-31,CAD,-0.04226821,0.073565826,0.0417234,-0.13834487
2010-04-30,CAD,-0.04052324,0.08493938,0.030011535,-0.14635187
2010-05-31,CAD,-0.039511085,0.08099969,0.028078366,-0.13916954
2010-06-30,CAD,-0.031213127,0.06600573,0.048274018,-0.12804224
2010-07-30,CAD,-0.025922053,0.06674996,0.04783719,-0.12738284
2010-08-31,CAD,-0.018586364,0.056851406,0.04900264,-0.11241926
2010-09-30,CAD,-0.014565572,0.065619156,0.03425193,-0.114513576
2010-10-29,CAD,-0.014457745,0.06449457,0.039408054,-0.11614296
2010-11-30,CAD,-0.02152468,0.07588877,0.029270235,-0.12720713
2010-12-31,CAD,-0.023140322,0.078077234,0.03084904,-0.13189942
2011-01-31,CAD,-0.026305377,0.076008424,0.03892952,-0.13494003
2011-02-28,CAD,-0.026418047,0.08444716,0.029835355,-0.141466
2011-03-31,CAD,-0.030747717,0.08480932,0.031415008,-0.14392164
2011-04-29,CAD,-0.024829414,0.081225835,0.033504277,-0.1387679
2011-05-31,CAD,-0.022317186,0.07444031,0.034689166,-0.12937117
2011-06-30,CAD,-0.022882042,0.074749425,0.03729247,-0.13132456
2011-07-29,CAD,-0.01612189,0.06850464,0.03684805,-0.1204865
2011-08-31,CAD,-0.01453406,0.053999174,0.0423905,-0.10301013
2011-09-30,CAD,-0.012385844,0.045557946,0.043686546,-0.09090886
2011-10-31,CAD,-0.010417658,0.051681332,0.044103112,-0.0993803
2011-11-30,CAD,-0.010746305,0.052165367,0.030831177,-0.09226332
2011-12-30,CAD,-0.0072431206,0.05152019,0.0271192,-0.08808909
2012-01-31,CAD,-0.004942464,0.05274631,0.02664098,-0.089141905
2012-02-29,CAD,-0.009002096,0.05795161,0.026174154,-0.097188465
2012-03-30,CAD,-0.012399759,0.061813943,0.024647534,-0.10270147
2012-04-30,CAD,-0.010281844,0.069132,0.014254003,-0.10623224
2012-05-31,CAD,-0.005811729,0.056504723,0.012896483,-0.086572304
2012-06-29,CAD,-0.00677094,0.05569269,0.020242374,-0.09005629
2012-07-31,CAD,-0.005923884,0.058926772,0.01351115,-0.09028191
2012-08-31,CAD,-0.006541995,0.061961986,0.009319867,-0.09222397
2012-09-28,CAD,-0.0068988195,0.058199532,0.013982133,-0.08992424
2012-10-31,CAD,-0.007608076,0.057807185,0.017221697,-0.09150582
2012-11-30,CAD,-0.006867033,0.05818745,0.014346899,-0.09017102
2012-12-31,CAD,-0.0075934553,0.061195888,0.013573215,-0.09411706
2013-01-31,CAD,-0.010699532,0.061790735,0.019156845,-0.09915463
2013-02-28,CAD,-0.0071131526,0.055694282,0.026175741,-0.09381595
2013-03-29,CAD,-0.0075488216,0.057974197,0.023204917,-0.09544806
2013-04-30,CAD,-0.0056725307,0.056353457,0.019992242,-0.090802744
2013-05-31,CAD,-0.0117962,0.062443588,0.021909531,-0.1019673
2013-06-28,CAD,-0.020592945,0.06771041,0.025372481,-0.11359825
2013-07-31,CAD,-0.018695265,0.06658534,0.029321726,-0.11388596
2013-08-30,CAD,-0.022341788,0.06689449,0.03292432,-0.11735188
2013-09-30,CAD,-0.02050468,0.06480084,0.03636659,-0.116115704
2013-10-31,CAD,-0.017029297,0.06196274,0.03790706,-0.11210288
2013-11-29,CAD,-0.015970092,0.060552772,0.042955603,-0.11299169
2013-12-31,CAD,-0.023499189,0.062938735,0.043783277,-0.118381456
2014-01-31,CAD,-0.01466093,0.056596868,0.042335287,-0.10663095
2014-02-28,CAD,-0.014060349,0.058660634,0.038965117,-0.10755047
2014-03-31,CAD,-0.015908651,0.061109297,0.036217898,-0.1097696
2014-04-30,CAD,-0.014814303,0.061568502,0.033932075,-0.10891739
2014-05-30,CAD,-0.01218235,0.060045145,0.031204274,-0.10457695
2014-06-30,CAD,-0.012090347,0.061825093,0.029786052,-0.10642603
2014-07-31,CAD,-0.011954062,0.061761823,0.026834391,-0.104444556
2014-08-29,CAD,-0.009888946,0.06194784,0.02205162,-0.10140754
2014-09-30,CAD,-0.013320503,0.06298855,0.023384294,-0.10449653
2014-10-31,CAD,-0.012326256,0.061787046,0.021551747,-0.10125684
2014-11-28,CAD,-0.008268928,0.061049946,0.017998321,-0.0971275
2014-12-31,CAD,-0.007060965,0.06240857,0.013212962,-0.09594164
2015-01-30,CAD,-0.0023170854,0.03579474,0.028463844,-0.06707303
2015-02-27,CAD,-0.0028192622,0.03790747,0.030260678,-0.07119675
2015-03-31,CAD,-0.0042070425,0.038903672,0.030835759,-0.07308546
2015-04-30,CAD,-0.007099209,0.045954123,0.027257401,-0.081500106
2015-05-29,CAD,-0.007841113,0.043150805,0.031988814,-0.080623284
2015-06-30,CAD,-0.009629861,0.039843738,0.041107524,-0.08186049
2015-07-31,CAD,-0.009648508,0.031645276,0.044154443,-0.07254249
2015-08-31,CAD,-0.009258937,0.03096912,0.046042047,-0.072736375
2015-09-30,CAD,-0.007338981,0.03452867,0.0371459,-0.071703136
2015-10-30,CAD,-0.007072519,0.037174422,0.036375027,-0.07478467
2015-11-30,CAD,-0.006554069,0.038063735,0.033852313,-0.07446177
2015-12-31,CAD,-0.006306688,0.03619192,0.037569493,-0.07404505
2016-01-29,CAD,-0.0029739472,0.03058904,0.035618268,-0.064222276
2016-02-29,CAD,0.0006853115,0.03425666,0.02125815,-0.05976283
2016-03-31,CAD,0.0009256047,0.03750363,0.022451155,-0.06495476
2016-04-29,CAD,-0.0015791007,0.04463241,0.019381002,-0.073572315
2016-05-31,CAD,-0.0012392069,0.042214587,0.016716862,-0.068533905
2016-06-30,CAD,0.0010312707,0.037276182,0.013351068,-0.05894398
2016-07-29,CAD,0.0012464748,0.039324857,0.008220265,-0.058603127
2016-08-31,CAD,1.5310734e-05,0.039945148,0.0043549193,-0.05751688
2016-09-30,CAD,-0.0002036839,0.038379952,0.0071738632,-0.057112735
2016-10-31,CAD,-0.0021319063,0.039146017,0.0138217015,-0.062574185
2016-11-30,CAD,-0.0078249965,0.043951176,0.019048147,-0.07399955
2016-12-30,CAD,-0.009641586,0.047301944,0.018399153,-0.07874317
2017-01-31,CAD,-0.0088358885,0.047456067,0.02161462,-0.08073844
2017-02-28,CAD,-0.007673983,0.047031824,0.01860153,-0.07807681
2017-03-31,CAD,-0.008230397,0.047507312,0.019049909,-0.079262406
2017-04-28,CAD,-0.0054194466,0.04585869,0.018234361,-0.07591348
2017-05-31,CAD,-0.005788525,0.04464894,0.017411953,-0.07382355
2017-06-30,CAD,-0.009395012,0.06107768,0.0040366994,-0.08919546
2017-07-31,CAD,-0.008295377,0.07040932,0.00046705166,-0.09980258
2017-08-31,CAD,-0.0056608813,0.07001221,-0.0048212428,-0.0952604
2017-09-29,CAD,-0.006323402,0.08053873,-0.012125563,-0.10587846
2017-10-31,CAD,-0.006777927,0.07575391,-0.009040361,-0.1011377
2017-11-30,CAD,-0.006447235,0.07612261,-0.012020493,-0.09984808
2017-12-29,CAD,-0.011182863,0.08386715,-0.02149094,-0.10677458
2018-07-31,CAD,-0.0067483033,0.10362731,-0.035954393,-0.123544395
2018-08-31,CAD,-0.0037823303,0.10426152,-0.038170602,-0.122293174
2018-09-28,CAD,-0.0052070846,0.11020473,-0.039885983,-0.12991902
2018-10-31,CAD,-0.0037536488,0.116255045,-0.043351084,-0.13583747
2018-11-30,CAD,-0.0007304518,0.10989191,-0.038806085,-0.12892453
2018-12-31,CAD,0.0029757842,0.099580966,-0.03178043,-0.11760815
2019-01-31,CAD,0.0027190335,0.096425064,-0.030098343,-0.11444088
2019-02-28,CAD,0.0012221835,0.09501418,-0.027788408,-0.11422385
2019-03-29,CAD,0.005259304,0.08551526,-0.02549177,-0.10117066
2019-04-30,CAD,0.004930821,0.08507038,-0.020748543,-0.103588775
2019-05-31,CAD,0.0076388298,0.08022392,-0.021606611,-0.09556223
2019-06-28,CAD,0.0077318726,0.08031228,-0.026299905,-0.09276228
2019-07-31,CAD,0.0071218163,0.08244536,-0.028632589,-0.09452391
2019-08-30,CAD,0.009334146,0.07443654,-0.029369745,-0.08238981
2019-09-30,CAD,0.00819138,0.08322474,-0.036888868,-0.09038604
2019-10-31,CAD,0.005395581,0.08103266,-0.030750286,-0.091742165
2019-11-29,CAD,0.0042937575,0.083381906,-0.032921746,-0.09389604
2019-12-31,CAD,0.00092543854,0.08928056,-0.032182302,-0.10349341
2020-01-31,CAD,0.007168034,0.07705696,-0.028613416,-0.087020755
2020-02-28,CAD,0.0055829156,0.0646476,-0.019946137,-0.07543664
2020-03-31,CAD,-0.0009004028,0.033585794,0.006142906,-0.050375544
2020-04-30,CAD,-0.00048874045,0.026200373,0.013634182,-0.044696636
2020-05-29,CAD,-0.0014792233,0.02418852,0.015396161,-0.04333412
2020-06-30,CAD,-0.0025973537,0.024793742,0.0141989505,-0.043496512
2020-07-31,CAD,-0.0016876833,0.023434862,0.01299145,-0.04059634
2020-08-31,CAD,-0.003267072,0.023541782,0.019340426,-0.045075677
2020-09-30,CAD,-0.002811582,0.023296375,0.018735897,-0.04429254
2020-10-30,CAD,-0.004408643,0.022427129,0.023743756,-0.04650638
2020-11-30,CAD,-0.005451021,0.023783624,0.02227545,-0.047666878
2020-12-31,CAD,-0.0056296233,0.021812271,0.026480302,-0.047500297
2021-01-29,CAD,-0.0077077327,0.02167196,0.033837434,-0.052168842
2021-02-26,CAD,-0.019115223,0.028332591,0.03460591,-0.06447417
2021-03-31,CAD,-0.02131471,0.028251339,0.045480654,-0.071506545
2021-04-30,CAD,-0.018963939,0.028132403,0.0432925,-0.06989674
2021-05-31,CAD,-0.018369166,0.028700117,0.039613664,-0.06847345
2021-06-30,CAD,-0.019144576,0.033442263,0.027497698,-0.06821326
2021-07-30,CAD,-0.01374344,0.031091835,0.02732028,-0.06380854
2021-08-31,CAD,-0.014739465,0.03226351,0.026083717,-0.06483348
2021-09-30,CAD,-0.019354513,0.03797332,0.025745355,-0.07378797
2021-10-29,CAD,-0.021655306,0.060598843,-0.002274792,-0.08935388
2021-11-30,CAD,-0.018307984,0.059394382,-0.006617233,-0.08397238
2021-12-31,CAD,-0.01603286,0.06029275,-0.00905701,-0.08302649
2022-01-31,CAD,-0.014770565,0.073304966,-0.012055888,-0.099156395
2022-02-28,CAD,-0.012505936,0.079042785,-0.017066648,-0.102991335
2022-03-31,CAD,-0.012922599,0.11048321,-0.042246908,-0.13179824
2022-04-29,CAD,-0.009040844,0.13139912,-0.051539622,-0.15317306
2022-05-31,CAD,-0.006077426,0.13261159,-0.051120177,-0.15396781
2022-06-30,CAD,-0.00013239178,0.15539104,-0.06702226,-0.17387147
2022-07-29,CAD,0.019249436,0.15285496,-0.07137793,-0.16222286
2022-08-31,CAD,0.012677884,0.18101506,-0.09805579,-0.18738005
2022-09-30,CAD,0.017688373,0.18886714,-0.103769176,-0.19298485
2022-10-31,CAD,0.022879858,0.19631577,-0.107686445,-0.19937283
2022-11-30,CAD,0.03220047,0.19575295,-0.114835784,-0.19168161
2022-12-30,CAD,0.029761147,0.20321923,-0.11297793,-0.20348082
2023-01-31,CAD,0.039837457,0.19472778,-0.11059809,-0.19028951
2023-02-28,CAD,0.02853941,0.207452,-0.12118469,-0.20545071
2023-03-31,CAD,0.036878485,0.19232996,-0.11024197,-0.18848751
2023-04-28,CAD,0.038220663,0.19321813,-0.11175944,-0.18838541
2023-05-31,CAD,0.034943875,0.21394788,-0.12972425,-0.2074256
2023-06-30,CAD,0.036201954,0.22920838,-0.14850663,-0.21698023
2023-07-31,CAD,0.03361941,0.23427477,-0.14769359,-0.22510478
2023-08-31,CAD,0.031674318,0.23316438,-0.1437858,-0.2262462
2023-09-29,CAD,0.025428178,0.2400715,-0.1407895,-0.23928203
2023-10-31,CAD,0.024374627,0.22995253,-0.12504646,-0.234495
2023-11-30,CAD,0.028742371,0.21016768,-0.11833997,-0.20987992
2023-12-29,CAD,0.033979394,0.19416325,-0.11282182,-0.18959594
2024-01-31,CAD,0.0343677,0.20437005,-0.1148589,-0.20203485
2024-02-29,CAD,0.028290221,0.20899563,-0.118623696,-0.20844929
2010-01-29,DKK,-0.026040005,0.09397988,0.013582801,-0.14478584
2010-02-26,DKK,-0.026008395,0.087324046,0.020358192,-0.13906565
2010-03-31,DKK,-0.025085824,0.084981844,0.022293625,-0.13681726
2010-04-30,DKK,-0.02435418,0.08266166,0.021062726,-0.13233262
2010-05-31,DKK,-0.021361105,0.07507231,0.019459248,-0.119856976
2010-06-30,DKK,-0.017010016,0.0754446,0.01869693,-0.118941166
2010-07-30,DKK,-0.019403245,0.07648067,0.020946484,-0.122776784
2010-08-31,DKK,-0.01078546,0.069763936,0.005916495,-0.10225362
2010-09-30,DKK,-0.014313481,0.07856251,0.0029054303,-0.11353957
2010-10-29,DKK,-0.018503472,0.0835511,0.0013653173,-0.120257504
2010-11-30,DKK,-0.023396187,0.083029345,0.010225638,-0.12573247
2010-12-31,DKK,-0.028812295,0.0861883,0.013846431,-0.1344918
2011-01-31,DKK,-0.031119987,0.09511778,0.004836142,-0.14233977
2011-02-28,DKK,-0.032005724,0.095675245,0.002153132,-0.14252163
2011-03-31,DKK,-0.02950128,0.108773544,-0.0056247967,-0.15484901
2011-04-29,DKK,-0.027392933,0.10657469,-0.0043851375,-0.15228419
2011-05-31,DKK,-0.02202058,0.09897218,0.0006954591,-0.14275017
2011-06-30,DKK,-0.021121895,0.100797735,0.0039614956,-0.1476123
2011-08-31,DKK,-0.017146677,0.075747155,0.016852856,-0.11812454
2011-09-30,DKK,-0.012526814,0.066610135,0.010774915,-0.100462124
2011-10-31,DKK,-0.014971779,0.069128774,0.010954183,-0.10499295
2011-11-30,DKK,-0.01758861,0.06070023,0.016716339,-0.09690423
2011-12-30,DKK,-0.012039844,0.05107245,0.020308493,-0.08453942
2012-01-31,DKK,-0.009204679,0.050829183,0.022861013,-0.08486616
2012-02-29,DKK,-0.011529109,0.053238418,0.022425331,-0.0890673
2012-03-30,DKK,-0.012564642,0.053697933,0.023178432,-0.090259455
2012-04-30,DKK,-0.0108,0.04877161,0.028640179,-0.08615723
2012-05-31,DKK,-0.006143844,0.038422972,0.01598901,-0.06326035
2012-06-29,DKK,-0.011921558,0.034818772,0.034491196,-0.07105489
2012-07-31,DKK,-0.00987844,0.024001809,0.044188026,-0.061585236
2012-08-31,DKK,-0.009516807,0.02513949,0.042649366,-0.06222433
2012-09-28,DKK,-0.010606798,0.027829057,0.043468285,-0.06685748
2012-10-31,DKK,-0.011717669,0.030375412,0.041034326,-0.06930288
2012-11-30,DKK,-0.01155196,0.022514371,0.046923153,-0.062275738
2012-12-31,DKK,-0.00912655,0.022073165,0.045994215,-0.06064099
2013-01-31,DKK,-0.016224466,0.036113698,0.035141733,-0.07564081
2013-02-28,DKK,-0.0115557145,0.027363755,0.04610173,-0.06829966
2013-03-29,DKK,-0.012403053,0.025404422,0.044439785,-0.06526779
2013-04-30,DKK,-0.007636321,0.022786943,0.043118253,-0.05929637
2013-05-31,DKK,-0.013275665,0.025001487,0.048236135,-0.06684312
2013-06-28,DKK,-0.022006672,0.032241385,0.042908672,-0.07605426
2013-07-31,DKK,-0.021919651,0.03039522,0.0457314,-0.07491329
2013-08-30,DKK,-0.02442101,0.037547138,0.04462085,-0.084338024
2013-09-30,DKK,-0.020982895,0.034880083,0.046928376,-0.08129877
2013-10-31,DKK,-0.016996872,0.030964328,0.050604843,-0.077277444
2013-11-29,DKK,-0.016865706,0.02661536,0.05691495,-0.07494634
2013-12-31,DKK,-0.021930916,0.030907292,0.055397063,-0.081264086
2014-01-31,DKK,-0.015951013,0.027891364,0.054318886,-0.07495008
2014-02-28,DKK,-0.015330531,0.027998662,0.053028066,-0.07432475
2014-03-31,DKK,-0.013432139,0.028416377,0.051426575,-0.0734548
2014-04-30,DKK,-0.011597002,0.027035011,0.050922602,-0.07081618
2014-05-30,DKK,-0.008766077,0.023549533,0.05216027,-0.0659381
2014-06-30,DKK,-0.0062499247,0.024493452,0.049435403,-0.06512027
2014-07-31,DKK,-0.0056127785,0.025910983,0.044519115,-0.0640447
2014-08-29,DKK,-0.0027136367,0.022990268,0.03857765,-0.055963594
2014-09-30,DKK,-0.0031406698,0.019353768,0.046525836,-0.055785425
2014-10-31,DKK,-0.0021728314,0.019914532,0.042015042,-0.053689685
2014-11-28,DKK,-0.0010261622,0.019760737,0.035786286,-0.04944584
2014-12-31,DKK,-0.0021070978,0.017962495,0.03207042,-0.044897098
2015-01-30,DKK,-0.004974493,0.0035448868,0.036962297,-0.02862176
2015-02-27,DKK,-0.0056929616,0.0021023708,0.03779236,-0.02758855
2015-03-31,DKK,-0.007941831,0.0059783,0.02551147,-0.025706658
2015-04-30,DKK,-0.00887508,0.004206107,0.03446105,-0.02909488
2015-05-29,DKK,-0.0094326595,0.0075019435,0.039759416,-0.036835775
2015-06-30,DKK,-0.014339736,0.009207732,0.05118325,-0.04721951
2015-07-31,DKK,-0.010497402,0.010618289,0.04466111,-0.044267017
2015-08-31,DKK,-0.010977399,0.013066346,0.04588828,-0.048766594
2015-09-30,DKK,-0.008545747,0.012253876,0.04399495,-0.04566828
2015-10-30,DKK,-0.00928624,0.0077622896,0.048035398,-0.042033046
2015-11-30,DKK,-0.0073317196,0.00272063,0.054100387,-0.03819697
2015-12-31,DKK,-0.010256769,0.007734384,0.05144115,-0.04424931
2016-01-29,DKK,-0.005631738,0.004490838,0.045725834,-0.03501523
2016-02-29,DKK,-0.004796668,0.0027616357,0.039737925,-0.02880304
2016-03-31,DKK,-0.0044470704,0.004183069,0.03954244,-0.030637003
2016-04-29,DKK,-0.0051180203,0.0038163944,0.04647412,-0.03466146
2016-06-30,DKK,-0.0030321553,-0.0013230703,0.0376009,-0.021370055
2016-07-29,DKK,-0.0023403105,-0.0019264149,0.035098445,-0.01900628
2016-08-31,DKK,-0.002062462,-0.0017501725,0.035285372,-0.019493833
2016-09-30,DKK,-0.0014653873,-0.0018691523,0.035484094,-0.019095749
2016-10-31,DKK,-0.0046539693,0.00035760162,0.039589778,-0.025540603
2016-11-30,DKK,-0.0056828805,0.00088378193,0.046440795,-0.030756377
2016-12-30,DKK,-0.0060613365,-9.640993e-06,0.047266018,-0.030103328
2017-01-31,DKK,-0.008427525,0.00021851173,0.05339598,-0.034722913
2017-02-28,DKK,-0.005449053,-0.002691489,0.051831692,-0.029002307
2017-03-31,DKK,-0.007966499,-0.00062758056,0.051667333,-0.032504573
2017-04-28,DKK,-0.008539513,-0.000304922,0.051838435,-0.033163328
2017-05-31,DKK,-0.007090086,-0.0009925445,0.05385499,-0.033082213
2017-06-30,DKK,-0.00953661,0.0010798442,0.053546935,-0.036438763
2017-07-31,DKK,-0.010060241,1.3443058e-06,0.057087544,-0.037159145
2017-08-31,DKK,-0.0078347,-0.0034749133,0.05588905,-0.031106245
2017-09-29,DKK,-0.00992661,-0.0032310078,0.05883651,-0.033704035
2017-10-31,DKK,-0.00853229,-0.0042095035,0.058395207,-0.031732406
2017-11-30,DKK,-0.009349064,-0.0036638328,0.055706955,-0.031085795
2017-12-29,DKK,-0.011424482,-0.0027315775,0.054140754,-0.031915586
2018-01-31,DKK,-0.01618562,-0.0009607886,0.053320277,-0.034929
2018-02-28,DKK,-0.015743002,-0.0005148255,0.055453416,-0.03673736
2018-03-30,DKK,-0.013929555,-0.0017595451,0.052980192,-0.032980643
2018-04-30,DKK,-0.013767246,-0.0008815904,0.05332324,-0.034429595
2018-05-31,DKK,-0.010736418,-0.0018844944,0.052152675,-0.031619385
2018-06-29,DKK,-0.010515585,-0.0031525146,0.053025,-0.030240502
2018-07-31,DKK,-0.011729634,-0.002071517,0.053109396,-0.032224745
2018-08-31,DKK,-0.010262866,-0.002287697,0.05155817,-0.030666668
2018-09-28,DKK,-0.013236359,-0.000277244,0.050589025,-0.033616077
2018-10-31,DKK,-0.012952044,-0.0013489506,0.051192716,-0.032381747
2018-11-30,DKK,-0.011008477,-0.0024757718,0.051676314,-0.030537251
2018-12-31,DKK,-0.009137773,-0.00233217,0.05003379,-0.029210676
2019-01-31,DKK,-0.007104139,-0.0035594003,0.04630439,-0.024883667
2019-02-28,DKK,-0.007274176,-0.0036034817,0.047288988,-0.025517149
2019-03-29,DKK,-0.003728029,-0.0062217345,0.043222077,-0.018528886
2019-04-30,DKK,-0.0044366703,-0.0067982697,0.04527223,-0.019216195
2019-05-31,DKK,-0.0022367502,-0.009539138,0.043785762,-0.013860174
2019-06-28,DKK,-0.0007898167,-0.014053554,0.04152894,-0.0058823894
2019-07-31,DKK,0.00047686353,-0.015834663,0.038680527,-0.0014062428
2019-08-30,DKK,0.0016824136,-0.0203801,0.02973526,0.010723718
2019-09-30,DKK,0.000738118,-0.01673939,0.029527614,0.0055989255
2019-10-31,DKK,-0.0012898076,-0.013037366,0.031191878,-0.0011295286
2019-11-29,DKK,-0.0016868892,-0.010919484,0.02945622,-0.0031390614
2019-12-31,DKK,-0.0041376143,-0.00857013,0.03186351,-0.008468519
2020-01-31,DKK,-0.00077784917,-0.012267134,0.027088398,0.00044760027
2020-02-28,DKK,-0.0010560054,-0.014380301,0.024066197,0.0052267103
2020-03-31,DKK,-0.0024080393,-0.002027332,0.01568379,-0.0067591467
2020-04-30,DKK,-0.0006964479,-0.0049189255,0.01206557,3.0051928e-05
2020-05-29,DKK,0.00032806484,-0.0039480906,0.01285215,-0.0017476012
2020-06-30,DKK,0.00047759153,-0.005945912,0.014846582,-0.0002337696
2020-07-31,DKK,0.0010402908,-0.0066357204,0.013664881,0.0016723333
2020-08-31,DKK,0.0001970995,-0.006771255,0.018750072,-0.0016414253
2020-09-30,DKK,0.00068633247,-0.007976058,0.01609256,0.0018906394
2020-10-30,DKK,0.0008892177,-0.009881541,0.017241392,0.0038817553
2020-11-30,DKK,0.0012222634,-0.007982768,0.015962452,0.0020015372
2020-12-31,DKK,0.00031481628,-0.007851151,0.01527203,0.001993661
2021-01-29,DKK,0.00023066194,-0.008242202,0.020319276,-0.00061706314
2021-02-26,DKK,-0.0026788493,-0.004880737,0.02468828,-0.008599293
2021-03-31,DKK,-0.0018654134,-0.006964015,0.03089374,-0.00931441
2021-04-30,DKK,-0.0033610375,-0.00635369,0.033135988,-0.011857323
2021-05-31,DKK,-0.0034054178,-0.0055874176,0.032055136,-0.012309396
2021-06-30,DKK,-0.0036134,-0.005081997,0.030238029,-0.011998146
2021-07-30,DKK,-0.0018114612,-0.006526703,0.025588557,-0.0066592367
2021-08-31,DKK,-0.0024222145,-0.0060732253,0.025796875,-0.0076218313
2021-09-30,DKK,-0.005890007,-0.005338039,0.03005341,-0.012087142
2021-10-29,DKK,-0.013023159,0.00023184594,0.01726482,-0.013800135
2021-11-30,DKK,-0.009129083,-0.004459975,0.020863468,-0.0083364
2021-12-31,DKK,-0.011318418,-0.0027245064,0.024092413,-0.0134950075
2022-01-31,DKK,-0.015492208,0.0035017766,0.017086808,-0.019178638
2022-02-28,DKK,-0.022130534,0.0103184,0.01900063,-0.03146932
2022-03-31,DKK,-0.028398788,0.027669838,0.0036593452,-0.048284892
2022-04-29,DKK,-0.031572323,0.044310752,-0.00028928925,-0.06996966
2022-05-31,DKK,-0.026993753,0.052015834,-0.00048205472,-0.07887787
2022-06-30,DKK,-0.02673376,0.067357965,-0.0069442643,-0.09540625
2022-07-29,DKK,-0.012640961,0.060391586,-0.011815346,-0.07866184
2022-08-31,DKK,-0.012514088,0.10502109,-0.048070062,-0.11880835
2022-09-30,DKK,-0.018026527,0.13412833,-0.06897589,-0.14711268
2022-10-31,DKK,-0.011069341,0.13464408,-0.069103815,-0.14597146
2022-11-30,DKK,-0.0010963662,0.13295507,-0.07923815,-0.13479921
2022-12-30,DKK,-0.0021616209,0.15668495,-0.093989894,-0.15906252
2023-01-31,DKK,0.008013504,0.1537749,-0.09414429,-0.15210181
2023-02-28,DKK,0.006958394,0.17122425,-0.10561561,-0.17006354
2023-03-31,DKK,0.010005249,0.16247234,-0.09818732,-0.16113691
2023-04-28,DKK,0.014244355,0.16260174,-0.09632384,-0.16114199
2023-05-31,DKK,0.016571142,0.1643946,-0.09793832,-0.16205716
2023-06-30,DKK,0.017545,0.17843996,-0.11761303,-0.16997245
2023-07-31,DKK,0.017416148,0.1736136,-0.10601528,-0.1698923
2023-08-31,DKK,0.01866907,0.17139184,-0.10211771,-0.16867636
2023-09-29,DKK,0.016253052,0.1788151,-0.099811524,-0.18097621
2023-10-31,DKK,0.016151026,0.17119102,-0.08789191,-0.17740615
2023-11-30,DKK,0.01943756,0.16192074,-0.087337404,-0.16394162
2023-12-29,DKK,0.022318302,0.1413828,-0.07598445,-0.1413045
2024-01-31,DKK,0.02020802,0.14309561,-0.07665454,-0.14395969
2024-02-29,DKK,0.018705353,0.1560773,-0.0902008,-0.15447097
2010-01-29,EUR,-0.031575587,0.068487756,0.03715271,-0.12533122
2010-02-26,EUR,-0.03211249,0.061847802,0.04362298,-0.11970826
2010-03-31,EUR,-0.030369889,0.061072875,0.043572232,-0.118298836
2010-04-30,EUR,-0.028181484,0.061304715,0.04015794,-0.115618266
2010-05-31,EUR,-0.024906002,0.05831182,0.034119412,-0.10677063
2010-06-30,EUR,-0.021664228,0.05926054,0.033713985,-0.10708099
2010-07-30,EUR,-0.021476703,0.06137683,0.034712914,-0.11080512
2010-08-31,EUR,-0.013532817,0.054568514,0.01936737,-0.08992999
2010-09-30,EUR,-0.016169757,0.06312645,0.016819896,-0.101140544
2010-10-29,EUR,-0.019202737,0.069083676,0.014479546,-0.10837396
2010-11-30,EUR,-0.024328738,0.0684863,0.023911275,-0.11413563
2010-12-31,EUR,-0.029667355,0.06895459,0.031328157,-0.120746784
2011-01-31,EUR,-0.029484702,0.085018046,0.014547915,-0.13370828
2011-02-28,EUR,-0.026505029,0.08799376,0.010274622,-0.13465035
2011-03-31,EUR,-0.027482638,0.09880184,0.004019279,-0.14626247
2011-04-29,EUR,-0.023823429,0.09942796,0.0012020658,-0.14429496
2011-05-31,EUR,-0.01922886,0.09338617,0.0051537068,-0.13673453
2011-06-30,EUR,-0.017096449,0.09501926,0.0087472955,-0.14075097
2011-07-29,EUR,-0.014026042,0.08604478,0.010287501,-0.12758933
2011-08-31,EUR,-0.012662403,0.072924316,0.019291515,-0.11425617
2011-09-30,EUR,-0.009127217,0.07033365,0.0076279975,-0.10267881
2011-10-31,EUR,-0.006028695,0.06962212,0.0093768705,-0.10221041
2011-11-30,EUR,-0.014756195,0.06781203,0.015854007,-0.10530067
2011-12-30,EUR,-0.00795898,0.06168592,0.013583848,-0.0940003
2012-01-31,EUR,-0.008003882,0.05339218,0.020684984,-0.08679933
2012-02-29,EUR,-0.0102791805,0.051201504,0.023417192,-0.08635986
2012-03-30,EUR,-0.013804048,0.048523746,0.027042769,-0.08608177
2012-04-30,EUR,-0.012449301,0.042502888,0.032785833,-0.080616094
2012-05-31,EUR,-0.0072166435,0.039607286,0.015331869,-0.06490646
2012-06-29,EUR,-0.010629374,0.039231155,0.028416688,-0.07316438
2012-07-31,EUR,-0.008965122,0.02759092,0.03911513,-0.06334408
2012-08-31,EUR,-0.0094691515,0.022704612,0.044168923,-0.059750326
2012-09-28,EUR,-0.01084713,0.019986074,0.050938733,-0.060677465
2012-10-31,EUR,-0.011429019,0.020181116,0.05121296,-0.061321672
2012-11-30,EUR,-0.009659946,0.017302817,0.052923396,-0.057992645
2012-12-31,EUR,-0.00783743,0.015533004,0.052842364,-0.055191368
2013-01-31,EUR,-0.013841913,0.028223267,0.04269923,-0.06841488
2013-02-28,EUR,-0.010935256,0.018313704,0.05448189,-0.060815472
2013-03-29,EUR,-0.009162559,0.020418016,0.049247574,-0.060233254
2013-04-30,EUR,-0.0067770313,0.015766922,0.049428176,-0.053316705
2013-05-31,EUR,-0.011429424,0.01785443,0.054370146,-0.060351025
2013-06-28,EUR,-0.017138673,0.025144652,0.049295787,-0.06863247
2013-07-31,EUR,-0.016392535,0.023146337,0.051526085,-0.06690916
2013-08-30,EUR,-0.020549001,0.026624274,0.054098114,-0.07432911
2013-09-30,EUR,-0.017509643,0.02359535,0.05492365,-0.06984336
2013-10-31,EUR,-0.0144771235,0.020874575,0.058211636,-0.06743677
2013-11-29,EUR,-0.014721494,0.018801216,0.061214514,-0.066222295
2013-12-31,EUR,-0.018608375,0.023490919,0.058982436,-0.07231914
2014-01-31,EUR,-0.01310859,0.01919655,0.057858244,-0.06430215
2014-02-28,EUR,-0.011972768,0.01994009,0.055610955,-0.06386693
2014-03-31,EUR,-0.010496826,0.020420156,0.053703196,-0.06309063
2014-04-30,EUR,-0.009194179,0.019546028,0.052426234,-0.060727086
2014-05-30,EUR,-0.0065644644,0.015857028,0.053573444,-0.055710334
2014-06-30,EUR,-0.0050705792,0.012687505,0.054379433,-0.051639497
2014-07-31,EUR,-0.0045898473,0.013671821,0.04966706,-0.05007285
2014-08-29,EUR,-0.0020277519,0.01055648,0.042573676,-0.041034266
2014-09-30,EUR,-0.0020563994,0.0069980854,0.051880974,-0.041759603
2014-10-31,EUR,-0.0012774543,0.007942902,0.047114607,-0.04009076
2014-11-28,EUR,-0.00026295026,0.0075327386,0.041282386,-0.035809208
2014-12-31,EUR,-4.914611e-05,0.0066552474,0.03719478,-0.03206097
2015-01-30,EUR,-0.00029935822,0.005784166,0.029298132,-0.026076436
2015-02-27,EUR,-0.00048042054,0.0035288406,0.03340385,-0.025454443
2015-03-31,EUR,-0.0030325798,0.0036518306,0.021534551,-0.01868828
2015-04-30,EUR,-0.003397339,0.0036457244,0.027391,-0.022518137
2015-05-29,EUR,-0.004870833,0.0037661958,0.03647084,-0.028419193
2015-06-30,EUR,-0.00800354,0.0047794995,0.0480147,-0.037528
2015-07-31,EUR,-0.006277852,0.0032517004,0.043702763,-0.032388624
2015-08-31,EUR,-0.007998297,0.003811246,0.0479539,-0.036306065
2015-09-30,EUR,-0.0055067334,0.0013491993,0.047342356,-0.03172635
2015-10-30,EUR,-0.0045659123,-0.001576424,0.049966898,-0.029056866
2015-11-30,EUR,-0.0037874626,-0.0056592845,0.055172455,-0.02628277
2015-12-31,EUR,-0.007019503,-0.0020054805,0.05399025,-0.03140572
2016-01-29,EUR,-0.003253513,-0.0079554245,0.050232146,-0.019963412
2016-02-29,EUR,-0.0021891138,-0.009837699,0.044376455,-0.013500487
2016-03-31,EUR,-0.0026238027,-0.007377736,0.042264387,-0.015829414
2016-04-29,EUR,-0.0030534486,-0.007084701,0.048383582,-0.02010316
2016-05-31,EUR,-0.0016344938,-0.008244888,0.045890212,-0.016648093
2016-06-30,EUR,-0.0014090835,-0.009942856,0.040548272,-0.010897753
2016-07-29,EUR,0.0002579552,-0.010613136,0.036297034,-0.0070323846
2016-08-31,EUR,-0.00023718021,-0.010309507,0.036685232,-0.007901535
2016-09-30,EUR,0.00047856476,-0.010857929,0.038036868,-0.0077593164
2016-10-31,EUR,-0.0030802519,-0.008569048,0.042283207,-0.014455442
2016-11-30,EUR,-0.004816766,-0.008445634,0.04913174,-0.019239154
2016-12-30,EUR,-0.0043906597,-0.008627783,0.049512167,-0.019099576
2017-01-31,EUR,-0.007086783,-0.008255682,0.05491579,-0.023605617
2017-02-28,EUR,-0.0040363222,-0.009169357,0.05189764,-0.019831186
2017-03-31,EUR,-0.0065847873,-0.0078399,0.052320614,-0.022613773
2017-04-28,EUR,-0.0071314694,-0.008134718,0.05345362,-0.023023775
2017-05-31,EUR,-0.006270493,-0.009129262,0.055883933,-0.022919469
2017-06-30,EUR,-0.009157988,-0.0075298324,0.05622043,-0.026089072
2017-07-31,EUR,-0.009525458,-0.008400765,0.059843075,-0.027098965
2017-08-31,EUR,-0.0067133727,-0.010084696,0.057574272,-0.022714848
2017-09-29,EUR,-0.008688605,-0.009050137,0.059956633,-0.026100172
2017-10-31,EUR,-0.007387033,-0.010186425,0.05960385,-0.023967942
2017-11-30,EUR,-0.008114801,-0.009311578,0.05704703,-0.023837691
2017-12-29,EUR,-0.010617808,-0.007919567,0.055240083,-0.025267914
2018-01-31,EUR,-0.015863268,-0.006337041,0.055237357,-0.028618837
2018-02-28,EUR,-0.015025397,-0.0062571396,0.056883138,-0.029502377
2018-03-30,EUR,-0.013041145,-0.007670477,0.055182025,-0.025962755
2018-04-30,EUR,-0.013306818,-0.007242648,0.05559441,-0.02694458
2018-05-31,EUR,-0.010274185,-0.007299472,0.0540999,-0.025265984
2018-06-29,EUR,-0.00985158,-0.0086934585,0.055444747,-0.024020458
2018-07-31,EUR,-0.011427796,-0.007659876,0.055887844,-0.026174098
2018-08-31,EUR,-0.0096578915,-0.0080486825,0.054801427,-0.024577094
2018-09-28,EUR,-0.012793493,-0.0062689953,0.054539274,-0.027673395
2018-10-31,EUR,-0.011913876,-0.006784638,0.054611668,-0.026715344
2018-11-30,EUR,-0.009823549,-0.007962138,0.05478033,-0.024624703
2018-12-31,EUR,-0.008006565,-0.008800351,0.053913396,-0.022406632
2019-01-31,EUR,-0.0057512214,-0.00876473,0.04893263,-0.018992813
2019-02-28,EUR,-0.006197045,-0.0077469843,0.04946905,-0.020892927
2019-03-29,EUR,-0.0026038731,-0.010184976,0.045255847,-0.014076634
2019-04-30,EUR,-0.0033184527,-0.009946715,0.04611282,-0.015112042
2019-05-31,EUR,-0.0011766785,-0.013152725,0.04431951,-0.009015227
2019-06-28,EUR,-0.00045154165,-0.017600633,0.0438174,-0.0023032275
2019-07-31,EUR,0.0008300728,-0.020524072,0.0410782,0.003676747
2019-08-30,EUR,0.0022722755,-0.024708962,0.033096813,0.014800467
2019-09-30,EUR,0.0011363892,-0.020605022,0.032017156,0.009463652
2019-10-31,EUR,-0.000507982,-0.016909273,0.03386039,0.002761658
2019-11-29,EUR,-0.0009270606,-0.015867025,0.03335136,0.0014956441
2019-12-31,EUR,-0.0032615315,-0.013889769,0.036254868,-0.0035510974
2020-01-31,EUR,0.0002744283,-0.017288437,0.03134273,0.004972208
2020-02-28,EUR,0.00015837021,-0.01967579,0.027945844,0.010365182
2020-03-31,EUR,-0.0022005464,-0.014564574,0.024602966,0.005071945
2020-04-30,EUR,0.00017253828,-0.014334769,0.01837429,0.009407381
2020-05-29,EUR,0.0009217905,-0.01275551,0.018422848,0.007134825
2020-06-30,EUR,-4.2482578e-05,-0.01721725,0.023269763,0.010061983
2020-07-31,EUR,-0.0007715639,-0.019448051,0.02308945,0.013025704
2020-08-31,EUR,-0.001518426,-0.019967483,0.02809692,0.010377088
2020-09-30,EUR,-0.0014055735,-0.022126347,0.027263928,0.0139861405
2020-10-30,EUR,-0.0011544325,-0.024564683,0.028904779,0.016464584
2020-11-30,EUR,-0.001197991,-0.023609323,0.02893993,0.015029815
2020-12-31,EUR,-0.0015123755,-0.023863662,0.028612174,0.015467271
2021-01-29,EUR,-0.0016424139,-0.02457522,0.033611245,0.013352293
2021-02-26,EUR,-0.0041885586,-0.021517873,0.037529938,0.006150769
2021-03-31,EUR,-0.003565822,-0.022889912,0.04287205,0.0049215923
2021-04-30,EUR,-0.00480213,-0.02216273,0.043978292,0.0029193966
2021-05-31,EUR,-0.004854122,-0.021770393,0.042279303,0.0033922743
2021-06-30,EUR,-0.004978129,-0.021457935,0.040805686,0.0038110001
2021-07-30,EUR,-0.0031059326,-0.022919089,0.036174856,0.009160748
2021-08-31,EUR,-0.0037579779,-0.0223799,0.03677181,0.007872268
2021-09-30,EUR,-0.006954285,-0.020328999,0.039599616,0.0024797719
2021-10-29,EUR,-0.013917232,-0.012733264,0.024230711,-0.000530152
2021-11-30,EUR,-0.010615247,-0.017603915,0.028857857,0.0044350536
2021-12-31,EUR,-0.012718901,-0.015555694,0.033015415,-0.0016711968
2022-01-31,EUR,-0.017018065,-0.008943074,0.025426893,-0.0074676997
2022-02-28,EUR,-0.022371775,-0.0039374563,0.028196532,-0.017346252
2022-03-31,EUR,-0.028907018,0.014413896,0.012205657,-0.035319794
2022-04-29,EUR,-0.032115437,0.03193833,0.0071062646,-0.057256885
2022-05-31,EUR,-0.02731022,0.038274854,0.007473856,-0.06492697
2022-06-30,EUR,-0.026335467,0.05261695,0.0012054009,-0.08006366
2022-07-29,EUR,-0.012255225,0.047675364,-0.0044687334,-0.06548764
2022-08-31,EUR,-0.013612486,0.09086596,-0.039088935,-0.10505816
2022-09-30,EUR,-0.018073207,0.12079318,-0.06096298,-0.13370393
2022-10-31,EUR,-0.011770946,0.1245213,-0.06241096,-0.13629645
2022-11-30,EUR,-0.0014257729,0.12568223,-0.074808255,-0.12750386
2022-12-30,EUR,-0.0038288583,0.14877525,-0.08842926,-0.1519436
2023-01-31,EUR,0.006885629,0.14641228,-0.08989042,-0.14490914
2023-02-28,EUR,0.0059484825,0.16514608,-0.10239508,-0.16397402
2023-03-31,EUR,0.010093275,0.15363707,-0.09345915,-0.15174021
2023-04-28,EUR,0.015361345,0.15861523,-0.09520358,-0.15586686
2023-05-31,EUR,0.018295655,0.16007388,-0.09681128,-0.15628584
2023-06-30,EUR,0.01868762,0.17373556,-0.11619786,-0.16387884
2023-07-31,EUR,0.018547272,0.16862702,-0.10432395,-0.16362812
2023-08-31,EUR,0.019612521,0.16596346,-0.100151435,-0.16202264
2023-09-29,EUR,0.017380405,0.17393251,-0.0974815,-0.17530453
2023-10-31,EUR,0.017736219,0.1660961,-0.086115904,-0.17096794
2023-11-30,EUR,0.021620387,0.15559976,-0.08569131,-0.15551426
2023-12-29,EUR,0.024098858,0.1354403,-0.07369277,-0.13389942
2024-01-31,EUR,0.021953363,0.13724254,-0.07457449,-0.13652039
2024-02-29,EUR,0.020353384,0.15137741,-0.08896022,-0.14821479
2010-01-29,JPY,-0.0026249639,0.004504508,0.05110232,-0.03810554
2010-02-26,JPY,-0.0020762028,0.004238065,0.053353354,-0.03900394
2010-03-31,JPY,-0.003148146,0.004291816,0.056783114,-0.04129762
2010-04-30,JPY,-0.0018061231,0.0038847947,0.054542,-0.039080903
2010-05-31,JPY,-0.0020991713,0.0038402576,0.051854726,-0.037377156
2010-06-30,JPY,-8.1095845e-05,0.002819404,0.045857903,-0.031948835
2010-07-30,JPY,0.0005002248,0.0026883257,0.043687675,-0.030330803
2010-08-31,JPY,0.0013475043,0.0015596618,0.044829957,-0.029300492
2010-09-30,JPY,0.0028897703,0.0009566714,0.046354316,-0.02905282
2010-10-29,JPY,0.003384706,0.0013467575,0.047725923,-0.030368173
2010-11-30,JPY,-0.00033203687,0.0039220876,0.048813604,-0.0353514
2010-12-31,JPY,-0.0006900804,0.0036736343,0.044794545,-0.03261101
2011-01-31,JPY,-0.001428899,0.003988514,0.04748986,-0.034903333
2011-02-28,JPY,-0.002865299,0.004844369,0.047263063,-0.036269058
2011-03-31,JPY,-0.0009279381,0.0027559139,0.050638746,-0.034919336
2011-04-29,JPY,0.00042208986,0.002208197,0.04923869,-0.03312809
2011-05-31,JPY,0.00014788294,0.0023225686,0.04671074,-0.03175521
2011-06-30,JPY,0.00070478243,0.0021822571,0.04671508,-0.03145752
2011-07-29,JPY,0.0018995323,0.0018153745,0.043729495,-0.028828494
2011-08-31,JPY,0.001984526,0.001023573,0.04411578,-0.02791762
2011-09-30,JPY,0.0004899301,0.0013300661,0.041994303,-0.027297447
2011-10-31,JPY,0.001608734,0.0012792131,0.04345895,-0.027930185
2011-11-30,JPY,0.0011806173,0.000745145,0.04344189,-0.027356165
2011-12-30,JPY,0.0023126716,0.0005840053,0.039720252,-0.024582066
2012-01-31,JPY,0.002958606,0.0009736643,0.040663544,-0.025545124
2012-02-29,JPY,0.0033804819,0.000977501,0.04221431,-0.026496671
2012-03-30,JPY,0.002786848,0.0013856906,0.044077445,-0.028333714
2012-04-30,JPY,0.0043670605,0.0008933558,0.041341,-0.02566722
2012-05-31,JPY,0.0038632504,0.000965137,0.036234684,-0.022712221
2012-06-29,JPY,0.004750183,0.00066964194,0.039453298,-0.0241589
2012-07-31,JPY,0.0049112537,0.0003857354,0.038608573,-0.023176026
2012-08-31,JPY,0.004688611,0.0007272197,0.039863855,-0.02441239
2012-09-28,JPY,0.004627233,0.00073574827,0.040635645,-0.024946822
2012-10-31,JPY,0.005569656,0.00038897563,0.04569911,-0.027399385
2012-11-30,JPY,0.007126822,-7.195341e-05,0.046673898,-0.027154554
2012-12-31,JPY,0.0060554906,-0.00016835095,0.05135897,-0.030142462
2013-01-31,JPY,0.00831113,-0.00056688924,0.052238293,-0.029861877
2013-02-28,JPY,0.0064878967,-0.00022606732,0.047001537,-0.027373891
2013-03-29,JPY,0.0062581254,0.00031850647,0.042660017,-0.02562463
2013-04-30,JPY,0.0049053845,0.0016141732,0.042258017,-0.027483098
2013-05-31,JPY,0.0015606979,0.0026834437,0.045118146,-0.031260412
2013-06-28,JPY,0.0025906377,0.0024426505,0.04598407,-0.031273227
2013-07-31,JPY,0.0035066565,0.002035084,0.046154086,-0.030609217
2013-08-30,JPY,0.0040105614,0.0017911314,0.04435723,-0.029104192
2013-09-30,JPY,0.004433764,0.0014378281,0.044047516,-0.028333578
2013-10-31,JPY,0.0058769,0.001011191,0.041074857,-0.02565211
2013-11-29,JPY,0.0058773393,0.00072050747,0.043063972,-0.026511041
2013-12-31,JPY,0.0040930193,0.0013237075,0.046875637,-0.03000108
2014-01-31,JPY,0.005769786,0.0008366346,0.043033242,-0.026585735
2014-02-28,JPY,0.0059933257,0.00050940097,0.043856744,-0.026627818
2014-03-31,JPY,0.0052856617,0.00047568418,0.04533102,-0.027646597
2014-04-30,JPY,0.0059259017,0.00056220853,0.04302707,-0.02627579
2014-05-30,JPY,0.006862696,0.00033783895,0.041635677,-0.024956018
2014-06-30,JPY,0.00787739,4.7055746e-05,0.041494366,-0.024327097
2014-07-31,JPY,0.007957788,-0.00014829385,0.04096552,-0.023701914
2014-08-29,JPY,0.008200358,-6.0386225e-05,0.039251138,-0.022836065
2014-09-30,JPY,0.0076892627,0.00011962475,0.04045053,-0.023894485
2014-10-31,JPY,0.00752755,-0.0004663633,0.03794572,-0.021490652
2014-11-28,JPY,0.0069487453,7.061962e-05,0.03587639,-0.021093976
2014-12-31,JPY,0.005877149,0.00044850903,0.030959027,-0.018830134
2015-01-30,JPY,0.00596468,0.00022877738,0.030610293,-0.01833449
2015-02-27,JPY,0.006797248,0.00023034458,0.03479921,-0.020718303
2015-03-31,JPY,0.004584921,0.0014260241,0.032727536,-0.021611804
2015-04-30,JPY,0.0051604635,0.0007212397,0.033024777,-0.02071177
2015-05-29,JPY,0.005934411,0.00040886845,0.036597393,-0.022214
2015-06-30,JPY,0.0045864694,0.00096481614,0.037253987,-0.023654414
2015-07-31,JPY,0.005934166,0.0006607624,0.036591228,-0.022537714
2015-08-31,JPY,0.0062950673,0.0005415272,0.036669917,-0.022355784
2015-09-30,JPY,0.006306728,8.858311e-06,0.035648596,-0.020939507
2015-10-30,JPY,0.00680777,-9.5861906e-05,0.034484167,-0.019964093
2015-11-30,JPY,0.007057798,-0.0003428314,0.033793893,-0.019160356
2015-12-31,JPY,0.0067677917,0.00019345684,0.031184016,-0.018365774
2016-01-29,JPY,0.005753011,-0.00425439,0.03289274,-0.013116912
2016-02-29,JPY,0.0073309727,-0.013693483,0.03547544,-0.0012603954
2016-03-31,JPY,0.0043219565,-0.0091284085,0.026436754,-0.0024822769
2016-04-29,JPY,0.0034431505,-0.010538512,0.025661424,-0.0003962387
2016-05-31,JPY,0.0037113607,-0.011516383,0.024573242,0.0016512297
2016-06-30,JPY,0.0027250282,-0.012675709,0.01501881,0.009099948
2016-07-29,JPY,0.0034306285,-0.009303443,0.014856027,0.0047015767
2016-08-31,JPY,0.0032722955,-0.009541726,0.019206377,0.002182178
2016-09-30,JPY,0.00494419,-0.009854317,0.019336775,0.002994853
2016-10-31,JPY,0.005453224,-0.0063039395,0.0161481,-8.854402e-05
2016-11-30,JPY,0.004316462,-0.0043094703,0.01604557,-0.003248618
2016-12-30,JPY,0.005555599,-0.0039722086,0.018883768,-0.0052418187
2017-01-31,JPY,0.0043889973,-0.0025733262,0.018994018,-0.007600292
2017-02-28,JPY,0.0042223823,-0.002710078,0.018772112,-0.007221536
2017-03-31,JPY,0.003981666,-0.002594455,0.019276412,-0.007722018
2017-04-28,JPY,0.0043227538,-0.004024571,0.01820937,-0.004981208
2017-05-31,JPY,0.004031834,-0.0034462577,0.01762855,-0.0055737295
2017-06-30,JPY,0.0039976304,-0.0033544565,0.01836138,-0.0061592744
2017-07-31,JPY,0.0040485496,-0.003399325,0.018995482,-0.006538151
2017-08-31,JPY,0.0050886474,-0.0038719408,0.019361459,-0.0058995956
2017-09-29,JPY,0.004376694,-0.0034926382,0.020860435,-0.0075797434
2017-10-31,JPY,0.0043266322,-0.0023360385,0.021086803,-0.009321899
2017-11-30,JPY,0.0041794097,-0.0023617311,0.021189831,-0.009332175
2017-12-29,JPY,0.0040597054,-0.0023811741,0.021023389,-0.009184822
2018-01-31,JPY,0.0034472963,-0.0019859083,0.020992337,-0.009878439
2018-02-28,JPY,0.0032201936,-0.002115282,0.0193226,-0.008676524
2018-03-30,JPY,0.0034503392,-0.0022382713,0.019560374,-0.008615271
2018-04-30,JPY,0.00346399,-0.0022535042,0.020245537,-0.009032585
2018-05-31,JPY,0.0034325998,-0.0025644551,0.020215577,-0.008554333
2018-06-29,JPY,0.0034290464,-0.0027949496,0.020269334,-0.008274491
2018-07-31,JPY,0.0033347444,-0.0029924745,0.022648599,-0.009465614
2018-08-31,JPY,0.0032992563,-0.0025526248,0.023745934,-0.010774003
2018-09-28,JPY,0.003240426,-0.0023778693,0.024564348,-0.011575161
2018-10-31,JPY,0.0038484868,-0.0026244794,0.025407126,-0.011609484
2018-11-30,JPY,0.0047336007,-0.0033971285,0.024394039,-0.009717465
2018-12-31,JPY,0.005046567,-0.004050006,0.022021437,-0.007222679
2019-01-31,JPY,0.0052401894,-0.005116294,0.021491041,-0.005306493
2019-02-28,JPY,0.004912361,-0.0055095386,0.022290643,-0.00520818
2019-03-29,JPY,0.005150207,-0.005751149,0.019418642,-0.0029986373
2019-04-30,JPY,0.004701852,-0.0055651884,0.020207088,-0.00392622
2019-05-31,JPY,0.0049403915,-0.006076463,0.018564614,-0.0020571162
2019-06-28,JPY,0.0045990823,-0.008676653,0.019298574,0.0011068294
2019-07-31,JPY,0.0042131576,-0.008218735,0.01747596,0.0014729918
2019-08-30,JPY,0.0039235624,-0.009385022,0.013213554,0.0057958234
2019-09-30,JPY,0.0043636733,-0.009934724,0.01973757,0.0024923866
2019-10-31,JPY,0.0036182334,-0.007907047,0.016148638,0.001814229
2019-11-29,JPY,0.003429679,-0.0054876134,0.015052535,-0.0010026342
2019-12-31,JPY,0.0023794218,-0.0033444536,0.013484718,-0.0033038715
2020-01-31,JPY,0.0037810495,-0.0050272834,0.0123496335,0.00011591413
2020-02-28,JPY,0.004047525,-0.007778486,0.012607289,0.003958
2020-03-31,JPY,0.0021736566,-0.0039680414,0.010231237,-0.0002727262
2020-04-30,JPY,0.003158581,-0.0060096723,0.012300537,0.001464299
2020-05-29,JPY,0.0029637804,-0.0051749554,0.0120544005,0.0003576815
2020-06-30,JPY,0.0030519813,-0.004406601,0.01247074,-0.0010184327
2020-07-31,JPY,0.003491506,-0.0041507976,0.010616193,-3.728071e-05
2020-08-31,JPY,0.0034511213,-0.0037225198,0.013599612,-0.0026045279
2020-09-30,JPY,0.004259024,-0.0046377326,0.013802541,-0.0012493853
2020-10-30,JPY,0.0039161607,-0.004008976,0.014574913,-0.0027430356
2020-11-30,JPY,0.0037695512,-0.0038432803,0.0132785775,-0.002192687
2020-12-31,JPY,0.0044951923,-0.003924415,0.01481181,-0.0029239855
2021-01-29,JPY,0.0048951367,-0.0044169086,0.017412553,-0.0037589136
2021-02-26,JPY,0.0031965182,-0.003234129,0.019269388,-0.006851767
2021-03-31,JPY,0.0037741864,-0.0030552493,0.017911384,-0.0061498913
2021-04-30,JPY,0.0040696952,-0.0032362498,0.017229564,-0.005480482
2021-05-31,JPY,0.0037805017,-0.003238393,0.016570276,-0.0051887063
2021-06-30,JPY,0.0047380975,-0.0033182148,0.015326057,-0.0041314387
2021-07-30,JPY,0.004792626,-0.0038338332,0.013879055,-0.0025515535
2021-08-31,JPY,0.004732707,-0.0035059336,0.01380304,-0.0029796837
2021-09-30,JPY,0.004324339,-0.0023150556,0.014807436,-0.005362757
2021-10-29,JPY,0.0034964583,-0.0017057022,0.014365745,-0.00610713
2021-11-30,JPY,0.004381553,-0.0029536637,0.014996386,-0.004635324
2021-12-31,JPY,0.004033571,-0.0026065572,0.015948527,-0.005765657
2022-01-31,JPY,0.0026458458,-0.0012451819,0.016883908,-0.008539652
2022-02-28,JPY,0.0031699976,-0.00092236017,0.019999163,-0.010818296
2022-03-31,JPY,0.0019455402,-0.0002526262,0.019233685,-0.011530404
2022-04-29,JPY,0.00024753198,0.0001800468,0.022072436,-0.014252408
2022-05-31,JPY,0.001330096,-0.0004027623,0.024495311,-0.014731119
2022-06-30,JPY,0.001299996,0.0005829426,0.027666116,-0.018112106
2022-07-29,JPY,0.0040747626,-0.0011843521,0.028829843,-0.01570945
2022-08-31,JPY,0.0023839436,0.0006146205,0.027124848,-0.017602708
2022-09-30,JPY,0.00077048404,0.002224202,0.02888225,-0.021313313
2022-10-31,JPY,0.0009522132,0.0016012143,0.03243615,-0.022519182
2022-11-30,JPY,-0.00040495335,0.0030081428,0.031726096,-0.024463464
2022-12-30,JPY,-0.007430281,0.0084972335,0.029067673,-0.031899396
2023-01-31,JPY,-0.0053217313,0.0057492503,0.03470704,-0.03077704
2023-02-28,JPY,-0.006104772,0.0061892476,0.029342193,-0.028146539
2023-03-31,JPY,-0.0025015692,0.00359246,0.027904585,-0.02300069
2023-04-28,JPY,-0.0017405245,0.0017428293,0.02844227,-0.02047715
2023-05-31,JPY,-0.0029476257,0.0013633133,0.03026462,-0.021437464
2023-06-30,JPY,-0.0021721348,0.0007862583,0.0300053,-0.020333
2023-07-31,JPY,-0.005128517,0.0016804019,0.036152896,-0.026100367
2023-08-31,JPY,-0.005077959,0.0031929656,0.03819832,-0.029514484
2023-09-29,JPY,-0.007437688,0.006365455,0.037430037,-0.034051124
2023-10-31,JPY,-0.008672051,0.00945224,0.040773675,-0.040755756
2023-11-30,JPY,-0.0055887247,0.006655469,0.037631012,-0.03417682
2023-12-29,JPY,-0.004332446,0.0057817865,0.036757287,-0.032144405
2024-01-31,JPY,-0.004013546,0.0072412584,0.037837714,-0.03474814
2024-02-29,JPY,-0.0033472842,0.008958479,0.033360828,-0.034275763
2010-01-29,NOK,-0.025235983,0.14573735,-0.026319161,-0.19256637
2010-02-26,NOK,-0.024021601,0.13631797,-0.019068047,-0.18318565
2010-03-31,NOK,-0.023582533,0.13821317,-0.018423518,-0.18600406
2010-04-30,NOK,-0.020598954,0.13806795,-0.019293746,-0.18434624
2010-05-31,NOK,-0.0112301,0.13878448,-0.020619232,-0.18151852
2010-06-30,NOK,-0.0123398565,0.13742642,-0.025972331,-0.17708977
2010-07-30,NOK,-0.01657329,0.1322517,-0.022200745,-0.17402776
2010-08-31,NOK,-0.008837127,0.12773997,-0.02769851,-0.16231683
2010-09-30,NOK,-0.015027319,0.13247265,-0.023779292,-0.17294978
2010-10-29,NOK,-0.018124504,0.124450855,-0.012645377,-0.16944702
2010-11-30,NOK,-0.018087436,0.1258181,-0.0107277315,-0.1721527
2010-12-31,NOK,-0.02197723,0.1349486,-0.013504474,-0.18411316
2011-01-31,NOK,-0.025310779,0.14304405,-0.025950698,-0.18916094
2011-02-28,NOK,-0.024710776,0.14929308,-0.029907951,-0.19521685
2011-03-31,NOK,-0.025691222,0.15370046,-0.032363396,-0.20042379
2011-04-29,NOK,-0.023067186,0.15298787,-0.034520704,-0.19730894
2011-05-31,NOK,-0.016512688,0.15130101,-0.03545431,-0.19251826
2011-06-30,NOK,-0.012968398,0.15511389,-0.037287194,-0.1956159
2011-07-29,NOK,-0.008345052,0.14758292,-0.033083282,-0.18634593
2011-08-31,NOK,-0.0067888442,0.14154644,-0.035381958,-0.17654255
2011-10-31,NOK,-0.003598899,0.13864283,-0.03829883,-0.16865996
2011-11-30,NOK,-0.0042515923,0.13335362,-0.031767767,-0.16496098
2011-12-30,NOK,-0.004279003,0.12599567,-0.031605836,-0.15539034
2012-01-31,NOK,-0.00379245,0.12118978,-0.021346591,-0.15444207
2012-02-29,NOK,-0.004714354,0.12606384,-0.029063946,-0.15725747
2012-03-30,NOK,-0.010183385,0.12219248,-0.023779677,-0.15678851
2012-04-30,NOK,-0.008940452,0.124294676,-0.028859414,-0.15630117
2012-05-31,NOK,-0.0033157703,0.11873211,-0.03441807,-0.14373863
2012-06-29,NOK,-0.005904026,0.11602272,-0.024955748,-0.14624724
2012-07-31,NOK,-0.0053823935,0.102534,-0.015870433,-0.13301858
2012-08-31,NOK,-0.0057037203,0.10302837,-0.014831935,-0.13424818
2012-09-28,NOK,-0.008408837,0.09712787,-0.0063598827,-0.13190012
2012-10-31,NOK,-0.009633706,0.0970018,-0.0050898,-0.13287605
2012-11-30,NOK,-0.00809317,0.09568926,-0.005872081,-0.1300795
2012-12-31,NOK,-0.009737656,0.092884384,-0.0028965417,-0.12864232
2013-01-31,NOK,-0.0151160825,0.100321494,-0.0032905992,-0.14034338
2013-02-28,NOK,-0.012517153,0.094736494,-8.665424e-05,-0.13368234
2013-03-29,NOK,-0.010669232,0.08944481,0.003910817,-0.12817547
2013-04-30,NOK,-0.007649332,0.083544075,0.004336113,-0.11955488
2013-05-31,NOK,-0.011512936,0.08759554,0.0040015597,-0.12598301
2013-06-28,NOK,-0.01674759,0.087904595,0.0056329845,-0.12887557
2013-07-31,NOK,-0.017721353,0.08755327,0.008262243,-0.13004264
2013-08-30,NOK,-0.02006864,0.09402601,0.003577496,-0.13708028
2013-09-30,NOK,-0.018467274,0.09234321,0.0015086998,-0.1330465
2013-10-31,NOK,-0.016531765,0.08892056,0.0032023257,-0.12876803
2013-11-29,NOK,-0.015591695,0.08387257,0.008212565,-0.12419451
2013-12-31,NOK,-0.018922092,0.0851976,0.013492758,-0.13010894
2014-01-31,NOK,-0.015676787,0.081338644,0.010078782,-0.12154759
2014-02-28,NOK,-0.015779845,0.086668044,0.0065231035,-0.12691134
2014-03-31,NOK,-0.014760436,0.08814361,0.0029944791,-0.12669554
2014-04-30,NOK,-0.012768041,0.08880136,0.001712046,-0.12616816
2014-05-30,NOK,-0.008677145,0.08862276,-0.0008101896,-0.12361887
2014-06-30,NOK,-0.006871946,0.08001892,0.0057433452,-0.115162164
2014-07-31,NOK,-0.0066376524,0.07660103,0.0047460515,-0.10987168
2014-08-29,NOK,-0.004219469,0.08273293,-0.0051817345,-0.11199589
2014-09-30,NOK,-0.0046843495,0.07925126,-0.00088998635,-0.10978338
2014-10-31,NOK,-0.0032933468,0.06883297,0.0060319356,-0.099113554
2014-11-28,NOK,-0.0010938207,0.06674201,0.0032166853,-0.093943454
2014-12-31,NOK,-0.0021769346,0.053384025,0.010473111,-0.080290265
2015-01-30,NOK,-0.001830452,0.043899704,0.013679331,-0.06912487
2015-02-27,NOK,-0.0032674954,0.0507911,0.011967338,-0.07785527
2015-03-31,NOK,-0.002840235,0.05428018,0.005660843,-0.07898171
2015-04-30,NOK,-0.0063399463,0.06146484,0.0029156588,-0.08819887
2015-05-29,NOK,-0.0056790677,0.059401836,0.0049390784,-0.08631389
2015-06-30,NOK,-0.0109976055,0.0580601,0.015278971,-0.092103295
2015-07-31,NOK,-0.0077270386,0.052110944,0.014255223,-0.08245719
2015-08-31,NOK,-0.007334607,0.045175757,0.019203985,-0.07573913
2015-09-30,NOK,-0.005672607,0.04326801,0.0209683,-0.07348617
2015-10-30,NOK,-0.0073220795,0.042426635,0.020440621,-0.0725317
2015-11-30,NOK,-0.0046274387,0.041217558,0.019423638,-0.06941474
2015-12-31,NOK,-0.0065793637,0.041714713,0.021091113,-0.07161546
2016-01-29,NOK,-0.0023999363,0.040845305,0.014473548,-0.06530296
2016-02-29,NOK,-0.0006924498,0.03967416,0.013175827,-0.06234037
2016-03-31,NOK,0.0009975723,0.037666377,0.011312015,-0.05805755
2016-04-29,NOK,-0.0023946855,0.04527982,0.010184186,-0.06897696
2016-05-31,NOK,-0.0014370854,0.045807928,0.0070878523,-0.06769277
2016-06-30,NOK,0.0035378137,0.04120786,0.0043375795,-0.058289967
2016-07-29,NOK,0.0038791327,0.0438915,0.00022037244,-0.059524897
2016-08-31,NOK,0.004623963,0.050752603,-0.0076762415,-0.06431121
2016-09-30,NOK,0.0036863573,0.05438275,-0.008196031,-0.06927317
2016-10-31,NOK,-3.4972203e-05,0.053954877,-0.0035484277,-0.07257654
2016-11-30,NOK,-0.0036290484,0.058183856,0.00032659172,-0.08150928
2016-12-30,NOK,-0.003569559,0.05796346,0.0020483062,-0.08209098
2017-01-31,NOK,-0.0072051585,0.056516506,0.0049528494,-0.08298927
2017-02-28,NOK,-0.005337282,0.057057086,0.0015314762,-0.08110346
2017-03-31,NOK,-0.007833519,0.051608067,0.0062064314,-0.077087164
2017-04-28,NOK,-0.007068923,0.052908782,0.0054843165,-0.07824331
2017-05-31,NOK,-0.006276792,0.048985597,0.00753646,-0.07391935
2017-06-30,NOK,-0.010448461,0.04934715,0.009853459,-0.07668621
2017-07-31,NOK,-0.0118568,0.049500633,0.011830388,-0.07839876
2017-08-31,NOK,-0.009748502,0.04652929,0.010990719,-0.07332714
2017-09-29,NOK,-0.011430773,0.046850245,0.013600495,-0.07590052
2017-10-31,NOK,-0.010806653,0.046572093,0.013385175,-0.07512841
2017-11-30,NOK,-0.009341347,0.045003276,0.012602314,-0.072108954
2017-12-29,NOK,-0.011613897,0.04908567,0.010369854,-0.076966904
2018-01-31,NOK,-0.015662713,0.053045806,0.011632191,-0.08442753
2018-02-28,NOK,-0.015217819,0.060467005,0.008182318,-0.092546925
2018-03-30,NOK,-0.0115214735,0.0650925,-0.0015154612,-0.09225275
2018-04-30,NOK,-0.012069743,0.06446886,0.00012393382,-0.09238853
2018-05-31,NOK,-0.011003073,0.0595828,0.0024353084,-0.086639605
2018-06-29,NOK,-0.010389954,0.062773205,-0.0014440636,-0.08861774
2018-07-31,NOK,-0.012481817,0.06615211,-0.002795762,-0.09316685
2018-08-31,NOK,-0.01038055,0.06304076,-0.0019782844,-0.088958986
2018-09-28,NOK,-0.01303627,0.066752784,-0.0022056887,-0.09466246
2018-10-31,NOK,-0.010531354,0.06879349,-0.004161689,-0.09564174
2018-11-30,NOK,-0.008756211,0.066879086,-0.0049629635,-0.09193895
2018-12-31,NOK,-0.0059763687,0.067064986,-0.007424101,-0.08994628
2019-01-31,NOK,-0.004810515,0.06947699,-0.011982803,-0.09022417
2019-02-28,NOK,-0.0053789504,0.06951575,-0.010687471,-0.0912698
2019-03-29,NOK,-0.0016356589,0.07301067,-0.0192085,-0.09007372
2019-04-30,NOK,-0.0022679195,0.07701368,-0.019517953,-0.09557066
2019-05-31,NOK,0.0022581357,0.079183236,-0.026531558,-0.0931714
2019-06-28,NOK,0.0053186337,0.07916684,-0.028602649,-0.09092803
2019-07-31,NOK,0.0065487893,0.08046819,-0.032132246,-0.0902871
2019-08-30,NOK,0.009463891,0.075189,-0.035276487,-0.08020438
2019-09-30,NOK,0.0077938,0.08290274,-0.040991966,-0.08783388
2019-10-31,NOK,0.0061467737,0.086332,-0.04059482,-0.09332418
2019-11-29,NOK,0.0057940385,0.08736319,-0.040724073,-0.094733566
2019-12-31,NOK,0.0026189412,0.08838851,-0.036358263,-0.09955907
2020-01-31,NOK,0.0074379323,0.080368124,-0.036949832,-0.08672955
2020-02-28,NOK,0.0072959093,0.07061706,-0.03122687,-0.076581955
2020-03-31,NOK,0.0019288304,0.034942452,-0.0025597082,-0.045740515
2020-04-30,NOK,3.5721572e-05,0.026405355,0.0019022722,-0.037273813
2020-05-29,NOK,-0.002299676,0.017956177,0.010243534,-0.031178048
2020-06-30,NOK,-0.0039148736,0.021523828,0.008610712,-0.035563346
2020-07-31,NOK,-0.003995766,0.018760772,0.009942842,-0.03266513
2020-08-31,NOK,-0.0085280035,0.020098511,0.015469355,-0.039157175
2020-09-30,NOK,-0.004952004,0.018565234,0.011943667,-0.03388577
2020-10-30,NOK,-0.00490309,0.021540878,0.011055161,-0.037351966
2020-11-30,NOK,-0.0085694175,0.021653619,0.015080303,-0.04089759
2020-12-31,NOK,-0.010233223,0.026155291,0.014874239,-0.047401134
2021-01-29,NOK,-0.0116611635,0.028215805,0.014364375,-0.050547607
2021-02-26,NOK,-0.01911153,0.03306118,0.021555996,-0.06348082
2021-03-31,NOK,-0.020449081,0.03603974,0.01784274,-0.066071115
2021-04-30,NOK,-0.019875465,0.034363437,0.017171908,-0.06313711
2021-05-31,NOK,-0.019767266,0.036775123,0.014220785,-0.064673394
2021-06-30,NOK,-0.017671317,0.041534975,0.0021571256,-0.063773446
2021-07-30,NOK,-0.013411066,0.040891938,-0.0025957904,-0.05875672
2021-08-31,NOK,-0.014751771,0.04593904,-0.009933675,-0.061719704
2021-09-30,NOK,-0.018453408,0.05481989,-0.011980536,-0.07374034
2021-10-29,NOK,-0.016814357,0.06520947,-0.02475499,-0.07985569
2021-11-30,NOK,-0.013098501,0.059543967,-0.024272993,-0.07107038
2021-12-31,NOK,-0.014034127,0.06781523,-0.028573567,-0.08042741
2022-01-31,NOK,-0.013082617,0.0798369,-0.0325417,-0.09475679
2022-02-28,NOK,-0.012774049,0.08378306,-0.03275958,-0.10023924
2022-03-31,NOK,-0.018679159,0.104307115,-0.049395837,-0.12055463
2022-04-29,NOK,-0.02068492,0.106487535,-0.04693549,-0.1253482
2022-05-31,NOK,-0.01867936,0.10760301,-0.04758948,-0.12570424
2022-06-30,NOK,-0.011124486,0.13756204,-0.074185885,-0.1483153
2022-07-29,NOK,0.0011973247,0.13955812,-0.08082197,-0.14283627
2022-08-31,NOK,-0.00056285335,0.17163776,-0.10323572,-0.17458132
2022-09-30,NOK,-0.002282392,0.16196658,-0.09419818,-0.16622739
2022-10-31,NOK,-0.003209486,0.1742912,-0.10670944,-0.17558621
2022-11-30,NOK,0.009141341,0.1757716,-0.11800692,-0.16765758
2022-12-30,NOK,0.0029813934,0.15688622,-0.09123871,-0.159298
2023-01-31,NOK,0.007615495,0.15237603,-0.091637515,-0.15140161
2023-02-28,NOK,0.0010562545,0.17581798,-0.11014647,-0.17504297
2023-03-31,NOK,0.0133097265,0.16622598,-0.1058043,-0.1599152
2023-04-28,NOK,0.012909211,0.17711516,-0.11590084,-0.16896708
2023-05-31,NOK,0.015118774,0.19034097,-0.1259553,-0.18075044
2023-06-30,NOK,0.016341213,0.21776658,-0.1490102,-0.20490462
2023-07-31,NOK,0.016481828,0.22462037,-0.15158276,-0.21273108
2023-08-31,NOK,0.017142298,0.22225192,-0.15029837,-0.20995812
2023-09-29,NOK,0.013735079,0.22028825,-0.14069706,-0.21420363
2023-10-31,NOK,0.012550429,0.21846507,-0.13601525,-0.2143379
2023-11-30,NOK,0.019594641,0.1997611,-0.12822282,-0.19085582
2023-12-29,NOK,0.024540672,0.18646851,-0.11839176,-0.1770706
2024-01-31,NOK,0.020748029,0.19340575,-0.120704934,-0.18656166
2024-02-29,NOK,0.015221321,0.20693113,-0.13142434,-0.20078513
2010-01-29,SEK,-0.0435745,0.06159616,0.04227167,-0.123078585
2010-02-26,SEK,-0.040590305,0.06265073,0.0378126,-0.1209569
2010-03-31,SEK,-0.035725925,0.06463742,0.03353286,-0.119825296
2010-04-30,SEK,-0.032220744,0.061996482,0.03172836,-0.114114314
2010-05-31,SEK,-0.024779046,0.062395494,0.028709268,-0.11060532
2010-06-30,SEK,-0.02288638,0.070111714,0.021002112,-0.11671598
2010-07-30,SEK,-0.02200722,0.07487929,0.018192919,-0.121018104
2010-08-31,SEK,-0.010731031,0.071294054,0.0039351303,-0.10461904
2010-09-30,SEK,-0.013025109,0.08459649,-0.00101269,-0.12037839
2010-10-29,SEK,-0.016105419,0.09042054,-0.0017946273,-0.12794508
2010-11-30,SEK,-0.017276932,0.097877145,-0.005953302,-0.13638647
2010-12-31,SEK,-0.018658191,0.11145872,-0.011591395,-0.15214005
2011-01-31,SEK,-0.017836975,0.12416854,-0.02591807,-0.16149123
2011-02-28,SEK,-0.015164944,0.13415092,-0.03926307,-0.16627806
2011-03-31,SEK,-0.014698586,0.13826635,-0.043312453,-0.16949318
2011-04-29,SEK,-0.012607671,0.13903642,-0.043684654,-0.16956764
2011-05-31,SEK,-0.008903258,0.13354799,-0.042962715,-0.16134635
2011-06-30,SEK,-0.0077485135,0.13008128,-0.039501432,-0.1580503
2011-07-29,SEK,-0.0010565954,0.123337686,-0.042279493,-0.14522041
2011-08-31,SEK,-0.0017981326,0.10505279,-0.03136031,-0.12556122
2011-09-30,SEK,-0.0026166486,0.09160578,-0.02835665,-0.10934683
2011-10-31,SEK,-0.0009841026,0.10210117,-0.038126294,-0.117387414
2011-11-30,SEK,-0.00057521905,0.0866617,-0.026651494,-0.10211004
2011-12-30,SEK,0.0022866337,0.08756211,-0.027634641,-0.1024136
2012-01-31,SEK,0.00089046755,0.08575126,-0.02354947,-0.10267153
2012-02-29,SEK,-0.0035365045,0.08988063,-0.020480284,-0.11167676
2012-03-30,SEK,-0.0048403274,0.09547005,-0.026087217,-0.11665263
2012-04-30,SEK,-0.0037558754,0.09117761,-0.026682068,-0.11008745
2012-05-31,SEK,0.0005805402,0.08170094,-0.029157246,-0.09420796
2012-06-29,SEK,-0.0030750334,0.086069226,-0.023921484,-0.10446117
2012-07-31,SEK,-0.00020792226,0.08315871,-0.022857593,-0.100408114
2012-08-31,SEK,-0.0028715772,0.07641183,-0.01643143,-0.09563883
2012-09-28,SEK,-0.0043593235,0.06426759,-0.0033140546,-0.08722684
2012-10-31,SEK,-0.0045196353,0.06117062,0.0015743037,-0.08628253
2012-11-30,SEK,-0.0046228366,0.058230076,0.007142264,-0.08551049
2012-12-31,SEK,-0.005965963,0.054520883,0.010768924,-0.082999595
2013-01-31,SEK,-0.013688915,0.059625078,0.015874779,-0.095449515
2013-02-28,SEK,-0.00993577,0.059937105,0.016732946,-0.095641725
2013-03-29,SEK,-0.007314571,0.061671425,0.012811103,-0.09516592
2013-04-30,SEK,-0.005019612,0.05440534,0.015000848,-0.085755184
2013-05-31,SEK,-0.0095703015,0.05800463,0.019732438,-0.09482583
2013-06-28,SEK,-0.018164022,0.06645045,0.015352129,-0.10592759
2013-07-31,SEK,-0.016710069,0.063488156,0.018292176,-0.10313312
2013-08-30,SEK,-0.020402802,0.07208217,0.01252517,-0.11269489
2013-09-30,SEK,-0.019888027,0.06771668,0.015670903,-0.108246036
2013-10-31,SEK,-0.0175201,0.06371841,0.017289931,-0.10299462
2013-11-29,SEK,-0.018062983,0.05657915,0.026298739,-0.098606095
2013-12-31,SEK,-0.025406608,0.05544743,0.034267828,-0.10379939
2014-01-31,SEK,-0.020778626,0.052627772,0.029718049,-0.095948406
2014-02-28,SEK,-0.020609356,0.050409835,0.0319997,-0.094204515
2014-03-31,SEK,-0.019371912,0.047285195,0.0332144,-0.090237185
2014-04-30,SEK,-0.016754802,0.04211601,0.03685848,-0.08446181
2014-05-30,SEK,-0.013524676,0.038964167,0.03746061,-0.07979948
2014-06-30,SEK,-0.012824541,0.034413584,0.041031264,-0.07556691
2014-07-31,SEK,-0.013372854,0.026918009,0.04564272,-0.06827749
2014-08-29,SEK,-0.010208589,0.023657238,0.040441845,-0.05969409
2014-09-30,SEK,-0.010980848,0.023408195,0.045495667,-0.062721595
2014-10-31,SEK,-0.008902516,0.013584425,0.049929153,-0.051270116
2014-11-28,SEK,-0.0058263647,0.012468414,0.048510373,-0.048122074
2014-12-31,SEK,-0.005838932,0.011291997,0.045971498,-0.045122273
2015-01-30,SEK,-0.005227579,0.003668786,0.043833494,-0.033193804
2015-02-27,SEK,-0.008290829,0.004904412,0.047541615,-0.03793271
2015-03-31,SEK,-0.009749511,-0.0026816393,0.047939688,-0.0279092
2015-04-30,SEK,-0.012038197,-0.004773793,0.05340519,-0.029047236
2015-05-29,SEK,-0.01468173,-0.0062935883,0.064431936,-0.034204382
2015-06-30,SEK,-0.020143967,-0.0030865609,0.072428234,-0.0447461
2015-07-31,SEK,-0.016010653,-0.0070909425,0.07129013,-0.03738516
2015-08-31,SEK,-0.01662171,-0.009664275,0.072990514,-0.03514828
2015-09-30,SEK,-0.015443483,-0.00880876,0.075308576,-0.03743528
2015-10-30,SEK,-0.014070755,-0.010912975,0.079664536,-0.03680314
2015-11-30,SEK,-0.014459879,-0.013843209,0.085512236,-0.036629125
2015-12-31,SEK,-0.01942208,-0.0067573637,0.08325439,-0.0463015
2016-01-29,SEK,-0.0141692655,-0.013891436,0.08071596,-0.03344379
2016-02-29,SEK,-0.013403581,-0.019989032,0.0820715,-0.025565159
2016-03-31,SEK,-0.013132645,-0.016820006,0.08099656,-0.029332606
2016-04-29,SEK,-0.013998642,-0.014678566,0.08109082,-0.03286411
2016-05-31,SEK,-0.012374207,-0.01660553,0.07925767,-0.028695341
2016-06-30,SEK,-0.0082011195,-0.02161574,0.07234545,-0.01637835
2016-07-29,SEK,-0.0072580925,-0.023165565,0.07145255,-0.013481992
2016-08-31,SEK,-0.006622802,-0.022705605,0.06985724,-0.013015175
2016-09-30,SEK,-0.0056915446,-0.021544768,0.070270285,-0.014674552
2016-10-31,SEK,-0.008046616,-0.022727506,0.07701094,-0.017554786
2016-11-30,SEK,-0.012715776,-0.020673841,0.08222914,-0.024793833
2016-12-30,SEK,-0.013076597,-0.01734787,0.08020521,-0.028279796
2017-01-31,SEK,-0.016435688,-0.014633909,0.081880696,-0.03396118
2017-02-28,SEK,-0.011958408,-0.016598815,0.07863018,-0.028163627
2017-03-31,SEK,-0.013980017,-0.014306351,0.07486173,-0.029536659
2017-04-28,SEK,-0.014303645,-0.015191142,0.07446049,-0.028061947
2017-05-31,SEK,-0.013337557,-0.016930448,0.07467965,-0.025540628
2017-06-30,SEK,-0.017515434,-0.013529223,0.07646375,-0.032430004
2017-07-31,SEK,-0.017753232,-0.012345027,0.07648779,-0.03404522
2017-08-31,SEK,-0.015407883,-0.012740941,0.072128266,-0.030404486
2017-09-29,SEK,-0.017113177,-0.011371777,0.07369715,-0.0337074
2017-10-31,SEK,-0.015566567,-0.013492647,0.07344285,-0.030115485
2017-11-30,SEK,-0.015664993,-0.013598571,0.072025284,-0.02915319
2017-12-29,SEK,-0.017158257,-0.009258298,0.06863008,-0.033362113
2018-01-31,SEK,-0.02146646,-0.006740505,0.06838292,-0.037882186
2018-02-28,SEK,-0.019966817,-0.010204352,0.07093419,-0.03415109
2018-03-30,SEK,-0.017766438,-0.008871674,0.06524472,-0.03197587
2018-04-30,SEK,-0.018936627,-0.009086435,0.06623776,-0.032493744
2018-05-31,SEK,-0.016676197,-0.0094180945,0.06393142,-0.03008195
2018-06-29,SEK,-0.015456982,-0.008897785,0.0630887,-0.02984436
2018-07-31,SEK,-0.017191937,-0.0064281956,0.062230498,-0.033330783
2018-08-31,SEK,-0.01559102,-0.0076164827,0.06138734,-0.030806636
2018-09-28,SEK,-0.018177874,-0.0034915018,0.05855419,-0.0355573
2018-10-31,SEK,-0.017228192,-0.0025980878,0.057291787,-0.035733536
2018-11-30,SEK,-0.014504749,-0.0032926349,0.055162482,-0.032651305
2018-12-31,SEK,-0.0119143585,0.0006979141,0.050297342,-0.03450103
2019-01-31,SEK,-0.009504545,0.00084252935,0.046324834,-0.031658597
2019-02-28,SEK,-0.0090592755,0.002583906,0.04495865,-0.033164423
2019-03-29,SEK,-0.005724518,0.0025847673,0.039185617,-0.028861966
2019-04-30,SEK,-0.00646469,0.00042863475,0.04228617,-0.02790968
2019-05-31,SEK,-0.00345459,0.00022522996,0.03762867,-0.023929887
2019-06-28,SEK,-0.0017393994,-0.0044470225,0.03938574,-0.018086214
2019-07-31,SEK,0.00041494385,-0.0074917087,0.037999865,-0.012502463
2019-08-30,SEK,0.0025958947,-0.0085020065,0.02826847,-0.0045979735
2019-09-30,SEK,0.00086208584,-0.00474542,0.025926117,-0.008901626
2019-10-31,SEK,1.0884988e-05,0.004919731,0.018764675,-0.018104305
2019-11-29,SEK,-0.0019482739,0.0081472015,0.018081034,-0.02268655
2019-12-31,SEK,-0.0035999909,0.009257342,0.020148179,-0.025815096
2020-01-31,SEK,0.00062876794,0.007148977,0.015213872,-0.018837882
2020-02-28,SEK,0.00091441604,0.0024705573,0.014220611,-0.011617915
2020-03-31,SEK,-0.0014517423,0.0064082686,0.011235151,-0.015533399
2020-04-30,SEK,-0.0010807358,0.004063883,0.012004169,-0.012414122
2020-05-29,SEK,-0.0018620052,0.0037191391,0.0142681785,-0.013750418
2020-06-30,SEK,-0.002251139,-0.00023362624,0.017325524,-0.010359029
2020-07-31,SEK,-0.0029145891,0.00028316112,0.016302597,-0.01066182
2020-08-31,SEK,-0.0036919515,-0.0012586152,0.022868698,-0.012762356
2020-09-30,SEK,-0.0024944192,-0.0022133666,0.02023129,-0.009493169
2020-10-30,SEK,-0.0025391914,-0.0028778745,0.020791505,-0.008926668
2020-11-30,SEK,-0.0029626323,-0.0020958702,0.022127375,-0.011035134
2020-12-31,SEK,-0.0036471626,-0.001207501,0.022154376,-0.012415782
2021-01-29,SEK,-0.0037386906,-0.0025805067,0.02699383,-0.013455988
2021-02-26,SEK,-0.009203029,0.0008292632,0.035596862,-0.024779873
2021-03-31,SEK,-0.007349646,0.00011226611,0.03704606,-0.024212329
2021-04-30,SEK,-0.008092199,0.00025547246,0.037771765,-0.025050985
2021-05-31,SEK,-0.008032133,0.001054716,0.038712457,-0.026819203
2021-06-30,SEK,-0.007997392,0.0019006551,0.03317966,-0.02461313
2021-07-30,SEK,-0.004705529,0.00014773045,0.028621947,-0.018551117
2021-08-31,SEK,-0.006080563,0.001882479,0.027283214,-0.020588638
2021-09-30,SEK,-0.010907884,0.0044739787,0.03236795,-0.028440142
2021-10-29,SEK,-0.016813908,0.0139529575,0.017281039,-0.034080647
2021-11-30,SEK,-0.013093014,0.0074393777,0.021847386,-0.026752986
2021-12-31,SEK,-0.014327803,0.011032569,0.022048157,-0.03231944
2022-01-31,SEK,-0.020240756,0.015410329,0.018219894,-0.037733916
2022-02-28,SEK,-0.024512954,0.021151569,0.0164261,-0.046095096
2022-03-31,SEK,-0.028195275,0.049928587,-0.008656929,-0.07227239
2022-04-29,SEK,-0.025418026,0.07155256,-0.020076975,-0.09473415
2022-05-31,SEK,-0.02342049,0.081044614,-0.02380168,-0.104841374
2022-06-30,SEK,-0.017667498,0.102242656,-0.042372648,-0.12138262
2022-07-29,SEK,-0.001989502,0.10147418,-0.050153356,-0.110739276
2022-08-31,SEK,-0.006745408,0.12742041,-0.07095591,-0.135697
2022-09-30,SEK,-0.009780687,0.13958785,-0.07831086,-0.14832914
2022-10-31,SEK,-0.0053828335,0.1389488,-0.07779106,-0.1462612
2022-11-30,SEK,0.005826629,0.13970886,-0.08850271,-0.13794853
2022-12-30,SEK,0.0040283,0.15434803,-0.09302089,-0.15574755
2023-01-31,SEK,0.011526127,0.14038995,-0.08461423,-0.13904977
2023-02-28,SEK,0.011123624,0.17021929,-0.103570044,-0.16956903
2023-03-31,SEK,0.017603053,0.15878916,-0.10080127,-0.15283239
2023-04-28,SEK,0.020564483,0.15934597,-0.100338265,-0.15288432
2023-05-31,SEK,0.020644804,0.16478555,-0.10379059,-0.15830459
2023-06-30,SEK,0.020324813,0.18009634,-0.121772625,-0.16911532
2023-07-31,SEK,0.020730298,0.1752621,-0.11418003,-0.16646668
2023-08-31,SEK,0.019624604,0.1783713,-0.11426386,-0.17109409
2023-09-29,SEK,0.016885035,0.18151155,-0.1082398,-0.17974325
2023-10-31,SEK,0.01949177,0.17678721,-0.1018741,-0.17603788
2023-11-30,SEK,0.024318589,0.16177046,-0.0962967,-0.15716428
2023-12-29,SEK,0.027416551,0.1391036,-0.084766366,-0.131524
2024-01-31,SEK,0.024691788,0.1425474,-0.08232067,-0.13861811
2024-02-29,SEK,0.021721791,0.15596719,-0.09231745,-0.15246911
2011-05-31,GBP,-0.029355643,0.06621082,0.043037295,-0.12496505
2011-06-30,GBP,-0.030009875,0.06341705,0.051941436,-0.12633367
2011-07-29,GBP,-0.019079743,0.057226688,0.05236008,-0.11540564
2011-08-31,GBP,-0.012555421,0.05615735,0.050442994,-0.11111916
2011-09-30,GBP,-0.0074438555,0.056571834,0.037466086,-0.10285016
2011-10-31,GBP,-0.009616396,0.05818921,0.03609248,-0.10443994
2011-11-30,GBP,-0.0068552536,0.061191317,0.023823768,-0.10068563
2011-12-30,GBP,0.00031340445,0.058363833,0.025150325,-0.09603813
2012-01-31,GBP,-0.0002062163,0.05439364,0.029245835,-0.09269168
2012-02-29,GBP,-0.0018550124,0.05504989,0.033981733,-0.09701708
2012-03-30,GBP,-0.0031187907,0.05475299,0.037525475,-0.09905334
2012-04-30,GBP,-0.0026475864,0.059265446,0.0307496,-0.10143182
2012-05-31,GBP,0.0038824629,0.05266185,0.027744533,-0.08882783
2012-06-29,GBP,0.0010880657,0.043536436,0.04230585,-0.085644424
2012-07-31,GBP,0.0032505228,0.035044782,0.049923226,-0.07773704
2012-08-31,GBP,0.0022159177,0.033435874,0.05072142,-0.076626
2012-09-28,GBP,0.0015868302,0.030722912,0.05566907,-0.076186866
2012-10-31,GBP,-0.0018459641,0.029187948,0.058035024,-0.07639236
2012-11-30,GBP,-0.0013462317,0.030308554,0.05385849,-0.07535606
2012-12-31,GBP,-0.0006574453,0.028621247,0.057811674,-0.0753814
2013-01-31,GBP,-0.0047810245,0.031010427,0.06129214,-0.081766814
2013-02-28,GBP,-0.003812765,0.02521475,0.06724102,-0.07696261
2013-03-29,GBP,-0.0012165725,0.025351891,0.06339853,-0.07418943
2013-04-30,GBP,-0.00062343874,0.023995915,0.062431037,-0.07158393
2013-05-31,GBP,-0.0066902423,0.02836896,0.062977605,-0.07949199
2013-06-28,GBP,-0.016573252,0.034338295,0.06268981,-0.089723796
2013-07-31,GBP,-0.014411936,0.029954592,0.0682139,-0.08635436
2013-08-30,GBP,-0.022575414,0.036352854,0.06118409,-0.092898116
2013-09-30,GBP,-0.022847712,0.036559224,0.05989864,-0.09252119
2013-10-31,GBP,-0.021587204,0.03514889,0.059558015,-0.08988182
2013-11-29,GBP,-0.024298381,0.036443874,0.06092187,-0.093100995
2013-12-31,GBP,-0.032359727,0.04463622,0.052562278,-0.10153696
2014-01-31,GBP,-0.027748968,0.04161163,0.051143445,-0.09556739
2014-02-28,GBP,-0.028115522,0.04195552,0.05117535,-0.09617281
2014-03-31,GBP,-0.029429961,0.04452876,0.046983,-0.09769559
2014-04-30,GBP,-0.027660113,0.04560575,0.044502478,-0.097424984
2014-05-30,GBP,-0.025778357,0.045695927,0.042226378,-0.09591122
2014-06-30,GBP,-0.026894478,0.05430308,0.032961875,-0.10269478
2014-07-31,GBP,-0.026982881,0.05538464,0.02716599,-0.1006047
2014-08-29,GBP,-0.022515675,0.050239492,0.023976209,-0.0902551
2014-09-30,GBP,-0.023417847,0.051771775,0.024965778,-0.09331164
2014-10-31,GBP,-0.020201204,0.045758888,0.029110232,-0.08651845
2014-11-28,GBP,-0.014786085,0.039755315,0.027051792,-0.07538192
2014-12-31,GBP,-0.013573177,0.039544728,0.021178572,-0.07126537
2015-01-30,GBP,-0.008075153,0.03606627,0.010661523,-0.058685128
2015-02-27,GBP,-0.01583928,0.041917082,0.01618735,-0.072255194
2015-03-31,GBP,-0.012351178,0.037912756,0.015065577,-0.064984
2015-04-30,GBP,-0.015042673,0.042284988,0.01631986,-0.072536886
2015-05-29,GBP,-0.015522708,0.041482855,0.017322464,-0.071976446
2015-06-30,GBP,-0.019673012,0.046573192,0.016254593,-0.07940336
2015-07-31,GBP,-0.01870814,0.046710126,0.011883184,-0.07670445
2015-08-31,GBP,-0.017764473,0.044793304,0.015062466,-0.07560857
2015-09-30,GBP,-0.013707031,0.040742073,0.015893122,-0.069451526
2015-10-30,GBP,-0.015457906,0.04225328,0.01673954,-0.072391346
2015-11-30,GBP,-0.014447594,0.04056137,0.014964697,-0.068642646
2015-12-31,GBP,-0.017284747,0.046074096,0.012270092,-0.07557116
2016-01-29,GBP,-0.010184068,0.034747817,0.016167894,-0.060076006
2016-02-29,GBP,-0.0025216,0.0316872,0.012160353,-0.05145808
2016-03-31,GBP,-0.005691576,0.034649394,0.012616386,-0.056644663
2016-04-29,GBP,-0.008065477,0.03741253,0.01255899,-0.061210882
2016-05-31,GBP,-0.008037998,0.036020998,0.011331033,-0.05842645
2016-06-30,GBP,-7.0205475e-05,0.022852192,0.013861988,-0.03942589
2016-07-29,GBP,0.00012936456,0.021384371,0.009162955,-0.034744754
2016-08-31,GBP,-7.223171e-05,0.019425806,0.0063331304,-0.030274225
2016-09-30,GBP,0.0005976993,0.019830089,0.010814431,-0.03337373
2016-10-31,GBP,-0.0057044094,0.0270641,0.013291421,-0.04660643
2016-11-30,GBP,-0.00884648,0.028623804,0.016763614,-0.051621355
2016-12-30,GBP,-0.0071271206,0.026688036,0.014455851,-0.047133595
2017-01-31,GBP,-0.010170411,0.029781234,0.017237397,-0.054006748
2017-02-28,GBP,-0.0051278058,0.024696788,0.016121792,-0.044877786
2017-03-31,GBP,-0.006605027,0.02635347,0.014170411,-0.04651278
2017-04-28,GBP,-0.006178053,0.024189701,0.016088748,-0.044507876
2017-05-31,GBP,-0.0063386117,0.022484139,0.018048756,-0.043428753
2017-06-30,GBP,-0.009063191,0.028745975,0.01651888,-0.052053574
2017-07-31,GBP,-0.008246575,0.025362791,0.020017184,-0.049275264
2017-08-31,GBP,-0.0061378134,0.022617875,0.01816543,-0.043833405
2017-09-29,GBP,-0.009431121,0.033553768,0.011586008,-0.055981606
2017-10-31,GBP,-0.008328212,0.03518129,0.0076411157,-0.05560422
2017-11-30,GBP,-0.009364082,0.036189366,0.0060990616,-0.056295764
2017-12-29,GBP,-0.007863521,0.03336047,0.005283749,-0.05136316
2018-01-31,GBP,-0.013512865,0.03988691,0.0052182293,-0.061927136
2018-02-28,GBP,-0.012232687,0.043688264,-0.00045037683,-0.06338581
2018-03-30,GBP,-0.009122164,0.047547568,-0.009497565,-0.062451612
2018-04-30,GBP,-0.009864765,0.045322087,-0.0025751707,-0.063749485
2018-05-31,GBP,-0.009287474,0.04034581,0.0011787905,-0.058917504
2018-06-29,GBP,-0.009160501,0.043885473,-0.0015698905,-0.06215111
2018-07-31,GBP,-0.008580683,0.048395287,-0.0049624084,-0.06620292
2018-08-31,GBP,-0.007919842,0.04766436,-0.0053670327,-0.06478062
2018-09-28,GBP,-0.009616379,0.049567137,-0.004446874,-0.06843128
2018-10-31,GBP,-0.007899979,0.048923653,-0.004664598,-0.06694855
2018-11-30,GBP,-0.004529399,0.05008498,-0.00414326,-0.06829664
2018-12-31,GBP,-0.003587842,0.050339326,-0.01127841,-0.06380769
2019-01-31,GBP,-0.003168748,0.047964953,-0.008046778,-0.062318377
2019-02-28,GBP,-0.0047540814,0.048546556,-0.0059724078,-0.06479278
2019-03-29,GBP,-0.00079384894,0.042115852,-0.006500435,-0.0543954
2019-04-30,GBP,-0.003078841,0.045893066,-0.0072124773,-0.059895046
2019-05-31,GBP,0.00014437655,0.039091226,-0.005477039,-0.050658382
2019-06-28,GBP,0.0010010478,0.037240263,-0.004597927,-0.04840923
2019-07-31,GBP,0.0035797837,0.030480696,-0.0013267779,-0.04028401
2019-08-30,GBP,0.003686942,0.029985186,-0.013139892,-0.032430917
2019-09-30,GBP,0.004301636,0.03033479,-0.012209218,-0.033223785
2019-10-31,GBP,0.0028714396,0.03455276,-0.01091515,-0.0402606
2019-11-29,GBP,0.0007907171,0.035356324,-0.009194984,-0.04298449
2019-12-31,GBP,-0.0004501671,0.036337085,-0.0069380165,-0.04591961
2020-01-31,GBP,0.0027430896,0.030642472,-0.008845727,-0.03608866
2020-02-28,GBP,0.0021170909,0.02591313,-0.0068595153,-0.030916214
2020-03-31,GBP,0.0013684409,0.023880966,-0.0072991876,-0.027785888
2020-04-30,GBP,0.001371481,0.021083793,-0.009163128,-0.022645859
2020-05-29,GBP,3.8618728e-05,0.012764739,-0.00047325608,-0.016936919
2020-06-30,GBP,-0.000108201195,0.009315645,0.0040087,-0.014974843
2020-07-31,GBP,-0.000122932,0.0051002614,0.008179296,-0.011848303
2020-08-31,GBP,-0.001970185,0.004811667,0.015585258,-0.016471663
2020-09-30,GBP,-0.0023275167,0.0033653793,0.014431794,-0.013871715
2020-10-30,GBP,-0.0035985901,0.002538695,0.016938118,-0.0146320565
2020-11-30,GBP,-0.004294406,0.0034812742,0.017128278,-0.016225357
2020-12-31,GBP,-0.0039365296,0.0012860507,0.016588986,-0.012755089
2021-01-29,GBP,-0.00589595,0.0028491623,0.019463386,-0.017317379
2021-02-26,GBP,-0.01301623,0.010038517,0.024306513,-0.031908367
2021-03-31,GBP,-0.013403725,0.0113277,0.025015017,-0.03418744
2021-04-30,GBP,-0.014237919,0.012318792,0.023055661,-0.03462498
2021-05-31,GBP,-0.013075834,0.011901453,0.022541208,-0.033476535
2021-06-30,GBP,-0.013191346,0.013164297,0.016883526,-0.032142486
2021-07-30,GBP,-0.0097085005,0.01678643,0.007218986,-0.030205185
2021-08-31,GBP,-0.010134026,0.018890848,0.00674515,-0.03301997
2021-09-30,GBP,-0.01244917,0.028187716,0.0040851007,-0.04505311
2021-10-29,GBP,-0.010128081,0.049029227,-0.026645599,-0.05492838
2021-11-30,GBP,-0.01202332,0.04165039,-0.024842845,-0.046519086
2010-01-29,USD,-0.047749393,0.04412438,0.07841692,-0.12117717
2010-02-26,USD,-0.047094163,0.042673055,0.08144615,-0.12080994
2010-03-31,USD,-0.04807636,0.04768815,0.078112274,-0.12613557
2010-04-30,USD,-0.0431684,0.04911904,0.07048961,-0.122060075
2010-05-31,USD,-0.03328945,0.05251654,0.06016588,-0.11775719
2010-06-30,USD,-0.027559657,0.042438246,0.063036285,-0.1037948
2010-07-30,USD,-0.026548317,0.031122888,0.07689436,-0.096393764
2010-08-31,USD,-0.023572115,0.02769829,0.06345472,-0.08277347
2010-09-30,USD,-0.022612397,0.02538502,0.073019266,-0.08510795
2010-10-29,USD,-0.020294538,0.021282252,0.08768359,-0.08762005
2010-11-30,USD,-0.023833448,0.03232194,0.07991867,-0.0991519
2010-12-31,USD,-0.038163133,0.034309816,0.08484469,-0.10834769
2011-01-31,USD,-0.037653882,0.0337401,0.09155805,-0.11162567
2011-02-28,USD,-0.04261511,0.036530748,0.08600942,-0.1136604
2011-03-31,USD,-0.04385623,0.04088048,0.08009873,-0.116623476
2011-04-29,USD,-0.038360167,0.032438003,0.08797867,-0.10796602
2011-05-31,USD,-0.033761658,0.028260391,0.0882237,-0.10101158
2011-06-30,USD,-0.035797253,0.030230362,0.088864,-0.10457558
2011-07-29,USD,-0.024180666,0.025953332,0.087959245,-0.094974615
2011-08-31,USD,-0.014860216,0.02249711,0.07566733,-0.080336615
2011-09-30,USD,-0.014433798,0.026420483,0.053758163,-0.07230053
2011-10-31,USD,-0.015239697,0.025890717,0.06155241,-0.07642352
2011-11-30,USD,-0.014862921,0.030185508,0.051083025,-0.07593787
2011-12-30,USD,-0.010025336,0.03194651,0.044885896,-0.073639184
2012-01-31,USD,-0.008102106,0.022281358,0.057124376,-0.06725875
2012-02-29,USD,-0.011289036,0.023732653,0.059301224,-0.071449056
2012-03-30,USD,-0.014867055,0.025376143,0.06513947,-0.078111485
2012-04-30,USD,-0.010020486,0.023664717,0.060667515,-0.07185745
2012-05-31,USD,-0.006637176,0.02614233,0.044053905,-0.06448155
2012-06-29,USD,-0.0067919833,0.023106512,0.051194414,-0.06467432
2012-07-31,USD,-0.0051583173,0.017310778,0.052646983,-0.057119258
2012-08-31,USD,-0.0048926477,0.016524807,0.0581024,-0.05931095
2012-09-28,USD,-0.0051904977,0.014764274,0.06415544,-0.06064526
2012-10-31,USD,-0.0070174225,0.015505103,0.063127555,-0.06150739
2012-11-30,USD,-0.004847442,0.014604999,0.06339614,-0.059945304
2012-12-31,USD,-0.0063759736,0.015298073,0.06888858,-0.064739265
2013-01-31,USD,-0.011158403,0.01753195,0.072770074,-0.07124442
2013-02-28,USD,-0.008961158,0.015349943,0.07377464,-0.06826867
2013-03-29,USD,-0.008961969,0.016804254,0.073660485,-0.070171505
2013-04-30,USD,-0.0076207235,0.01378736,0.0714624,-0.06437634
2013-05-31,USD,-0.01605688,0.019053556,0.07730286,-0.07723257
2013-06-28,USD,-0.02577378,0.023202535,0.0798997,-0.08652474
2013-07-31,USD,-0.025345603,0.021533653,0.087029204,-0.08850661
2013-08-30,USD,-0.032056894,0.025604982,0.084364,-0.094266444
2013-09-30,USD,-0.024917178,0.020715473,0.08885587,-0.08848297
2013-10-31,USD,-0.023660064,0.018975414,0.08933493,-0.08607134
2013-11-29,USD,-0.024865508,0.017484965,0.096151076,-0.08829744
2013-12-31,USD,-0.031857092,0.022927446,0.09468797,-0.09664951
2014-01-31,USD,-0.028043104,0.021001633,0.08626971,-0.08807384
2014-02-28,USD,-0.028221888,0.02046148,0.085972965,-0.0872171
2014-03-31,USD,-0.03338553,0.024239289,0.07923514,-0.089813314
2014-04-30,USD,-0.032383192,0.02361558,0.076839924,-0.08730532
2014-05-30,USD,-0.02868255,0.022419149,0.07409014,-0.08313528
2014-06-30,USD,-0.030059153,0.02474097,0.071406044,-0.085227944
2014-07-31,USD,-0.033483278,0.030132564,0.06281586,-0.08858042
2014-08-29,USD,-0.030799467,0.029274875,0.056516007,-0.08298506
2014-09-30,USD,-0.033888776,0.03280336,0.05504032,-0.08800238
2014-10-31,USD,-0.030439278,0.028784934,0.05647033,-0.08228597
2014-11-28,USD,-0.02687531,0.027744314,0.05238799,-0.07751298
2014-12-31,USD,-0.028476428,0.03514204,0.03707649,-0.079196945
2015-01-30,USD,-0.019620398,0.02780779,0.030599859,-0.06256122
2015-02-27,USD,-0.02516706,0.034845907,0.031556495,-0.074445665
2015-03-31,USD,-0.02282216,0.03252242,0.03207983,-0.070831
2015-04-30,USD,-0.023546295,0.03314426,0.035557896,-0.07399001
2015-05-29,USD,-0.024252767,0.03408456,0.038183983,-0.07711008
2015-06-30,USD,-0.027163329,0.036326975,0.04440442,-0.08470053
2015-07-31,USD,-0.023687126,0.03611078,0.037966784,-0.079602666
2015-08-31,USD,-0.023094716,0.036009368,0.03891394,-0.07986704
2015-09-30,USD,-0.017641185,0.030422077,0.039814837,-0.07117668
2015-10-30,USD,-0.019022953,0.034323927,0.03515173,-0.074201144
2015-11-30,USD,-0.017169423,0.04024649,0.027725196,-0.07754519
2015-12-31,USD,-0.016649274,0.04821218,0.021274798,-0.084546186
2016-01-29,USD,-0.010621675,0.035652447,0.027039865,-0.06870785
2016-02-29,USD,-0.0051203435,0.035292134,0.02227812,-0.06396428
2016-03-31,USD,-0.0062825102,0.035735685,0.023296481,-0.06548314
2016-04-29,USD,-0.00738438,0.03863983,0.02184283,-0.06899644
2016-05-31,USD,-0.006793924,0.043061543,0.014754499,-0.070796914
2016-06-30,USD,-0.003411006,0.03142099,0.019078907,-0.056184154
2016-07-29,USD,-0.0018018769,0.03780341,0.008944349,-0.058482807
2016-08-31,USD,-0.0032940928,0.04524871,-0.0010444754,-0.06308719
2016-09-30,USD,-0.0023887097,0.043645103,0.003506965,-0.063379556
2016-10-31,USD,-0.004894545,0.046514794,0.008021948,-0.07072013
2016-11-30,USD,-0.014342793,0.05656348,0.009248926,-0.0878141
2016-12-30,USD,-0.016095348,0.06198145,0.0053479634,-0.09350155
2017-01-31,USD,-0.014782346,0.06371289,0.005150074,-0.095440604
2017-02-28,USD,-0.013430478,0.068489395,-0.00085998356,-0.09810682
2017-03-31,USD,-0.012911565,0.069202945,-0.0010014132,-0.0988255
2017-04-28,USD,-0.009984991,0.067623936,-0.0025256295,-0.09488599
2017-05-31,USD,-0.008161589,0.06517951,-0.002244275,-0.09117
2017-06-30,USD,-0.00889734,0.069951504,-0.004322575,-0.09670234
2017-07-31,USD,-0.007257181,0.06917091,-0.0026751503,-0.09620758
2017-08-31,USD,-0.0041291574,0.06667899,-0.0048043956,-0.09063427
2017-09-29,USD,-0.0074199536,0.074818775,-0.010396727,-0.09951753
2017-10-31,USD,-0.0073336978,0.07821766,-0.012619279,-0.10285536
2017-11-30,USD,-0.006559396,0.0847227,-0.019959224,-0.10725639
2017-12-29,USD,-0.005149229,0.08938489,-0.027085092,-0.1090051
2018-01-31,USD,-0.008996042,0.10041017,-0.03199184,-0.12229435
2018-02-28,USD,-0.0073962873,0.10952571,-0.038146004,-0.13072093
2018-03-30,USD,-0.0038139524,0.11227502,-0.04454821,-0.12963656
2018-04-30,USD,-0.0055917324,0.11925983,-0.047072854,-0.13829403
2018-05-31,USD,-0.004392295,0.117222026,-0.046678588,-0.13531509
2018-06-29,USD,-0.0038640467,0.12110237,-0.05160433,-0.13764952
2018-07-31,USD,-0.0039395313,0.12459022,-0.052644078,-0.14196153
2018-08-31,USD,-0.0018926285,0.12249844,-0.052205086,-0.13874014
2018-09-28,USD,-0.0035071953,0.12927762,-0.055163622,-0.14682545
2018-10-31,USD,-0.0016383636,0.1331756,-0.05485494,-0.15187578
2018-11-30,USD,0.002557464,0.13009033,-0.05459628,-0.14642967
2018-12-31,USD,0.007992875,0.119034216,-0.048803482,-0.13277732
2019-01-31,USD,0.0074844453,0.11654919,-0.047441103,-0.13034385
2019-02-28,USD,0.0060082213,0.1162971,-0.04476545,-0.13207722
2019-03-29,USD,0.009852344,0.10786779,-0.043322966,-0.12006024
2019-04-30,USD,0.008768661,0.107661955,-0.039820608,-0.122207515
2019-05-31,USD,0.011030646,0.09208528,-0.032843776,-0.10392449
2019-06-28,USD,0.009417809,0.08337944,-0.02577313,-0.0967554
2019-07-31,USD,0.010608567,0.08737166,-0.032278717,-0.09818023
2019-08-30,USD,0.0141410455,0.071166866,-0.031755723,-0.07497555
2019-09-30,USD,0.010666163,0.0751941,-0.032181118,-0.08138507
2019-10-31,USD,0.0078062993,0.07069187,-0.025163617,-0.08027426
2019-11-29,USD,0.0066260095,0.07364591,-0.026072634,-0.084118694
2019-12-31,USD,0.004018216,0.07648763,-0.023184245,-0.09054248
2020-01-31,USD,0.008301559,0.06345853,-0.02011518,-0.07310376
2020-02-28,USD,0.005977691,0.04631595,-0.0116239665,-0.055057053
2020-03-31,USD,0.004584827,0.024895452,0.0006005562,-0.033075757
2020-04-30,USD,0.0001139774,0.015033635,0.009378878,-0.026245091
2020-05-29,USD,0.00010491489,0.0115752,0.016513007,-0.025863934
2020-06-30,USD,2.2227883e-05,0.010278178,0.017662253,-0.024779355
2020-07-31,USD,0.0003377393,0.008071569,0.01545009,-0.020328928
2020-08-31,USD,-0.00011376207,0.009343749,0.023749571,-0.027375806
2020-09-30,USD,-0.0004559394,0.009054141,0.024494033,-0.027560297
2020-10-30,USD,-0.003322018,0.009657375,0.0297094,-0.03228539
2020-11-30,USD,-0.0025728487,0.0095707895,0.028144894,-0.031000394
2020-12-31,USD,-0.002955127,0.008272732,0.03427516,-0.03297741
2021-01-29,USD,-0.005878835,0.00817996,0.04048736,-0.03720294
2021-02-26,USD,-0.013809033,0.011572189,0.045403656,-0.046589963
2021-03-31,USD,-0.018734705,0.014461827,0.05176863,-0.05558713
2021-04-30,USD,-0.01610918,0.013409536,0.0481547,-0.051406275
2021-05-31,USD,-0.016020177,0.010882419,0.049461015,-0.048733532
2021-06-30,USD,-0.017089786,0.014713672,0.036627635,-0.0467882
2021-07-30,USD,-0.013009668,0.011439445,0.03681626,-0.041441523
2021-08-31,USD,-0.015378334,0.012995312,0.03519967,-0.043203555
2021-09-30,USD,-0.019767415,0.01613718,0.034977965,-0.048564445
2021-10-29,USD,-0.021139972,0.026299255,0.019165417,-0.054032136
2021-11-30,USD,-0.020644715,0.03028956,0.01148623,-0.054919463
2021-12-31,USD,-0.018391693,0.03600246,0.007884579,-0.060131483
2022-01-31,USD,-0.017479228,0.05214141,-0.0048889983,-0.074616484
2022-02-28,USD,-0.014641384,0.062853955,-0.016682053,-0.08176302
2022-03-31,USD,-0.012252892,0.10151219,-0.053351283,-0.112963386
2022-04-29,USD,-0.011348895,0.12592888,-0.062497225,-0.14023009
2022-05-31,USD,-0.0047085686,0.12267091,-0.05470215,-0.13812947
2022-06-30,USD,0.0061525037,0.14429462,-0.072096735,-0.15374014
2022-07-29,USD,0.01800348,0.14097764,-0.07364533,-0.14505906
2022-08-31,USD,0.012624875,0.16997193,-0.09963067,-0.17094098
2022-09-30,USD,0.010095871,0.20116758,-0.124574505,-0.1993434
2022-10-31,USD,0.019769274,0.21749733,-0.13099128,-0.21529499
2022-11-30,USD,0.033731412,0.20983712,-0.13204317,-0.20012072
2022-12-30,USD,0.027421707,0.21347521,-0.13090822,-0.20743676
2023-01-31,USD,0.03505406,0.20566009,-0.12829483,-0.1960238
2023-02-28,USD,0.03210965,0.23199193,-0.1521101,-0.21936688
2023-03-31,USD,0.034752823,0.20280707,-0.12500657,-0.19370663
2023-04-28,USD,0.038119175,0.20243883,-0.12224134,-0.19374433
2023-05-31,USD,0.03868754,0.21524984,-0.13098225,-0.20611024
2023-06-30,USD,0.036646873,0.2332751,-0.15347776,-0.2186292
